Key,Type,Desc,Ru
Worldmap/#Abedju,Text,,Абджу
Worldmap/#Abu,Text,,Абу
Worldmap/#Baki,Text,,Баки
Worldmap/#Behdet,Text,,Бехдет
Worldmap/#Djedu,Text,,Джеду
Worldmap/#Heh,Text,,Хех
Worldmap/#Henen-nesw,Text,,Хенен-несут
Worldmap/#Hetepsenusret,Text,,Хотеп-Сенусерт
Worldmap/#Iken,Text,,Икен
Worldmap/#Iunet,Text,,Иунет
Worldmap/#Kebet,Text,,Кебет
Worldmap/#Khmun,Text,,Шмун
Worldmap/#Men-nefer,Text,,Мен-нефер
Worldmap/#MenatKhufu,Text,,Менат-Хуфу
Worldmap/#Migdol,Text,,Мигдол
Worldmap/#Nekhen,Text,,Нехен
Worldmap/#Nubt,Text,,Нубет
Worldmap/#On,Text,,Он
Worldmap/#Perwadjyt,Text,,Пер-Уаджит
Worldmap/#Pwenet,Text,,Пунт
Worldmap/#Rostja,Text,,Ростау
Worldmap/#Rowarty,Text,,Роварти
Worldmap/#Sauty,Text,,Асьют
Worldmap/#Sawu,Text,,Саву
Worldmap/#Shaat,Text,,Шаат
Worldmap/#Waset,Text,,Уасет
Missions/#200_name,Text,,Нубет
Missions/#202_name,Text,,Пер-Уаджит
Missions/#203_name,Text,,Нехен
Missions/#204_name,Text,,Мен-нефер
Missions/#206_name,Text,,Бехдет
Missions/#207_name,Text,,Абджу
Missions/#209_name,Text,,Абу
Missions/#216_name,Text,,Иунет
Missions/#217_name,Text,,Он
Missions/#218_name,Text,,Ростау
Missions/#220_name,Text,,Джеду
Missions/#224_name,Text,,Уасет
Missions/#225_name,Text,,Кебет
Missions/#226_name,Text,,Менат-Хуфу
Missions/#228_name,Text,,Икен
Missions/#229_name,Text,,Саву
Missions/#230_name,Text,,Хех
Missions/#232_name,Text,,Шмун
Missions/#233_name,Text,,Асьют
Missions/#235_name,Text,,Баки
Missions/#236_name,Text,,Роварти
Missions/#237_name,Text,,Хотеп-Сенусерт
Missions/#C46_name,Text,,Мигдол
Missions/#C46_tagline_mission_screen,Text,,Оборона Мигдола
Missions/#200_mission,Text,,"Добро пожаловать в Древний Египет, страну фараонов! Вы примете участие в истории величайшей цивилизации, просуществовавшей на протяжении пятнадцати столетий и двух десятков поколений. Вы проведёте свою династию вперёд, поколение за поколением, от зарождения египетской цивилизации — к становлению уникальной и могущественной империи и даже дальше.

Наша история начинается более пяти тысяч лет назад, на берегах Нила, в местечке под названием Нубет. Здесь небольшая группа племён в суровых условиях ведёт борьбу за существование. Ваш род во главе с вами управляет этим небольшим поселением."
Missions/#202_mission,Text,,"Тинитская знать всё ещё пытается объединить земли в долине Нила под властью одного правителя. Чтобы помочь им, установите процветающее поселение в Пер-Уаджите в плодородной дельте Нижнего Египта, распространив таким образом своё влияние по всей священной реке. Чтобы поддерживать население большого города, вам придётся научиться земледелию. Египетские земледельцы начали обрабатывать плодородную почву, богато удобряемую ежегодными разливами Нила.

Однако порой Нил может быть опасен. В водах реки таится множество угроз, включая смертельно опасных крокодилов и бегемотов, а вездесущие комары разносят малярию."
Missions/#203_mission,Text,,"В долине Нила, жители которой всё ещё продолжают осваивают суровый регион, к власти пришёл правитель Нармер. Хотя он владеет большей частью здешних земель, до объединения двух Царств ещё далеко. В ознаменование своего восхождения на трон Нармер повелел вашей династии основать новый город Нехен. В городе нужно воздвигнуть храмы богами Египта и выделить места для развлечений."
Missions/#204_mission,Text,,"После длительной борьбы царь Хор Аха добился объединения Верхнего и Нижнего Египта и провозгласил себя фараоном всего Египта! Чтобы продемонстрировать незыблемость своей власти и ознаменовать появление первой правящей династии Египта, Хор Аха повелел основать великолепную столицу Мен-нефер, откуда он будет править зарождающейся нацией.

Поскольку ваша династия на протяжении многих поколений верно служила этим землям, архитектором этого великолепного города фараон назначил именно вас. Столица является символом Царства, а потому её жителям необходимо обеспечить доселе невиданный уровень жизни. Для этого вам понадобится установить торговые пути к другим городам и обеспечить высокий уровень образования хотя бы для части населения. Кроме того, вы должны построить священную мастабу — усыпальницу для городской знати."
Missions/#206_mission,Text,,"По всем известным землям гремит слава непобедимой армии Египта, однако новый фараон Хасехемуи из второй династии требует большего — создать могущественный флот в Бехдете. Чтобы завоевать господство на море, понадобится целая армада военных кораблей, однако в нашем климате местных источников необходимой для их постройки древесины очень мало. В Библе, ливанском городе на северо-востоке, можно закупить за большие деньги великолепную кедровую древесину. К счастью, экспорт производимого нами папируса сможет компенсировать такие затраты."
Missions/#207_mission,Text,,"Абджу, место упокоения наших предков, с годами превратился в некрополь из священных гробниц. Здесь желают обрести покой самые могущественные люди Царства. В знак их уважения новый фараон Хасехемуи из второй династии приказал воздвигнуть три священные мастабы (одна из которых должны быть крупнее других). Также фараон повелел основать могущественный флот в Бехтеде. Чтобы защитить наши берега, Абджу также должен разместить у себя несколько военных кораблей.

Однако сделать это будет непросто: в нашем климате местных источников необходимой для их постройки древесины очень мало. В Библе, ливанском городе на северо-востоке, можно закупить за большие деньги великолепную кедровую древесину. К счастью, экспорт производимого нами папируса сможет компенсировать такие затраты."
Missions/#209_mission,Text,,"Был провозглашён новый фараон Небка, возвестивший о начале третьей династии египетских правителей. Небка реформировал власть в Египте, поделив землю на провинции или «номы». Каждым номом теперь руководит местный правитель, называемый «номархом». Хотя эта система может показаться несовершенной, но под руководством Небки Египет растёт и процветает, развиваются искусство и архитектура. Фараон желает расширить границы наших владений дальше на юг, в Нубию. Он повелел основать город на первом пороге Нила, на острове Абу, чтобы получить доступ к местным залежам самоцветов, гранита и песчаника.

Эти материалы требуются для создания ещё более изысканных усыпальниц египетской знати в растущем некрополе Абджу. Столице Мен-нефер также могут понадобиться поставки кирпичей для строительства гробниц, так что ожидайте от фараона запросы на эти и другие строительные материалы. Кроме того, фараон Небка приказал вашему родственнику основать форпост в оазисе Селима, чтобы предоставить защиту караванным путям вглубь Африки. Как только он будет установлен, вы можете рассчитывать на приобретение в Селиме чёрного дерево, чрезвычайно важного и дорогого товара."
Missions/#210_mission,Text,,"Восхождение на трон фараона Джосера знаменует начало новой эпохи достижений в области мудрости, знаний и искусства. В Саккаре решено основать царский некрополь, где обретут вечный покой знатные люди из ближайшего окружения, например Хесира и Хабаусокар. Но здесь также будет возведён монумент, какого мир ещё не видал прежде.

Я, придворный визирь Имхотеп, придумал для фараона усыпальницу новой формы. В отличие от невысоких кирпичных мастаб предыдущих фараонов, эта гробница должна возвышаться к небесам, будто собранная из нескольких мастаб, водружённых друг на друга. Кроме того, эту «ступенчатую пирамиду» следует целиком построить из камня, дабы она простояла веками. Глубоко внутри будет установлен саркофаг из цельного гранита, который будет вечно хранить тело фараона.

Жрецы некрополя Абджу в совершенстве овладели мастерством бальзамирования мёртвых с помощью ткани и открыли дверь к вечной жизни всем египтянам. Наш торговый форпост в оазисе Селима по-прежнему процветает, там вы можете закупать чёрное дерево из Африки. Фараон выделил вам для строительства значительную сумму. Не подведите его."
Missions/#212_mission,Text,,"Фараон Хуни, подобно Джосеру, желает провести вечность в ступенчатой пирамиде. Также он пожелал, чтобы его окружали усыпальницы его ближайших сподвижников. Местом для строительства царского некрополя был выбран Медум в Нижнем Египте. Ваша династия верно служила фараонам на протяжении многих поколений, и в знак благодарности Хуни дозволяет вам воздвигнуть в Медуме собственную гробницу. Это большая честь для вашего рода.

Дабы навеки сохранить мудрость и знания Египта, фараон Хуни повелел построить царские библиотеки. Когда полки заполнятся папирусными свитками, высшие слои общества получат доступ к новому уровню образования. Фараон отправил одного из верных поданных в поход к селению Серабит-Хадим, в суровых землях Синая, чтобы наладить добычу бирюзы. Если поход завершится успехом, то вы сможете закупать там самоцветы. Из них ювелиры могут создать украшения — ценный предмет роскоши для ваших горожан. Тем временем некогда процветавший Бехдет переживает не лучшие времена и больше не экспортирует товары, которым ранее славился."
Missions/#213_mission,Text,,"Наш новый фараон Снофру намерен сделать всё, чтобы четвёртая династия запомнилась как самая величайшая в Египте. Фараон желает расширить наши границы дальше на юг. Он приказал вторгнуться в Нубию и основать крепость Бухен у второго порога Нила. Там же нужно воздвигнуть гранитный обелиск, который вечно будет гласить о том, что эти земли отныне принадлежат Египту и фараону. Так далеко на юге гранита не найти, поэтому его придётся ввозить из Абу.

В Бухене вы столкнётесь со свирепыми и опытными нубийскими воинами, готовым биться насмерть, лишь бы не пустить вас на юг. Но не отчаивайтесь, после усердных тренировок в военной школе ваши воины смогут набраться опыта. Кроме того, военные инженеры улучшили конструкции оборонительных сооружений — башен, стен и ворот. Они будут незаменимым средством защиты против нубийской армии. При необходимости можно перевозить воинов по воде на транспортных кораблях.

На севере Египет установил отношения с Энгоми на Кипре. Остров получил своё название благодаря богатым залежам меди, которую мы теперь можем закупать. Однако, благодаря недавно основанному добывающему поселению Серабит-Хадим в землях Синая мы сможем позволить себе медь по гораздо низким ценам. Поставки из Серабит-Хадим нерегулярны из-за непрекращающихся набегов бедуинов и ханаанеев на поселение, и неизвестно, сколько ещё сможет продержаться египетский гарнизон. В Дашуре идёт строительство уникального и величественного монумента — усыпальницы фараона. Время от времени фараон может присылать запросы на поставку известняка для завершения постройки."
Missions/#216_mission,Text,,"На трон взошёл фараон Хуфу, и, как предсказывали оракулы Гора и Ра, наши люди сразу же почувствовали тяжкий гнёт его правления. Хуфу приказал немедленно отправить царского наместника Иунет для защиты наших земель от кушитских захватчиков. В Иунете можно наладить небольшой рыбный промысел, который на первых порах сможет прокормить поселение. Однако, если кушиты нападут со стороны воды, река станет небезопасной для рыбацких лодок, поэтому лучше укрепить защиту берегов боевыми кораблями. Если продовольствия станет не хватать, можно выращивать скот на мясо, хотя для этого может потребуется много соломы, а там её выращивать непросто.

Попробуйте договориться с другими городами на поставки соломы, она вам всё равно понадобится для производства кирпича, который пойдёт на строительство вашей мастабы. Город Библ в Ливане, стране кедра, начал вести торговлю с могущественными восточными империями — Ассирией и Уром, расположенными в долине двух великих рек, что зовётся Месопотамией. Через Библ у них можно закупать слоновую кость. Если в Иунете появится столь экзотичный предмет роскоши, город непременно ждёт процветание. В столице набрала популярность новая игра под названием «сенет». В эту игру обычно играют за кружкой пива в особом заведении, называемом «домом сенета». Подобные увеселительные заведения помогут жителям Иунета отвлечься от тяжких дум, навеянных жестоким правлением Хуфу.

Фараон повелел построить бесчисленное множество карьеров в Оне в дельте Нила для добычи превосходного белого известняка. Лишь богам известно, для чего фараону может понадобиться столько камня. Говорят, что он планирует начать колоссальную стройку на плато Ростау, дабы затмить славу своего отца, мудрого и справедливого Снофру, воздвигшего две прекрасные пирамиды."
Missions/#217_mission,Text,,"На трон взошёл фараон Хуфу, и, как предсказывали оракулы Гора и Ра, наши люди сразу же почувствовали тяжкий гнёт его правления. Говорят, что он планирует начать колоссальную стройку на плато Ростау, дабы затмить славу своего отца, мудрого и справедливого Снофру, воздвигшего две прекрасные пирамиды. Фараон Хуфу приказал построить несколько карьеров в Туре в дельте Нила, где недавно были обнаружены залежи прекрасного белого известняка. Также вы должны построить три мастабы для местной знати. Тем самым фараон отблагодарит их за преданность.

Добывающее поселение, которое вы построите, будет называться Оном и служить богатым источником белого известняка на многие годы вперёд... и лишь богам известно, для чего фараону может понадобиться столько камня. Город Библ в Ливане, стране кедра, начал вести торговлю с могущественными восточными империями — Ассирией и Уром, расположенными в долине двух великих рек, что зовётся Месопотамией. Через Библ у них можно закупать слоновую кость.

Если в Оне появится столь экзотичный предмет роскоши, город непременно ждёт процветание. Хуфу приказал немедленно отправить царского наместника Иунет для защиты наших земель от кушитских захватчиков. Придворные визири сочувствуют судьбе чиновника, которому выпала столь сложная и опасная задача. В столице набрала популярность новая игра под названием «сенет». В эту игру обычно играют за кружкой пива в особом заведении, называемом «домом сенета». Подобные увеселительные заведения помогут жителям Иунета отвлечься от тяжких дум, навеянных жестоким правлением Хуфу."
Missions/#218_mission,Text,,"Фараон Хуфу наконец раскрыл свой замысел, и его непомерные амбиции лягут тяжким бременем на наш народ. Фараон произвёл вас в номархи, и это назначение станет как наградой, так и проклятием для вашего рода, ведь вам поручено возглавить самую грандиозную стройку в нашей истории. Усыпальницей фараона должен стать огромная пирамида, построенная вдали от городов, на плато Ростау. Саркофаг должен будет выполнен из цельного гранита, а погребальная лодка — из ценного ливанского кедра.

Рядом с пирамидой фараона следует построить пирамиду поменьше, для его сына Хафры, превзошедшего своего отца в жестокости, но не в свершениях. Хафра также объявил, что его лик украсит огромную скульптуру существа с телом льва и головой человека — «сфинкса», целиком высеченного из скалы в Ростау. Чтобы завершить столь грандиозную стройку, вам понадобится основать крупное поселение в Ростау. Обустраивать город необязательно, ведь ваша цель — построить три величественных сооружения в честь фараона. Вас обеспечат превосходным белым известняком для облицовки пирамид, но другие материалы для нужд города придётся закупать.

Фараон доверил вам, благороднейшему из номархов, выполнение этих священных заданий. Вы обязаны проявить абсолютную преданность фараону и выполнить его волю... любой ценой."
Missions/#219_mission,Text,,"Правлению Хуфу и Хафры пришёл конец, как и четвёртой династии египетских правителей. Однако царица Усеркаф, дальняя родственница, произвела на свет нового фараона по имени Усеркаф, так что царская линия не оборвалась. Усеркаф положил начало пятой династии, обещающей перемены к лучшему. Усеркаф ослабил центральную власть и даровал больше полномочий местным правителям. Теперь номархи вроде вас вольны заниматься собственными делами.

Фараон не собирается возводить для себя огромную гробницу, он приготовил для вас другое задание. Усеркаф объявил Ра, бога солнца и царства, верховным богом и намерен распространить его влияние повсюду. Египетскую землю уже усеяло немало храмов Солнца, однако фараон желает расширить влияние Ра до самых границ царства. С этой целью вам предстоит построить укреплённое поселение в оазисе Бахария, далеко в западной пустыне.

Экономьте воду, ведь вдали от великого Нила источников очень мало, да и те облюбовали дикие животные. Также опасайтесь нападений со стороны ливийских воинов и бедуинских кочевников, что разоряли пустынные караваны последние годы. Хорошо обдумайте свою оборону и грамотно распоряжайтесь доступными ресурсами, что дарует вам пустыня — деревом и дичью."
Missions/#220_mission,Text,,"Правлению Хуфу и Хафры пришёл конец, как и четвёртой династии египетских правителей. Однако царица Усеркаф, дальняя родственница, произвела на свет нового фараона по имени Усеркаф, так что царская линия не оборвалась. Усеркаф положил начало пятой династии, обещающей перемены к лучшему. Усеркаф ослабил центральную власть и даровал больше полномочий местным правителям. Теперь номархи вроде вас вольны заниматься собственными делами.

Фараон не собирается возводить для себя огромную гробницу, он приготовил для вас другое задание. Усеркаф объявил Ра, бога солнца и царства, верховным богом и намерен распространить его влияние повсюду. Египетскую землю уже усеяло немало храмов Солнца, однако фараон желает воздвигнуть величайший из них в Джеду во влажной дельте Нила Нижнего Египта. Как и другие города дельты, Джеду богата дичью, рыбой и плодородными землями, но полезных ископаемых мало.

Поэтому песчаник, необходимый для строительства храма Солнца придётся закупать в оазисе Дункул. Можно разводить скот для выделки мяса, хотя животным для прокорма нужно много соломы. Для строительства храма понадобится расчистить подходящий участок земли. Постарайтесь продать как можно больше ценной древесины: когда она кончится, больше её не найти. Бехдет и Абджу постоянно нуждаются в древесине и дичи, торгуйте с ними, чтобы покрыть затраты на строительство священного сооружения."
Missions/#221_mission,Text,,"Взойдя на трон, Пиопи наградил вашу семью должностью казначея, но не просто так. Центральная власть продолжает слабеть, поскольку растёт влияние местных правителей. В некоторых областях страны урожаи были гораздо хуже обычного, и над Египтом нависла угроза голода. Мен-нефер, когда-то великолепный и богатый город, приходит в упадок.

Провидцы предсказывают тяжёлые времена. Набравшие силу соседи решили воспользоваться растущей слабостью Египта. Форпост в Бухене осаждён кушитскими воинами, прибывшими из Кермы — крупнейшего африканского города за пределами Египта. Куш требует дань, и малейшая провокация может привести к сокрушительному нападению. Нубия также собирает войска с целью отвоевать потерянные земли.

Существование Египта зависит от внешней торговли, и вы должны во что бы то ни стало сохранить торговые пути. Удержите торговый пост в оазисе Селима, доставшийся нам с большим трудом. Готовясь к загробной жизни, Пиопи будет часто требовать у вас камень для строительства пирамиды, а другие города, испытывая недостаток пищи, будут просить поставки провизии. Используйте доступные ресурсы с умом. Вокруг оазиса растёт много ценных деревьев, но часть леса придётся вырубить, чтобы получить доступ к источнику воды."
Missions/#222_mission,Text,,"Взойдя на трон, Пиопи наградил вашу семью должностью казначея, но не просто так. Центральная власть продолжает слабеть, поскольку растёт влияние местных правителей. В некоторых областях страны урожаи были гораздо хуже обычного, и над Египтом нависла угроза голода. Мен-нефер, когда-то великолепный и богатый город, приходит в упадок.

Провидцы предсказывают тяжёлые времена. Набравшие силу соседи решили воспользоваться растущей слабостью Египта. Форпост в Бухене осаждён кушитскими воинами, прибывшими из Кермы — крупнейшего африканского города за пределами Египта. Куш требует дань, и малейшая провокация может привести к сокрушительному нападению. Нубия также собирает войска с целью отвоевать потерянные земли.

Чтобы обеспечить безопасность Египта, постройте административный центр в оазисе Дахла. Там растёт много деревьев, но, к сожалению, часть их преграждает доступ к драгоценному источнику воды. Это очень важное поселение, тут вы можете закупать чёрное дерево, привозимое из Африки. Готовясь к загробной жизни, Пиопи будет часто требовать у вас кирпичи для строительства своего монумента, а другие города, испытывая недостаток пищи, будут просить поставки провизии."
Missions/#223_mission,Text,,"Прежним временам пришёл конец, и многие боятся, что Египет никогда не вернёт былое величие. Осирис отвернулся от своего народа, и череда скудных разливов привела к всеобщему голоду. Некогда незыблемая власть фараонов исчезла, уступив место ссорящимися между собой правителям провинций. Посреди этого хаоса возвысились два знатных рода, пытающихся подчинить себе верховную власть.

Правители Хенен-несута заявляют, что трон по праву принадлежит им. Эти люди особенно жестоки и мало помогают голодающим. В Уасете к власти пришёл новый род Иниотефов, объединивший под своим началом весь юг. Хенен-несут развязал против Уасета кровавую гражданскую войну за власть над всем Египтом. В знак радушия к египтянам Иниотефы поручили вам заново отстроить недавно отвоёванный город Тинис, старейший город Египта. После завоевания в городе уцелели две прекраснейшие и древнейшие постройки — храмовый комплекс Осириса и особняк. Иниотефы объявили, что в случае разрушения этих зданий деньги на восстановление они не дадут. Для правителей Уасета первостепенная задача — восстановить город. Для этой цели даже в наше непростое время они сумели собрать немалую сумму.

Верните городу прежний блеск, постройте флот и соберите сильную армию, чтобы защититься от постоянных набегов лояльных Хенен-несуту городов Асьют, Нехен и Шмун. Опасайтесь правителей Хенен-несута: они могут потребовать с вас дань, чтобы выяснить, насколько крепка ваши верность и казна. Также остерегайтесь коварных нубийцев, желающих поживиться, пока Египет раздирают распри."
Missions/#224_mission,Text,,"Прежним временам пришёл конец, и многие боятся, что Египет никогда не вернёт былое величие. Осирис отвернулся от своего народа, и череда скудных разливов привела к всеобщему голоду. Некогда незыблемая власть фараонов исчезла, уступив место ссорящимися между собой правителям провинций. Посреди этого хаоса возвысились два знатных рода, пытающихся подчинить себе верховную власть.

Правители Хенен-несута заявляют, что трон по праву принадлежит им. Эти люди особенно жестоки и мало помогают голодающим. В Уасете к власти пришёл новый род Иниотефов, объединивший под своим началом весь юг. Хенен-несут развязал против Уасета кровавую гражданскую войну за власть над всем Египтом. Иниотефы, занятые борьбой со правителями Хенен-несута, доверили вам развить их родной Уасет.

Чтобы Иниотефы смогли одержать верх и укрепить своё влияние в Египте, Уасет должен стать опорой для других городов, снабжая их товарами и предоставляя войска для защиты. В случае победы Иниотефов Уасет может стать столицей, поэтому должен быть процветающим городом. Используя ограниченные ресурсы, постройте храм Солнца и пирамиду, дабы продемонстрировать египтянами величие Иниотефов. Уасет может быть подвержен атакам. Хенен-несут и его союзники могут время от времени угрожать городу и вымогать у вас дебены. Создайте мощную армию и флот, чтобы защитить город и помочь другим городам."
Missions/#225_mission,Text,,"Успехи вашего рода во время гражданской войны будут вознаграждены. Я, фараон Ментухотеп, дарую вашему роду титул визиря. Никому в Египте я не доверяю больше, чем вам. Верхний и Нижний Египет воссоединились, столица Уасет процветает, и теперь вы должны помочь мне укрепить власть по всему Царству. Даже после воссоединения Египет раздирают внутренние склоки, особенно там, где прежде поддерживали правителей Хенен-несута. Чтобы укрепить новый союз, я хочу, чтобы вы восстановили и защитили Кебет.

Кебет должен стать великим городом, который покажет египтянам, что принесёт моё правление. Город постоянно подвергается атакам со стороны городов, оставшихся верными Хенен-несуту, особенно Шмуна, поэтому вам следует укрепить его границы. Страну всё ещё одолевает голод, так что другие города будут часто обращаться к вам за помощью. Отвечайте страждущим как можно быстрее, чтобы весь Египет знал о моём великодушии и преданности моего верного визиря.

Я знаю, что прошу от вас слишком многого, однако никому другому не под силу справиться с этой сложной задачей."
Missions/#226_mission,Text,,"Успехи вашего рода во время гражданской войны будут вознаграждены. Я, фараон Ментухотеп, дарую вашему роду титул визиря. Никому в Египте я не доверяю больше, чем вам. Верхний и Нижний Египет воссоединились, столица Уасет процветает, и теперь вы должны помочь мне укрепить власть по всему Царству. Даже после воссоединения Египет раздирают внутренние склоки, особенно там, где прежде поддерживали правителей Хенен-несута. Чтобы укрепить объединённую страну, я хочу, чтобы вы восстановили и защитили Менат-Хуфу, который был практически уничтожен во время гражданской войны.

Он должен стать великим городом, который покажет египтянам, что принесёт моё правление. Страну всё ещё одолевает голод, так что другие города будут часто обращаться к вам за помощью. Отвечайте страждущим как можно быстрее, чтобы весь Египет знал о моём великодушии и преданности моего верного визиря. У меня есть ещё одна просьба: я хочу, чтобы вы возвели гранитные обелиски, которые прославят все мои прижизненные деяния ради нашей страны.

Я знаю, что прошу от вас слишком многого, однако никому другому не под силу справиться с этой сложной задачей."
Missions/#227_mission,Text,,"О великий фараон, любимец Ра, счастливейший из живущих. Ваше невероятное восхождение на египетский престол — поистине предел мечтаний! Более щедрой награды не придумают ни боги, ни люди. Приход вашей династии откроет новую веху в истории Египта и оставит ужасы гражданской войны в прошлом. В ознаменование нового начала вам следует основать новую столицу.

Богатый природными ресурсами Иттауи подойдёт для этого лучше всех. Пользуясь дарами земли, вы можете создать великолепный город, достойный славы и решимости вашей династии. Дабы память о свершениях вашего рода сохранилась в веках, постройте две прекрасные кирпичные пирамиды для себя и своей семьи, а также грозного сфинкса, что будет сторожить вашу усыпальницу. Столь прославленный род достоин этого. Но помните, что кое-кто в стране сомневается в законности вашего правления. Многие ещё помнят годы страшного голода и ропщут, что вы захватили трон.

Избавьте людей от страданий и помогите отстроить их дома, и тогда непременно завоюете их преданность. Обеспечьте своих новых подданных как можно лучше, чтобы впредь эти несчастные люди не обращались против вас."
Missions/#228_mission,Text,,"Теперь, когда Египет един под вашейТеперь, когда Египет объединен под вашей властью, я, ваш верный визирь, советую раздвинуть границы государства на юг, в Нубию. Сухое русло реки Аллаки богато золотыми жилами, а могущественный город Икен под вашим руководством непременно усмирит пыл воинственных нубийцев. Однако вам стоит остерегаться кушитов. Эти враги намного опаснее нубийцев и готовы пустить в ход мечи, чтобы вы, о великий, оставили их государство в покое.

В Нубии должны запомнить вас надолго, так что вам следует воздвигнуть большой обелиск в честь великих свершений Египта. Обелиск послужит нубийцам красноречивым доказательством нашего могущества и будет напоминать о нашем присутствии. Хотя ваше внимание сосредоточено на Икене, не забудьте, что мы хотели основать богатый портовый город на Красном море в Саву. Ему потребуется ваша помощь, не сомневайтесь. Если Саву будет процветать, Икен получит доступ к драгоценной меди, из которой мы куем оружие."
Missions/#229_mission,Text,,"О владыка Двух земель, теперь, когда Египет един под вашей властью, мы должны развивать торговые отношения с городами по всему миру. Ваш народ богатеет, и потребности его растут. Люди устали от украшений, самого заурядного предмета роскоши, и хотят более дорогих и редких товаров, таких как благовония. Ваши придворные и я, верный визирь, советуем вам основать порт Саву на берегу Красного моря. Оттуда есть торговый путь в далёкий Пунт, где продают лучшие в мире благовония, хоть и баснословной цене.

Кроме небольших запасов золота и меди, Саву не может похвастаться источниками сырья, но зато может стать ремесленным центром. Закупая сырьё в других городах и продавая готовые изделия, Саву вскоре начнёт приносить хорошую прибыль. Пока вы заняты в Саву, один из ваших доблестных номархов развивает новый центр торговли в Нубии. Очень вероятно, что его город Икен будет часто подвергаться нападениям, поэтому вам, о великий фараон, придётся время от времени ему помогать.

Под вашим руководством Саву станет прекраснейшим городом в Царстве, достойным последнего пристанища для вас и вашей семьи. Развивая процветающий порт, не забывайте о приготовлениях к загробной жизни. Мавзолей и небольшая кирпичная пирамида обеспечат вам и вашей семье пышные покои, когда вы отправитесь на поля Иалу."
Missions/#230_mission,Text,,"Досточтимый фараон, все ваши достижения в большой опасности! Нубийские корабли, следуя вдоль Нила, добрались до самого сердца Египта. Они разоряют наши деревни и города и грабят торговые корабли. Подготовьте корабли и воинов, дабы с помощью них помочь северным городам сокрушить врага. Чтобы помешать нубийцам заплывать так глубоко в наши воды, ваши военные советники предлагают построить несколько крепостей в районе Хеха между вторым и третьим порогом Нила. Они станут плотиной, которая удержит нубийцев на юге.

Захватив богатый Баки, мы подорвём нубийскую экономику и прекратим набеги врага. Как только вы отобьёте у нубийцев Баки, то сможете закупать там песчаник для своего мавзолея в Хехе. Он станет напоминанием о вашем превосходстве над непокорными нубийцами. Перед вами стоит много задач по защите Египта. Но будьте осторожны, о воплощение Гора, берегитесь также бури, что поднимается на востоке. По всему Ханаану слышен стук копыт: это стремительные колесницы сметают всё на своём пути. Этими невиданными прежде орудиями правят воины-гиксосы.

Тучи сгущаются у Египта, и вам нужно как следует подготовиться к надвигающейся беде."
Missions/#232_mission,Text,,"О всемогущий фараон, Египет взывает к вашей помощи. Кровожадные гиксосы вторглись в наши земли и основали собственную столицу в Роварти. Оттуда они разорили много торговых путей, перекрыв нам доступ к важным товарам. Мы должны остановить их вторжение, пока ещё не поздно. С вашего позволения, о великий фараон, мы должны вернуть город Шмун, осквернённый подлыми захватчиками. Также нам необходимо создать сильную армию и флот, поскольку нашим соотечественникам на севере понадобятся подкрепление и поставки оружия, особенно в Роварти, чтобы дать отпор вторжению гиксосов.

Они ждут помощи от вас, о Сын Ра. Но теперь у нас появилось новое оружие. Мудрые военачальники освоили смертоносные колесницы, и теперь мы угостим наших врагов их же оружием. После победы над гиксосами наши военные советники рекомендуют построить крепость в синайском Шарухене, дабы оградить страну от дальнейших набегов с востока. Увы, если бы угроза исходила только с севера! Согласно донесениям с южных границ, нубийцы снова воспользовались уязвимым положением Египта. Они заняли южные города Икен и Хех.

Их нужно вернуть, но в первую очередь нам следует прогнать гиксосов, а потом уже заняться проблемами с юга. Гиксосы — нечестивые захватчики! Нам стало известно, что они осквернили пирамиду в Шмуне, разграбив все погребальные принадлежности, что нужны фараону на полях Иалу. Нам придётся обеспечить поставки новых погребальных даров, чтобы захороненный фараон смог насладиться вечной жизнью."
Missions/#233_mission,Text,,"О владыка Двух земель, Египет взывает к вашей помощи. Кровожадные гиксосы вторглись в наши земли и основали собственную столицу в Роварти. Оттуда они разорили много торговых путей. Мы должны остановить их вторжение, пока ещё не поздно. Здесь, в Асьюте, нам пока не угрожает нападение, однако гиксосы посмели требовать дань. Нашим соотечественникам на севере понадобятся подкрепление и поставки оружия, чтобы дать отпор вторжению гиксосов.

Они ждут помощи от вас, о всемогущий фараон. Но теперь у нас появилось новое оружие. Мудрые военачальники освоили смертоносные колесницы, и теперь мы угостим наших врагов их же оружием. Увы, если бы угроза исходила только с севера! Согласно донесениям с южных границ, нубийцы снова воспользовались уязвимым положением Египта. Они заняли южные города Икен и Хех. Если Египет хочет выстоять в эти смутные времена, ваши полководцы должны проявить несгибаемую волю к победе на суше и на воде.

Чтобы воодушевить двух лучших военачальников, вы пообещали каждому из них построить пирамиду — столь же величественную, что и ваша. Помня о вашем обещании, они яростно сражаются с врагом. С вашего позволения, о великий фараон, следует построить три величественные пирамиды в Асьюте: одну для вас и две — для полководцев. Для них понадобится много места, так что придётся пожертвовать частью важных ресурсов. Возможно, вам придётся продолжить город на другой берег Нила, чтобы найти необходимые ресурсы."
Missions/#234_mission,Text,,"Египет преодолел недавние проблемы, обретя новые силы. Библ, край зелёных лесов и богатых залежей меди, теперь наш! Под вашим руководством город начнёт процветать, знаменуя появление Нового царства. Однако после завоевания Библа мы сделали тревожное открытие! Почти вся Азия захвачена доселе неизвестным и свирепым народом хеттов, и некоторые считают, что их империя соперничает по размеру с нашей. И теперь они обратили свой взор на Библ, привлечённые его богатствами. Если мы не подготовимся к их нападению, то город скоро окажется в руках врага.

Готовясь к столкновению с хеттами, мы должны отметить город символом нашего могущества. С вашего позволения, о великий фараон, мы воздвигнем три обелиска — два малых и один большой, которые возвестят о вашем величии и славе по всей империи. Эти возвышающиеся монументы напомнят жителям Библа, кому они теперь должны быть верны. Пока мы заняты делами в Библе, другим городам Египта всё ещё угрожает опасность. Нубийцы продвинулись на север и уже достигли первого порога, и мы должны помочь нашим соотечественникам отбросить их назад. Донесения из Роварти свидетельствую о появлении нового и доселе неизвестного врага — народов моря. Оба врага должны быть повержены во славу Египта. Продемонстрируйте свою мощь, отправляйте войска и военные корабли в случае необходимости."
Missions/#235_mission,Text,,"Изгнав гиксосов с нашей земли, наша страна готова к перерождению — Новому царству, величие которого затмит былую славу. О благороднейший фараон, Баки станет идеальным местом для появления Нового царства. Богатые залежи местного золота помогут вам создать новый облик Египта. Хотя Царство находится всего в шаге от величия, всё ещё остаётся несколько неотложных проблем. Многие города всё ещё не могут оправиться от разрушительных набегов гиксосов и нуждаются в помощи фараона. В других областях старые недруги Египта всё ещё нападают на нас, а северные берега разоряют новые враги — народы моря. Приготовьтесь защищать египетские города от наших противников, как старых, так и новых.

Влияние Египта растёт, и многие города хотят вести с нами торговлю. Некоторые из этих городов настолько знакомы с нашими обычаями и восхищаются вашим могуществом, что считают себя египтянами, тогда как другие являются для нас чужеземцами и торгуют с нами впервые. Воспользуйтесь этими отношениями во славу Египта, чтобы обеспечить своих людей всеми необходимыми товарами. В честь новой эпохи придворный архитекторы жаждут воздвигнуть для вас две пирамиды и величественный мавзолей, о фараон. Они послужат свидетельством богатства и величия, которые вы принесли Египту."
Missions/#236_mission,Text,,"О золотой Гор, наша власть над Азией сильна и неоспорима, и наши границы вновь простираются далеко в Нубию. Однако наши проблемы на северном побережье всё обостряются. Народы моря становятся всё агрессивнее, беспричинно разоряя наши города. Лишь присутствие самого фараона поможет победить этого свирепого и коварного противника. Если вы направите флот, подкреплённый сильной армией, мы обязательно победим народы моря. Пока вы боретесь с этим врагом, ваши отважные номархи ведут наступление по всему миру. Если они преуспеют, владения Египта будут простираться от великой реки Евфрат в Азии до обширного кушитского города Кермы на юге.

Благодаря вашим победам ваша династия войдёт в историю как величайшая из всех, что правили Египтом. О вашем растущем влиянии свидетельствуют новые связи с далёким городом Микенами. Узнав о величии и щедрости Египта, царь Микен пожелал вести с нами торговлю. Если вы согласитесь открыть торговый путь, о фараон, ваши жители получат доступ к экзотическим товарам, каких никогда ещё не встречали. Чтобы обеспечить пристанище в загробном мире для царского рода, необходимо воздвигнуть грандиозный мавзолей и две внушительные кирпичные пирамиды. Эти монументы станут напоминанием о ваших мирных и военных свершениях."
Missions/#237_mission,Text,,"О великодушный фараон, вы принесли нашему народу мир и процветание. Под вашим мудрым и умелым руководством Египет вновь стал сильной и величественной империей. Все номархи верно служат вам, и стране больше ничто не угрожает. Вы выполнили всё, что ваш род намеревался сделать много лет назад, и теперь пришло время увековечить достижения вашей великой династии.

Для этого необходимо в Ростау воздвигнуть величайшую пирамиду в истории Египта, которая превзойдёт размерами даже пирамиду Хуфу. Другие члены вашего благородного рода многим пожертвовали, чтобы вы смогли править Египтом. Вы должны почтить их вклад, воздвигнув мавзолей из песчаника в знак признания их непоколебимой поддержки. Лучше всего для строительства подойдёт Хотеп-Сенусерт в богатом Фаюме. Здесь, занимаясь строительством великой пирамиды, вы сможете руководить всеми государственными делами и отвечать на запросы городов."
Missions/#C39_mission,Text,,"Ужасное горе постигло нашего любимого молодого фараона Тутанхамона! Его правление, сулившее много славы, было безжалостно оборвано рукой судьбы. Рабочим Дейр-эль-Медина пора снова готовить усыпальницу для фараона. Из-за его неожиданно ранней смерти заставьте рабочих приложить все усилия.

Гробница должна быть полностью оснащена всеми необходимыми подношениями для путешествия в загробный мир и готова принять священные останки Тутанхамона!"
Missions/#C42_mission,Text,,"Земля Амурра, близ левантийского побережья, дрожит от поступи ваших могучих легионов, о благословенный фараон. Этот край богат не только драгоценными камнями, но и многочисленными распрями. Вооружённые хетты во главе с нечестивым царём Мутваталли вновь пытаются оспорить власть над этой землёй, по праву принадлежащей нам. Захваченные лазутчики говорят, что враждебные банды царя далеко на севере и пока что не представляют угрозы. Но стоит ли этому верить? Мудр тот воин, что в бою не опустит своего щита. Чтобы подавить мятежные слухи, вы, наш самый почитаемый фараон, Рамсес II, сын Ра, прибыли в город-крепость Кадеш.

На его окраинах уже стоят лагеря двух отрядов ваших грозных колесничих. Но это ещё не всё. В вашем непосредственном распоряжении также другие отряды опытных воинов — тех, кто недавно сражался у Симиры. Но будьте осторожны! Возможно, стоит поберечь эти ценные войска, пока в них не возникнет настоящая потребность, ибо мудр и тот воин, что способен призвать верных товарищей в самый разгар битвы. Как только жалкий враг будет побеждён, понадобится возродить застойную экономику Кадеша, чтобы и он смог приумножать славу Египта. Добывайте самоцветы и наймите искусных ювелиров для изготовления изысканных изделий для верных подданных фараона. На предметы роскоши столь редкой красоты будет немалый спрос!"
Missions/#C44_mission,Text,,"Прошло немало славных лет с тех пор, как наш фараон, почтеннейший Рамсес II, принял посох и цеп от своего отца Сети I. С благословением Ра его правление продлится на долгие годы. Однако, пора вгрызаться в недра скал для подготовки места вечного упокоения для нашего прославленного правителя. Он представил вашему архитектору план самой большой гробницы в истории, что превзойдёт даже гробницу своего отца. Вам предстоит проследить за выполнением этого царского распоряжения.

Но будьте осторожны! Среди свободомыслящих рабочих и рабов наблюдается некоторое недовольство, как здесь, так и в Нижнем Египте. Их возглавляет человек, некогда росший при дворе нашего фараон, и теперь грозящий воззвать к своему богу для вмешательства. Он и его люди надеются, что с божественной помощью они смогут добиться своего. Теперь даже жрецы и святые мужи спорят о правдивости этих угроз. И пока мы терпеливо ждём их мнения, стоит приготовиться ко всему неожиданному."
Missions/#C46_mission,Text,,"Со времён правления великого Шабаки, объединившего Верхний и Нижний Египет, предшественника фараона Тахарки, не утихает противостояние с воинственными ассирийцами. При жизни фараон Шабака помогла нашим братским народам в Палестине, страдавшим под жёстким гнётом Ассирии. Берегитесь! Приспешники нечестивого царя Асархаддона снова выступили в поход, намереваясь, как и всегда, захватить плодородные земли Египта. Настало время показать себя!

В качестве царского правителя Мигдола вам предстоит отразить несколько атак проклятых врагов. Ваша крепость на восточном краю дельты Нила находится на передовой линии обороны Египта.  Важно как следует обучить воинов и наладить поставки оружия — или сырья, из которого вы будете производить оружие сами. Будьте смелы! Чтобы сохранить независимость Египта, следует дать мощный отпор врагу. Если вы устоите, победа будет за нами.

Тахарка, великий фараон, второй сын Шабаки, будет следить за вашими успехами!"
Missions/#C47_mission,Text,,"В течение многих поколений египтяне страдали под гнётом безжалостной Персии. Однако ныне господство Вавилона в нашей священной земле не так сильно, как раньше. Пока проклятые угнетатели погрязли в политических распрях с Грецией, череда восстаний в Египте наконец смогла ослабить ненавистную хватку персов. Впрочем, до фараона Ахориса дошли вести, что к нашим берегам по приказу Артаксеркса II направляются корабли под командованием флотоводца Конона (греческого приспешника, купленного на персидское золото). Фараон Ахорис мудро рассудил, что нам необходим сильный флот в Ниле, чтобы остановить это вторжение.

Будучи царским наместником Таниса, вы должны построить надёжные корабли и обучить умелых воинов, дабы защитить подступы с моря и суши. Вам понадобится установить торговый путь к Энгоми на Кипре ради закупок прочной древесины. Медь можно закупать там же. Торговый путь довольно опасен, поскольку пролегает у побережья Леванта, находящегося во власти наших врагов. Снабжайте фараона всем необходимым, чтобы пополнить свои доходы. Учтите, что в такое неспокойное время средства находятся на исходе. Чтобы преуспеть, вы должны стать как бережливым торговцем, так и умелым военачальником."
Missions/#C48_mission,Text,,"Великий полководец Александр, сын Филиппа II Македонского и бич Вавилонской империи, благословил своим присутствием земли Египта. Последний персидский сатрап спешно бежал, едва заслышав о его имени. Принеся Апису в жертву быка в Мемфисе, Александр удостоился титула фараона. Возрадуйтесь, люди! Перед отправкой к оракулу Амона в оазисе Сива наш повелитель приказал основать новый город, который, как он надеется, когда-нибудь станет столицей его огромной империи.

В своей безграничной мудрости Александр назначил вас правителем будущей столицы! Он снабдил вас значительной суммой на строительство и предоставил в ваше распоряжение прославленного греческого архитектора Дейнократа. Он ожидает, что через двенадцать лет, когда он вернётся, город станет торговой, культурной и военной столицей. Наш властитель даже нашёл время, чтобы разметить две центральные улицы будущего города. Улица Канопик тянется с востока на запад. Другая улица расположена перпендикулярно и, начинаясь от мыса Лохиас, идёт на юг в сторону озера Марьют.

Как доверенному советнику данного проекта, вам следует быстро построить порт и проложить выгодные торговые пути. На ваши товары быстро найдутся покупатели, особенно на пшеницу, ячмень, папирус и ткань. Не забывайте также о культурной жизни города и позаботьтесь о защите. Ещё остались бродячие варвары, которые не преминут разграбить сокровища Египта."
Missions/#C49_mission,Text,,"Наследие Александра Великого до сих пор живёт в нашем славном городе. Пусть его останки ныне покоятся в городском мавзолее, Александрия, его великое детище, продолжает процветать. И вы, Птолемей I Сотер, продолжите дело, начатое благородным Александром. Город был основан всего тридцать лет назад, но уже стал мощным торговым центром, снабжающим провизией и предметами роскоши обширные земли вкруг.

Чтобы и впредь обеспечить процветание и безопасный проход кораблей, прибывающих в великий порт, вы должны возвести большой маяк на острове Фарос рядом со входом в залив. Путеводный свет маяка поможет мореплавателям избежать коварных отмелей и безопасно прибыть в порт. Но как бы ни была важна торговля, нельзя игнорировать культурное и интеллектуальное развитие нашего общества. Под вашим руководством Александрия сможет стать и столицей мирового знания. Постройте великую библиотеку, где будут храниться научные труды с далёких и близких земель. Словно пчёлы на мёд, именитые учёные со всего света будут стекаться к этому непревзойдённому центру просвещения.

Для постройки столь великих монументов вам потребуется закупать белый мрамор — он отлично подойдёт для столь величественных зданий. Его можно найти в Энгоми на острове Кипр. И последнее: не забывайте о своём войске. То тут, то там часто будут вспыхивать недовольства. Возможно, вам придётся посылать войска к далёким рубежам во имя интересов и чести Египта."
Missions/#C50_mission,Text,,"Грубая хватка Римской империи день ото дня становится всё сильнее и простирается всё дальше. Смертельная борьба за власть между политиками Рима достигла даже наших земель. После недавнего убийства Помпея на берегах Египта, грозными легионами Рима теперь командует Юлий Цезарь, обратившего свой взор на богатства Египта и красоту нашей царицы Клеопатры VII, дочери Птолемея XII Авлета.

Но над нашей правительницей не так-то просто взять верх в поединках интриг. Цезарь хочет использовать её для усиления влияния Рима в Египте, но и она сама планирует использовать его для сохранения власти династии в наших славных землях. Прибытие Цезаря с римскими войсками в Александрию вызвало бунт среди свободных жителей. Необузданная толпа, подстрекаемая младшим братом Клеопатры Птолемеем XIII, осадила Цезаря и его людей в правительственном квартале города. Разразилась ожесточённая уличная бойня, унёсшая жизни многих людей. Пытаясь сохранить путь к отступлению через море, Цезарь сжёг египетский флот, стоявший на якоре в гавани Александрии. К несчастью, огонь перекинулся на прибрежные склады и уничтожил много папирусных свитков, принадлежащих Великой библиотеке. Чтобы выбраться из ловушки, Цезарь призвал для своего спасения верного Митридата и его войска из Сирии.

После успешного штурма пограничной крепости Мигдол, Митридат форсировал дельту Нила и подошёл к Александрии с юго-востока. Его передовые силы в ожидании последнего броска уже обосновались на окраине небольшого селения Маритис на восточном берегу озера Марьют. Злобный Птолемей XIII узнал о подходе этого подкрепления и в ответ отправил основную часть своей многочисленной армии из Александрии на юго-восток. Решающая битва на берегу озера Марьют вот-вот начнётся. Сумеете ли вы, командуя римскими легионами Митридата, победить мятежную армию Птолемея и прорваться к Цезарю и Клеопатре в Александрии? Их судьба — в ваших руках."
Missions/#C51_mission,Text,,"Кровавая смерть Цезаря от кинжалов убийц посеяла смуту в Римской империи и ввергла вас, царицу Клеопатру VII, в пучину скорби. Нет больше возлюбленного, наставника, доверенного и могущественного союзника. Наследником был провозглашён Октавиан — юный приёмный внучатый племянник Цезаря, но фактическим лидером, к неудовольствию юного Октавиана, стал более опытный Марк Антоний, бывший консул Цезаря. Последняя воля Цезаря ожидаемо не упоминала вашего с ним сына Птолемея Цезаря, в народе прозванного Цезарионом.

Желая обеспечить безопасность себе и сыну и, как и всегда, пытаясь сохранить могущество Египта, вы покинули Рим и отправились в Александрию. Но несмотря на разделяющие вас и Рим расстояние, вы не можете избавиться от римских интриг. Влиятельные мужи по-прежнему борются за власть, и ваша поддержка и доступ к богатствам Египта будут крайне выгодны любой стороне. Для вас жизненно важно поддержать в этой борьбе того, кто станет победителем; встав на сторону проигравшего, вы обречёте Египет на крах. Противостояние между сторонами уже вылилось в открытое сражение при Филиппах, где цезариты Марка Антония нанесли сокрушительное поражение войскам Брута и Кассия. Антоний, Октавиан и Лепид теперь совместно правят империей, восточную часть вместе с Египтом забрал себе Антоний. Вскоре после битвы Антоний призвал вас к себе Тарсус в Малой Азии, дабы вы объяснились, почему так медлили с поддержкой цезаритов.

Но вы не из тех, кого можно призвать как собаку, и мудро решили не отвечать. В конце концов, кому, как не вам, знать что с римлянином лучше встречаться на своих, а не навязанных им условиях! И потому вы, царица Клеопатра, вернулись домой в Египет, в Александрию. Сейчас время приумножать величие этого великолепного города, основанного самим Александром Великим, к чьей гробнице по-прежнему приходят люди. В знаменитую Великую библиотеку Александрии по-прежнему приезжают учёные со всего света, а Фаросский маяк всё так же сияет, указывая мореходам безопасный путь в коварных водах гавани. Теперь вы можете сделать город ещё красивее, построив обширный Цезариум в честь возлюбленного и вашего юного сына. Кроме того, вам необходимо подготовить всё для перехода в иной мир, построив ещё один мавзолей. В нём вам продолжат поклоняться и после того, как вы отправитесь на поля Иалу.
Возможно, в следующий раз Марк Антоний проявит больше такта?"
Missions/#C52_mission,Text,,"О благородная Клеопатра VII, супруга Цезаря, а теперь Антония, в ваших руках покоится судьба Египта, но ваши руки отныне покоятся в ладонях римлянина Марка Антония, а он с головой погружён в борьбу за власть над Римом и его легионами. Нуждаясь не только в бесчисленных богатствах Египта, но и вашей любви и привязанности, Антоний согласился с требованием жениться на вас. К сожалению, весть об этом союзе прокатилась громким скандалом по Риму!

Вы знали, что Антоний до сих пор был женат на Октавии, сестре Октавиана, законного наследника Цезаря и соправителя Рима. Но новости о двоеженстве Антония охладили их отношения до предела. Октавиану кажется, что Антоний оскорбил не только честь его сестры и семьи, но и престиж всего Рима. Чтобы решить этот вопрос и наконец обрести всю полноту власти над Римом, Октавиан вызвал вашего возлюбленного на бой.

Антоний, в сопровождении вас и всего египетского флота, нашёл место для лагеря в греческой земле у Акциума. Там есть хороший порт, где можно будет разместить много ваших кораблей. Вы должны быстро усилить мощь войска, особенно флота. Ваша судьба, судьба Марка Антония, как и судьба Египта и Рима, вновь зависят от силы и доблести ваших воинов."
Missions/#223_victory,Text,,"Даже во времена великих потрясений под чутким руководством вашего рода Тинис вернул свою прежнюю славу. Ваши храбрые воины помогли Иниотефу одержать победу, и этот подвиг не будет забыт."
Missions/#224_victory,Text,,"Благодаря вашим стараниям, вы смогли накормить голодных и обеспечить приток подкреплений во время войны, чтобы раз и навсегда разбить врага. Ваши деяния не будут забыты."
Missions/#225_victory,Text,,"Ваш неустанный труд подарил царству новый красивый и величественный город. Вы многое сделали и для остального Египта, накормив голодных людей в час большой нужды. Ваше усердие не останется без награды."
Missions/#228_victory,Text,,"Все склоняются пред вашим величием, о великий фараон. Вы успешно завоевали северную Нубию и одновременно основали порт у Красного моря, поставляющий важные для процветания товары и медь, необходимую для изготовления оружия нашим войскам."
Missions/#229_victory,Text,,"Слава мудрому и изобретательному фараону! Новый торговый порт у Красного моря процветает, а с вашей поддержкой удалось основать равный по силе торговый форпост в Нубии."
Missions/#C41_victory,Text,,"Превосходный результат! Наш великий фараон Рамсес II не ошибался, когда решил, что именно вы возглавите торговое и военное развитие этого края. Но ветер разносит чувство тревоги! Армии хеттов вновь собираются оспорить наше законное право на эти богатые земли."
Missions/#C42_victory,Text,,Рука фараона вновь разбила ненавистных хеттов. Велика радость нашего мудрейшего и храбрейшего повелителя Рамсеса II! Ваша блестящая победа в такой тяжёлой битве точно будет увековечена в анналах истории.
Missions/#C46_victory,Text,,"Превосходно! Ваша личная храбрость и стойкость в бою вдохновила воинов на самоотверженный подвиг. Проклятые ассирийцы были с позором изгнаны с египетской земли. Известия о ваших деяниях достигли фараона, и он ими очень доволен."
Missions/#C50_victory,Text,,"Ваши могучие легионы сокрушили отребье Птолемея XIII. Его тело выловили из Нила в доказательство того, что он действительно мёртв. Осада была снята, и притязания Клеопатры на престол теперь вне сомнений. Чтобы отпраздновать победу и ещё больше укрепить отношения, Цезарь и Клеопатра отправились в путешествие вверх по Нилу на роскошной царской барже."
Missions/#CM01_mission,Text,,"Гавань Александрии ждёт вас, о фараон. Здесь мы создадим могучий город с населением 20 000 человек, способный поддерживать торговлю с остальным Средиземноморьем и одновременно служить опорой Египту. Возведите величественную пирамиду, которая станет вашей гробницей и проводником в загробный мир. Но будьте начеку: на горизонте сгущаются тучи, и незваные гости могут попытаться помешать вашим усилиям по объединению этого края…"
Missions/#CM02_mission,Text,,"Следите за часами, если вы не закончите обелиск вовремя, фараон натравит на вас свои орды. Регион богат всеми ресурсами, необходимыми для возведения монумента, и вас не будут досаждать никаким запросами на отправку товаров. Секрет процветания города лежит в тщательном планировании дорог и умелом использовании доступной земли."
Missions/#CM03_mission,Text,,"Остров Абу у первого нильского порога — идеальное место для строительства великого города, который станет нашей южной границей. Ввозите ценное эбеновое дерево из оазиса Селима — форпоста, основанного вашими предками, — чтобы продемонстрировать нубийцам несметные богатства. Здесь вам не грозят нападения, так насколько большой город вы сумеете построить?"
Missions/#CM04_mission,Text,,"Египетское царство теперь прочно стоит на ногах, однако фараон желает дальнейшей экспансии. Вы должны основать город для производства оружия, чтобы помочь армии фараона в этом начинании. В награду за это вам будет разрешено построить себе скромную пирамиду. Наладьте связь с другими городами Египта, если вам понадобится что-то, чего нет в вашей земле. Однако имейте в виду, успехи Египта не остались незамеченными со стороны менее развитых соседей, и их зависть разожгла множество стычек на границах египетских форпостов. Рекомендуется собрать собственную армию как можно скорее. Вражеские атаки будут очень частыми и исходить с любого направления!"
Missions/#CM05_mission,Text,,"Ужасы гражданской войны миновали, и теперь ваша семья пожинает плоды победы. Вы правите Египтом твёрдой рукой, и много городов склоняются перед вашей великой властью. Некоторые из этих городов поставляют вам ценную древесину, необходимую для строительства величественного комплекса пирамид в новой столице Иттауи. В знак признательности их покорности помогите им в трудный час. Другие же города весьма раздражены вашим правлением. Он, Шмун и Уасет скоро восстанут против вас. Будьте готовы усмирить их, если они взбунтуются. В Иттауи должен поддерживаться достаточно высокий уровень жизни, чтобы люди оставались в городе. Ваши целевые показатели: рейтинг культуры — 30, рейтинг благополучия — 40, рейтинг Царства — 40 и размер населения — 5000 людей. Предупреждаем: если вы не достигните этих целей в кратчайшие сроки, могут возникнуть проблемы."
Missions/#CM06_mission,Text,,"Господство Египта распространилось по всему Средиземноморью, и вы решили лично проследить за становлением Энгоми на Кипре. Энгоми станет одним из самых прекраснейших городов в империи, полным египетской роскоши. Уровень жизни должен быть достаточно высоким для появления десяти роскошных имений. Также вы должны построить три обелиска, дабы засвидетельствовать владение Египтом этих земель. Пока вы заняты строительством в Енгоми, на континенте люди недовольны вашим отсутствием. Кто-то даже заявляет, что вы забыли о своих прямых обязанностях. В то время, как вашего возвращения с нетерпением ждёт весь Египет, самозванцы начинают жадно поглядывать на пустующий трон. Выполните свои задачи в Энгоми как можно скорее, вернитесь в Египет и напомните о своей власти. Если вы пробудете там слишком долго, то потеряете всё..."
Missions/#CM07_mission,Text,,"О великий фараон, ваши армии захватили Керму! Постройте на его руинах новый город и защитите его от мародёрских атак кушитов. Земли вокруг богаты ресурсами, а сама местность располагает к хорошей обороне. Ваши планы по строительству города могут нарушить только всё возрастающие набеги кушитских воинов."
Missions/#CM08_mission,Text,,"Это место необычно и загадочно… Однако нам необходимо возвести гранитные обелиски, чтобы открыть возможности для будущих торговых связей. Из-за удалённости мы должны быть самодостаточными и не сможем торговать с Египтом."
Missions/#CM09_mission,Text,,"Пиопи II правил Египтом 90 лет. Как и старый фараон, правительство больше не в состоянии править страной. Как правитель Хенен-несута, вы имеете претензии на трон. Дабы доказать свою состоятельность, быстро постройте в Хенен-несуте образцовый город численностью в 10 тысяч человек. Обеспечьте городу множество удобств, чтобы появилось роскошное имение, а рейтинг культуры достиг 60 и рейтинг процветания — 70. Остальной Египет настороженно следит за вашими действиями. Усыпите их бдительность, выполняя все их прихоти и получив рейтинг царства 100. Увенчайте свои выдающиеся достижения постройкой трёх монументов: мавзолея, большой и малой ступенчатой пирамиды. Быстро выполните свои задачи и докажите стране, что из вас получится более достойный правитель, чем из того выскочки из Уасета. Занимаясь строительством в Хенен-несуте, вы столкнётесь с угрозой со стороны недружественных ливийцев. Вдобавок к этому, кровожадные бедуины рыскают в землях к западу от города. Остальной Египет обеспокоен вашими притязаниями на титул фараона и будет внимательно следить за вашими действиями. Если они разглядят в вас угрозу, то постараются расправиться с вами до того, как вы сможете окрепнуть."
Missions/#CM10_mission,Text,,"Дельта Нила всегда славилась пышными плодородными поймами, обширными болотами и выходом к Средиземному морю. Используйте торговые возможности соседей, поддерживайте союзников и возводите великие памятники, чтобы превратить дельту в непревзойдённую жемчужину. Здесь никто не осмелится напасть на вас, но сумеете ли вы преодолеть опасности этой земли и достичь величия?"
Missions/#CM11_mission,Text,,"Египет подвергается нападениям могущественных иноземных держав, и вам предстоит защищать его от частых атак народов, жаждущих гибели этой великой страны. Заботясь о собственном выживании, вы также должны создать город несметного богатства и процветания. Добьётесь ли вы успеха — или Египет падёт перед врагами?"
Missions/#CM12_mission,Text,,"У вас есть всё, чтобы построить город мечты. Щедро распоряжайтесь своими ресурсами, и остальной мир не сможет осыпать вас достаточным количеством даров."
Missions/#CM13_mission,Text,,"И почему фараон отправил вас в эту пустынную глушь? Легенды о ливийских богатствах оказались ложью, а благодатный берег, о котором твердили посланники фараона, — каменистой пустошью. Фараон поручил вам основать здесь процветающий порт, но только лишь боги способны вам в этом помочь. Где же та медь, из которой ковалось грозное ливийское оружие? Где легендарные плодородные поля? Что это за народы моря, грозящие вторгнуться в наши берега? Воздайте уважение богам в час нужды: постройте храмовый комплекс, дабы они заметили ваше рвение и помогли вам в трудное время."
Missions/#CM14_mission,Text,,"Египет сияет яркой звездой над землями дикарей. Любой просвещённый человек ясно видит, как благодаря божественному провидению достижения Египта затмевают все остальные. Но есть и те, что предпочитают жить грязным животным, а не достойным своего божественного статуса человеком. Воры и злодеи, несмотря на все ухищрения, безнаказанно грабят усыпальницы наших предков. Фараон не желает, чтобы его загробная жизнь была потревожена, и мудро решил построить свой монумент вдали от глаз жадных шакалов, желающих осквернить священную гробницу своей нечестивой жаждой наживы. Фараон желает, чтобы его место погребения было несколько скромнее и не привлекало внимания разбойников. Он выбрал вас для строительства мавзолея в вырезанных пещерах глубоко внутри цельной скалы. Рабочие уже завершили выемку породы под камеру подходящих размеров глубоко внутри сети пещер. Вам предстоит закончить проект, построив место вечного упокоения фараона. Вы обязаны доставить все необходимые для строительства мавзолея материалы, а это непростая задача. Фараон также время от времени будет пользоваться вашими услугами, чтобы обеспечить стабильные поставки меди в царство."
Missions/#CM15_mission,Text,,"Египет переживает период великого процветания: Североафриканское соглашение о свободной торговле позволяет всем торговать по самым низким ценам! Импорт обходится дёшево, но экспорт почти ничего не приносит. Как вы обеспечите 30 000 жителей в эпоху, когда торговля уже не так полезна, как прежде?"
Missions/#CM16_mission,Text,,"У этой миссии нет условий победы или поражения. Она посвящена строительству города — только ему и ничему больше."
Missions/#CM17_mission,Text,,"Фараон в замешательстве. Он посчитал, что ваш город-оазис Фарафра добывает гранит, и запросил у вас поставки этого материала для возведения обелисков в Икене. Дабы не выставить фараона на посмешище из-за этой ошибки, вы должны своевременно выполнить его запрос. Конечно же, не забывая при этом, что вы ещё строите для него мавзолей и пирамиду... Используйте свои познания в торговле и производстве, чтобы удовлетворить все потребности фараона."
Missions/#CM18_mission,Text,,"У этой миссии нет условий победы или поражения. Она посвящена строительству города — только ему и ничему больше."
Missions/#CM19_mission,Text,,"У этой миссии нет условий победы или поражения. Она посвящена строительству города — только ему и ничему больше."
Missions/#CM20_mission,Text,,"У этой миссии нет условий победы или поражения. Она посвящена строительству города — только ему и ничему больше."
Missions/#CM21_mission,Text,,"У этой миссии нет условий победы или поражения. Она посвящена строительству города — только ему и ничему больше."
Missions/#CM22_mission,Text,,"У этой миссии нет условий победы или поражения. Она посвящена строительству города — только ему и ничему больше."
Missions/#CM23_mission,Text,,"У этой миссии нет условий победы или поражения. Она посвящена строительству города — только ему и ничему больше."
Missions/#CM24_mission,Text,,"У этой миссии нет условий победы или поражения. Она посвящена строительству города — только ему и ничему больше."
Missions/#CM25_mission,Text,,"У египетского форпоста в Шаате вы столкнётесь со свирепой бандой гиксосов, нашедших убежище в кушитском городе Керма. Следует сокрушить этих разбойников, иначе невозможно будет надеяться на процветание Шаата, и для выполнения этой задачи фараон выбрал именно вас как самого достойного кандидата. Единственная возможность победить грозных гиксосов — умело использовать могучие колесницы. Отразив несколько атак гиксосов, откликнитесь на просьбу о военной помощи от Кермы, чтобы раз и навсегда уничтожить неприятеля. Люди, что достаточно храбры, чтобы жить в Шаате, должны быть вознаграждены за то, что терпят бесчисленные нападения. Условия жизни в городе должны быть настолько высокими, чтобы в результате появилось хотя бы одно роскошное имение. Также вы должны построить большой обелиск, дабы напомнить жителями о славе Египта и провозгласить его господство на гиксосами. К слову говоря, вы могли заметить, что в условиях достижения победы значится появление четырёх роскошных имений. Поскольку игра считает каждую клетку роскошного имения отдельно, на самом деле это означает, что потребуется только одно роскошное имение."
Missions/#CM26_mission,Text,,"Фараон приказал вам основать поселение в оазисе Фарафра. В этом засушливом регионе вы должны построить процветающий город с большими мастабами и снабжать фараона всем, чего бы он не потребует (ему особенно нравятся керамика, кирпичи и древесина местного производства). Единственной проблемой является то, что оазис совсем небольшой, а жителям нужна вода. Однако жизнь вокруг бьёт ключом: на плодородных полях пасутся дикие животные и растут ценные породы деревьев. Тщательно планируйте свой город, чтобы в полной мере воспользоваться всеми дарами оазиса."
Missions/#CM27_mission,Text,,"Наш великий фараон Ден повелел возводить ступенчатые пирамиды! Добывайте обычный камень и постройте величайшую из всех ступенчатых пирамид, чтобы Ден благополучно достиг загробного мира."
Missions/#CM28_mission,Text,,"Мы живём в мирные времена: никто не стремится нас уничтожить, а значит, настал идеальный момент для строительства великих памятников! Возведите комплекс пирамиды в самом сердце дельты Нила, в Джеду, и позаботьтесь обо всех государственных делах, которых народ ожидает от своего правителя."
Missions/#CM29_mission,Text,,"У этой миссии нет условий победы или поражения. Она посвящена строительству города — только ему и ничему больше."
Missions/#CM30_mission,Text,,"Власть стареющего фараона ослабевает. Бюрократическая структура становится всё неуправляемей. Города, однажды зависевшие от руководства и торговли со столицей, ныне самостоятельно приобретают всё необходимое. Некоторые из этих городов попросят у вас помощи, а взамен откроют с вами торговые отношения. Но будьте осторожны, власть фараона слабеет, и некоторые осмелевшие общины попробуют силой отобрать ваши богатства. Однако один город станет надёжным союзником и в обмен на военную помощь отблагодарит ваш город ценной медью. Если вы сможете защитить город-побратим, то сформируете грозный альянс, который сокрушит всех предателей и установит надёжный мир. К тому времени появится торговый путь с новым городом, по которому вы сможете закупить гранит для строительства обелиска во славу дряхлеющего фараона."
Missions/#CM31_mission,Text,,"Здесь, в Иерихоне, мы не станем торговать ни с кем, кроме Газы — нашего ближайшего соседа. Мир ненадёжен, и мы можем построить собственный самодостаточный город. У нас есть для этого все ресурсы, но возможно ли это?"
Missions/#CM32_mission,Text,,"В это смутное время разгромите мародёров, нападающих на Египет, и сохраните открытыми наши торговые пути. Продержитесь следующие 50 лет, одновременно возводя величественный город в центре дельты Нила, чтобы доказать свою ценность народу Египта!"
Missions/#CM33_mission,Text,,"Сумеете ли вы разгадать загадку Сфинкса?"
Missions/#CM01_victory,Text,,"Весь Египет склоняется перед вашими свершениями! Вашей династии нет равных, и отныне до конца времён египтяне будут произносить ваше имя с величайшим почтением."
Missions/#CM02_victory,Text,,"Весь Египет склоняется перед вашими свершениями! Вашей династии нет равных, и отныне до конца времён египтяне будут произносить ваше имя с величайшим почтением."
Missions/#CM03_victory,Text,,"Весь Египет склоняется перед вашими свершениями! Вашей династии нет равных, и отныне до конца времён египтяне будут произносить ваше имя с величайшим почтением."
Missions/#CM04_victory,Text,,"Весь Египет склоняется перед вашими свершениями! Вашей династии нет равных, и отныне до конца времён египтяне будут произносить ваше имя с величайшим почтением."
Missions/#CM05_victory,Text,,"Весь Египет склоняется перед вашими свершениями! Вашей династии нет равных, и отныне до конца времён египтяне будут произносить ваше имя с величайшим почтением."
Missions/#CM06_victory,Text,,"Весь Египет склоняется перед вашими свершениями! Вашей династии нет равных, и отныне до конца времён египтяне будут произносить ваше имя с величайшим почтением."
Missions/#CM07_victory,Text,,"Весь Египет склоняется перед вашими свершениями! Вашей династии нет равных, и отныне до конца времён египтяне будут произносить ваше имя с величайшим почтением."
Missions/#CM08_victory,Text,,"Весь Египет склоняется перед вашими свершениями! Вашей династии нет равных, и отныне до конца времён египтяне будут произносить ваше имя с величайшим почтением."
Missions/#CM09_victory,Text,,"Весь Египет склоняется перед вашими свершениями! Вашей династии нет равных, и отныне до конца времён египтяне будут произносить ваше имя с величайшим почтением."
Missions/#CM10_victory,Text,,"Весь Египет склоняется перед вашими свершениями! Вашей династии нет равных, и отныне до конца времён египтяне будут произносить ваше имя с величайшим почтением."
Missions/#CM11_victory,Text,,"Весь Египет склоняется перед вашими свершениями! Вашей династии нет равных, и отныне до конца времён египтяне будут произносить ваше имя с величайшим почтением."
Missions/#CM12_victory,Text,,"Весь Египет склоняется перед вашими свершениями! Вашей династии нет равных, и отныне до конца времён египтяне будут произносить ваше имя с величайшим почтением."
Missions/#CM13_victory,Text,,"Весь Египет склоняется перед вашими свершениями! Вашей династии нет равных, и отныне до конца времён египтяне будут произносить ваше имя с величайшим почтением."
Missions/#CM14_victory,Text,,"Весь Египет склоняется перед вашими свершениями! Вашей династии нет равных, и отныне до конца времён египтяне будут произносить ваше имя с величайшим почтением."
Missions/#CM15_victory,Text,,"Весь Египет склоняется перед вашими свершениями! Вашей династии нет равных, и отныне до конца времён египтяне будут произносить ваше имя с величайшим почтением."
Missions/#CM16_victory,Text,,"Весь Египет склоняется перед вашими свершениями! Вашей династии нет равных, и отныне до конца времён египтяне будут произносить ваше имя с величайшим почтением."
Missions/#CM17_victory,Text,,"Весь Египет склоняется перед вашими свершениями! Вашей династии нет равных, и отныне до конца времён египтяне будут произносить ваше имя с величайшим почтением."
Missions/#CM18_victory,Text,,"Весь Египет склоняется перед вашими свершениями! Вашей династии нет равных, и отныне до конца времён египтяне будут произносить ваше имя с величайшим почтением."
Missions/#CM19_victory,Text,,"Весь Египет склоняется перед вашими свершениями! Вашей династии нет равных, и отныне до конца времён египтяне будут произносить ваше имя с величайшим почтением."
Missions/#CM20_victory,Text,,"Весь Египет склоняется перед вашими свершениями! Вашей династии нет равных, и отныне до конца времён египтяне будут произносить ваше имя с величайшим почтением."
Missions/#CM21_victory,Text,,"Весь Египет склоняется перед вашими свершениями! Вашей династии нет равных, и отныне до конца времён египтяне будут произносить ваше имя с величайшим почтением."
Missions/#CM22_victory,Text,,"Весь Египет склоняется перед вашими свершениями! Вашей династии нет равных, и отныне до конца времён египтяне будут произносить ваше имя с величайшим почтением."
Missions/#CM23_victory,Text,,"Весь Египет склоняется перед вашими свершениями! Вашей династии нет равных, и отныне до конца времён египтяне будут произносить ваше имя с величайшим почтением."
Missions/#CM24_victory,Text,,"Весь Египет склоняется перед вашими свершениями! Вашей династии нет равных, и отныне до конца времён египтяне будут произносить ваше имя с величайшим почтением."
Missions/#CM25_victory,Text,,"Весь Египет склоняется перед вашими свершениями! Вашей династии нет равных, и отныне до конца времён египтяне будут произносить ваше имя с величайшим почтением."
Missions/#CM26_victory,Text,,"Весь Египет склоняется перед вашими свершениями! Вашей династии нет равных, и отныне до конца времён египтяне будут произносить ваше имя с величайшим почтением."
Missions/#CM27_victory,Text,,"Весь Египет склоняется перед вашими свершениями! Вашей династии нет равных, и отныне до конца времён египтяне будут произносить ваше имя с величайшим почтением."
Missions/#CM28_victory,Text,,"Весь Египет склоняется перед вашими свершениями! Вашей династии нет равных, и отныне до конца времён египтяне будут произносить ваше имя с величайшим почтением."
Missions/#CM29_victory,Text,,"Весь Египет склоняется перед вашими свершениями! Вашей династии нет равных, и отныне до конца времён египтяне будут произносить ваше имя с величайшим почтением."
Missions/#CM30_victory,Text,,"Весь Египет склоняется перед вашими свершениями! Вашей династии нет равных, и отныне до конца времён египтяне будут произносить ваше имя с величайшим почтением."
Missions/#CM31_victory,Text,,"Весь Египет склоняется перед вашими свершениями! Вашей династии нет равных, и отныне до конца времён египтяне будут произносить ваше имя с величайшим почтением."
Missions/#CM32_victory,Text,,"Весь Египет склоняется перед вашими свершениями! Вашей династии нет равных, и отныне до конца времён египтяне будут произносить ваше имя с величайшим почтением."
Missions/#CM33_victory,Text,,"Весь Египет склоняется перед вашими свершениями! Вашей династии нет равных, и отныне до конца времён египтяне будут произносить ваше имя с величайшим почтением."
Missions/#Generic_unfinished,Text,,"Вашему роду ещё не доводилось принимать этот вызов."
Missions/#200_finished,Text,,"Самый ранний из известных предков вашего рода добился высокого положения и постиг азы управления."
Missions/#201_finished,Text,,"Переселив род в Тинис, ваш предок помог Тинисской конфедерации объединить Верхний и Нижний Египет."
Missions/#202_finished,Text,,"Семейные предания гласят, что ваш род открыл важные новые технологии и научился использовать разливы Нила."
Missions/#203_finished,Text,,"Ваш род впервые вошёл в официальные летописи Египта, когда Нармер назначил одного из ваших предков царским архитектором."
Missions/#204_finished,Text,,"Ваш род сыграл заметную роль в основании первой столицы Египта и строительстве там мастабы."
Missions/#205_finished,Text,,"По преданию, ваш род открыл медные рудники Тимны, благодаря которым фараон Ден смог сдержать бедуинов."
Missions/#206_finished,Text,,"Впервые один из ваших предков предпочёл суше море и овладел всеми навыками мореходства, включая ведение войны."
Missions/#207_finished,Text,,"Впервые один из ваших предков предпочёл суше водную стихию и овладел искусством мирного мореходства."
Missions/#208_finished,Text,,"Ваш народ основал вдали от цивилизации важный военный форпост и проложил в Африку торговые пути, существующие поныне."
Missions/#209_finished,Text,,"По воле фараона Небки ваш род добыл минеральные богатства первого порога: без них не появились бы многие гробницы, а многим вельможам был бы закрыт путь на поля Иалу."
Missions/#210_finished,Text,,"Ваш предок с честью воплотил замысел визиря Имхотепа и возвёл первую каменную пирамиду Египта для мумии Джосера."
Missions/#211_finished,Text,,"Ваш героический предок добыл драгоценные камни и медь на суровом Синае, несмотря на яростное сопротивление местных жителей."
Missions/#212_finished,Text,,"О возросшем благосостоянии вашего рода свидетельствует семейная гробница в Медуме, которая и поныне напоминает о важности вашей династии для Египта."
Missions/#213_finished,Text,,"Крепость в Бухене и решительность, с которой ваш род сокрушил там врага, распространили власть Египта до второго порога — на земли, которые считала своими враждебная Нубия."
Missions/#214_finished,Text,,"Пока другие заботились о расширении границ Царства, ваш предок возвёл величайшую из задуманных усыпальниц — Ломаную пирамиду Снофру."
Missions/#215_finished,Text,,"Когда у Снофру родился наследник, которого царские прорицатели объявили тираном, ваши предки завершили первую в мире правильную пирамиду для останков фараона."
Missions/#216_finished,Text,,"Несмотря на всё более жестокое правление Хуфу, ваш предок верно служил ему царским наместником и защищал границы Египта от вторжений кушитов."
Missions/#217_finished,Text,,"После устранения угрозы со стороны кушитов ваш предок открыл богатые каменоломни Туры, чтобы удовлетворить необъяснимую потребность Хуфу в практически безграничном количестве известняка."
Missions/#218_finished,Text,,"Ваш предок стал номархом при Хуфу и Хафре и силой воли, сравнимой с волей самого фараона, возвёл вечную Великую пирамиду и её стража — Сфинкса."
Missions/#219_finished,Text,,"Фараон провозгласил Ра верховным богом и поручил вашему предку распространить господство культа Солнца на враждебные пустоши Западной пустыни у самого края Царства."
Missions/#220_finished,Text,,"Фараон Усеркаф провозгласил Ра верховным богом и поручил вашему предку возвести величайший храм Солнца в плодородной Дельте — краю, лишённом строительного камня."
Missions/#221_finished,Text,,"Пока враги Египта слетались, словно жуки на разлагающееся тело, ваш род достиг звания казначея и не позволил недругам перерезать жизненно важные пути Царства."
Missions/#222_finished,Text,,"Пока враги Египта слетались, словно жуки на разлагающееся тело, ваш род достиг звания казначея и проявил способность умело править, когда всё вокруг рушилось."
Missions/#223_finished,Text,,"Ваши предки сохранили верность законным Иниотефам и вернули Тинису былую славу, несмотря на все усилия мятежных армий помешать им."
Missions/#224_finished,Text,,"Две силы боролись за сердце Египта, пока его жители голодали. Ваш предок спас многих от голодной смерти и оказал решающую поддержку законной династии."
Missions/#225_finished,Text,,"Ментухотеп даровал вашему роду звание визиря и во многом опирался на его помощь, подавляя последних мятежников и самозванцев, пытавшихся сорвать объединение страны."
Missions/#226_finished,Text,,"Ментухотеп даровал вашему роду звание визиря, а величественный город, поднятый вами из праха, принёс славу его делу объединения страны."
Missions/#227_finished,Text,,"Наконец один из членов вашего рода исполнил предначертанное и стал фараоном. Ваш род основал царскую династию, построил новую столицу и милосердием и добрыми делами усмирил противников."
Missions/#228_finished,Text,,"Ваш божественный предок покорил древних врагов в Северной Нубии, внушил кушитам уважение к вашей династии и основал важный порт на Красном море."
Missions/#229_finished,Text,,"Основанный вашим божественным предком ремесленный порт на Красном море принёс народу несметные богатства и предметы роскоши, а семейная гробница переживёт века."
Missions/#230_finished,Text,,"Ваш прославленный предок, ныне покоящийся в великолепном мавзолее, разгромил нубийский флот и завоевал один из прекраснейших городов Нубии."
Missions/#231_finished,Text,,"Бубастис и поныне остаётся жемчужиной Двойной короны. Ваш предок построил город, которым гордится весь Египет."
Missions/#232_finished,Text,,"Превратить грозные колесницы гиксосов в оружие Египта и направить их против врагов по всему осаждённому Царству — блестящее свершение, которое история не забудет."
Missions/#233_finished,Text,,"Воистину, ваш род издавна благословлён мудростью. Замысел вашего предка, вдохновившего величайших полководцев Египта на сверхчеловеческие усилия, принёс щедрые плоды."
Missions/#234_finished,Text,,"Вы основали Новое царство, навеки закрепили за Египтом леса Библа и научили свирепых хеттов и загадочные народы моря уважать египетские границы."
Missions/#235_finished,Text,,"Вы принесли своему Новому царству невиданные богатства, одновременно защищая египетские города от старых и новых врагов."
Missions/#236_finished,Text,,"Ваше царствование стало величайшим в истории Египта. Наши границы охватывали весь известный мир, а народ наслаждался невиданной роскошью."
Missions/#237_finished,Text,,"Победив всех врагов и принеся Царству несметное процветание, вы возвели пирамиду, превзошедшую даже усыпальницу легендарного Хуфу."
Missions/#C38_finished,Text,,"После основания Дейр-эль-Медины фараоны смогут вечно покоиться, почти не опасаясь страшных грабителей гробниц."
Missions/#C39_finished,Text,,"Несмотря на нехватку времени, гробница Тутанхамона была построена и щедро снабжена погребальными принадлежностями."
Missions/#C40_finished,Text,,"Гробница Сети I — настоящее чудо, особенно если учесть многочисленные шайки грабителей, которых пришлось усмирять во время её строительства. Жаль, что мир не сможет созерцать её вечную красоту."
Missions/#C41_finished,Text,,"Порт Симира теперь кипит торговлей, утоляя потребность нашей родины в древесине и других ценных товарах."
Missions/#C42_finished,Text,,"Египет одержал величайшую победу в битве при Кадеше и вновь утвердил своё господство над Амурру. С хеттской угрозой покончено раз и навсегда."
Missions/#C43_finished,Text,,"Колоссы в Абу-Симбеле будут вечно свидетельствовать о могуществе и славе Египта."
Missions/#C44_finished,Text,,"Останки Рамсеса II покоятся в великолепной гробнице. В вечной жизни он наверняка продолжит направлять судьбу Египта."
Missions/#C45_finished,Text,,"Опасные морские разбойники, по глупости решившие поселиться на землях Египта, получили решительный отпор. Границы Египта вновь в безопасности."
Missions/#C46_finished,Text,,"Укреплённый форпост в глубине Египта выдержал одну волну ассирийских атак за другой и не позволил подлому врагу проникнуть дальше в пределы Обеих земель."
Missions/#C47_finished,Text,,"Жители Ахориса ещё долго будут рассказывать о разгроме персидского флота и уничтожении персидской пехоты. Мечтам персов о завоевании нанесён тяжёлый удар."
Missions/#C48_finished,Text,,"Всего за двенадцать лет Александрия выросла на месте бедной рыбацкой деревни и превратилась в процветающий мегаполис."
Missions/#C49_finished,Text,,"Александрию украсили Великая библиотека и Фаросский маяк, и её значение во всём мире возросло."
Missions/#C50_finished,Text,,"Римские легионы Митридата разгромили мятежного брата Клеопатры, Птолемея XIII, в крупном сражении у берегов озера Марьют."
Missions/#C51_finished,Text,,"Славное развитие Александрии продолжилось: к числу её дивных сооружений добавились Цезареум и ещё один заупокойный храм."
Missions/#C52_finished,Text,,"Объединённые силы египетского флота и войск Антония разгромили Октавиана, и Египет с Римом объединились на равных, чтобы править известным миром."
Worldmap/#TheirCity,Text,,их город
Worldmap/#SouthDashur,Text,,Дахшур
Worldmap/#NorthDashur,Text,,Дахшур
Missions/#206_tagline_alt,Text,,"Опасные воды"
Missions/#206_period,Text,,"Конец Раннего царства"
Missions/#207_tagline_alt,Text,,"Некрополь"
Missions/#207_period,Text,,"Конец Раннего царства"
Missions/#208_tagline_alt,Text,,"Защитить караванные пути"
Missions/#208_period,Text,,"Зарождение Древнего царства"
Missions/#209_tagline_alt,Text,,"Обрести новые богатства"
Missions/#209_period,Text,,"Зарождение Древнего царства"
Missions/#211_tagline_alt,Text,,"Суровый Синай"
Missions/#212_tagline_alt,Text,,"Собственная гробница"
Missions/#213_tagline_alt,Text,,"Усмирить нубийцев"
Missions/#213_period,Text,,"Эпоха пирамид"
Missions/#214_tagline_alt,Text,,"Пирамида нового типа"
Missions/#214_period,Text,,"Эпоха пирамид"
Missions/#216_tagline_alt,Text,,"Угроза из Куша"
Missions/#216_period,Text,,"Эпоха пирамид"
Missions/#217_tagline_alt,Text,,"Каменоломни Туры"
Missions/#217_period,Text,,"Эпоха пирамид"
Missions/#219_tagline_alt,Text,,"Воины Ра"
Missions/#219_period,Text,,"Расцвет Древнего царства"
Missions/#220_tagline_alt,Text,,"Почитание Ра"
Missions/#220_period,Text,,"Расцвет Древнего царства"
Missions/#221_tagline_alt,Text,,"Прогнать шакалов"
Missions/#221_period,Text,,"Упадок Древнего царства"
Missions/#222_tagline_alt,Text,,"Порядок среди хаоса"
Missions/#222_period,Text,,"Упадок Древнего царства"
Missions/#223_tagline_alt,Text,,"Война за престол"
Missions/#223_period,Text,,"Первый переходный период"
Missions/#224_tagline_alt,Text,,"Слава под угрозой"
Missions/#224_period,Text,,"Первый переходный период"
Missions/#225_tagline_alt,Text,,"Борьба за мир"
Missions/#225_period,Text,,"Зарождение Среднего царства"
Missions/#226_tagline_alt,Text,,"Голод"
Missions/#226_period,Text,,"Зарождение Среднего царства"
Missions/#228_tagline_alt,Text,,"Раздвинуть границы"
Missions/#229_tagline_alt,Text,,"Новые торговцы"
Missions/#230_tagline_alt,Text,,"Старые враги... и новые"
Missions/#231_tagline_alt,Text,,"Жемчужина египетской короны"
Missions/#232_tagline_alt,Text,,"Возмездие"
Missions/#232_period,Text,,"Второй переходный период"
Missions/#233_tagline_alt,Text,,"Вдохновение"
Missions/#233_period,Text,,"Второй переходный период"
Missions/#234_tagline_alt,Text,,"Вторжение в Палестину"
Missions/#234_period,Text,,"Завоевания или мир?"
Missions/#235_tagline_alt,Text,,"Золотой век"
Missions/#235_period,Text,,"Завоевания или мир?"
Missions/#200_tagline_mission_screen,Text,,Рождение деревни
Missions/#201_tagline_mission_screen,Text,,Рассвет цивилизации
Missions/#202_tagline_mission_screen,Text,,Непредсказуемый Нил
Missions/#203_tagline_mission_screen,Text,,Первый фараон
Missions/#204_tagline_mission_screen,Text,,Основание столицы
Missions/#205_tagline_mission_screen,Text,,Синайский поход
Missions/#206_tagline_mission_screen,Text,,Царский флот
Missions/#207_tagline_mission_screen,Text,,Освоение моря
Missions/#208_tagline_mission_screen,Text,,Дорога в Африку
Missions/#209_tagline_mission_screen,Text,,Нубийская граница
Missions/#210_tagline_mission_screen,Text,,Первая пирамида
Missions/#211_tagline_mission_screen,Text,,Бедуины с востока
Missions/#212_tagline_mission_screen,Text,,Царский некрополь
Missions/#213_tagline_mission_screen,Text,,Империя расширяется
Missions/#214_tagline_mission_screen,Text,,Ломаная пирамида Снофру
Missions/#215_tagline_mission_screen,Text,,Первая правильная пирамида
Missions/#216_tagline,Text,,Защита Египта
Missions/#216_tagline_mission_screen,Text,,Защита Египта
Missions/#217_tagline_mission_screen,Text,,Слоновая кость с востока
Missions/#218_tagline_mission_screen,Text,,Великая пирамида и сфинкс
Missions/#219_tagline_mission_screen,Text,,Западная пустыня
Missions/#220_tagline_mission_screen,Text,,Храм Солнца
Missions/#221_tagline_mission_screen,Text,,Кушитская угроза
Missions/#222_tagline_mission_screen,Text,,Путь караванов
Missions/#223_tagline_mission_screen,Text,,Гражданская война
Missions/#224_tagline_mission_screen,Text,,Гражданская война
Missions/#225_tagline_mission_screen,Text,,Объединение
Missions/#226_tagline_mission_screen,Text,,Объединение
Missions/#227_tagline_mission_screen,Text,,Основание новой столицы
Missions/#228_tagline_mission_screen,Text,,В Нубию
Missions/#229_tagline_mission_screen,Text,,Берега Красного моря
Missions/#230_tagline_mission_screen,Text,,Великое испытание
Missions/#231_tagline_mission_screen,Text,,Город Баст
Missions/#232_tagline_mission_screen,Text,,Египет освобождён
Missions/#233_tagline_mission_screen,Text,,Египет освобождён
Missions/#234_tagline,Text,,Экспансия и завоевание
Missions/#234_tagline_mission_screen,Text,,Кедры Ливана
Missions/#235_tagline_mission_screen,Text,,Слава Египта
Missions/#236_tagline_mission_screen,Text,,Народы моря
Missions/#237_tagline_mission_screen,Text,,Слава фараона
Missions/#C38_tagline_mission_screen,Text,,Первая гробница
Missions/#C39_tagline_mission_screen,Text,,Смерть Тутанхамона
Missions/#C40_tagline_mission_screen,Text,,Гробница для фараона
Missions/#C41_tagline_mission_screen,Text,,Земли Леванта
Missions/#C42_tagline_mission_screen,Text,,Битва при Кадеше
Missions/#C43_tagline_mission_screen,Text,,Колоссы Абу-Симбела
Missions/#C44_tagline_mission_screen,Text,,Непревзойдённая усыпальница
Missions/#C45_tagline_mission_screen,Text,,Земля народов моря
Missions/#C47_tagline_mission_screen,Text,,Возрождение флота
Missions/#C48_tagline_mission_screen,Text,,Александр Македонский
Missions/#C49_tagline_mission_screen,Text,,Слава Птолемея
Missions/#C50_tagline_mission_screen,Text,,Цезарь и Клеопатра
Missions/#C51_tagline_mission_screen,Text,,Наследие Клеопатры
Missions/#C52_tagline_mission_screen,Text,,Битва при Акции
Missions/#Custom_victory,Text,,"Весь Египет преклоняется перед вашими свершениями! Вашей династии нет равных, и отныне до скончания времён египтяне будут произносить ваше имя с величайшим почтением."
Missions/#200_tagline,Text,,Рождение деревни
Missions/#200_victory,Text,,"Прекрасно! Накормив людей досыта и защитив их дома от пожаров и обрушений, вы помогли юной цивилизации сделать первый шаг в своей долгой истории."
Missions/#201_mission,Text,,"Спустя много лет и одно поколение ваш род переселился в область Тиниса в Верхнем Египте. Здесь небольшая группа местных правителей пытается распространить своё влияние на Нижний Египет и все земли в долине Нила, дабы объединить их под единым началом верховного правителя одного рода. Если Тинис достигнет процветания, какого ещё не знал ни один город, то Тинитская конфедерация докажет свою жизнеспособность и сумеет установить господство над Нижним Египтом.

Для этого необходимо выделить места для развлечений и воздвигнуть великолепные храмы в честь бога-покровителя. Чтобы добиться успеха, понадобится немало денег. В Тинисе есть богатые залежи золота. Его добыча должна стать для вас первостепенной задачей."
Missions/#201_name,Text,,Тинис
Missions/#201_tagline,Text,,Рассвет цивилизации
Missions/#201_victory,Text,,"Превосходно. Вы построили первый настоящий город в этих суровых землях, смогли удовлетворить физические и духовные потребности своих жителей и помогли Тинитской конфедерации объединить разобщённые племена."
Missions/#202_tagline,Text,,Непредсказуемый Нил
Missions/#202_victory,Text,,"Великолепно! Теперь ваши жители считают вас заботливым правителем, а соседние города могут положиться на вас в трудные времена."
Missions/#203_tagline,Text,,Первый фараон
Missions/#203_victory,Text,,"Прекрасно! Под вашим умелым руководством египетская цивилизация значительно продвинулась вперёд, и в ближайшие десятилетия её развитие продолжится."
Missions/#204_tagline,Text,,Основание столицы
Missions/#204_victory,Text,,"Поздравляем. Вы построили столицу, достойную и живых, и мёртвых. Наладив торговлю с другими городами, вы представили ваш город на мировой арене."
Missions/#205_mission,Text,,"Египетский трон занял новый фараон — Ден. Он обеспокоен набегами врагов на границах, а царству не хватает поставок очень ценной меди, необходимой для создания оружия нашим войскам. Фараон Ден приказал отправить экспедицию на её поиски в суровые земли Синая — территорию под контролем бедуинов далеко за пределами царства. Область, известная как Тимна, богата золотой и медной рудой, а также драгоценной бирюзой, но во остальном она пустынна.

Условия жизни крайне тяжёлые, и нам придётся завозить из Египта необходимые материалы, возможно, даже еду и ткани. Фараон будет часто присылать запросы на отправку денег, меди, самоцветов и оружия. Излишки сверх этих запросов вы можете использовать для поддержания экспедиции. Будьте начеку: бедуины Синайской пустыни — грозные противники, и они не потерпят присутствия чужеземцев на своей земле, не говоря уже о хищении их богатств.

Чтобы хоть как-то облегчить жизнь горожан в столь суровых условиях, постройте сцену на каком-нибудь из оживлённых перекрёстков. Жители смогут отвлечься от забот, наблюдая за выступлениями жонглёров и музыкантов. А если построить школу танцев, то появится новый вид развлечений, который доставит горожанам ещё большее удовольствие."
Missions/#205_name,Text,,Тимна
Missions/#205_tagline,Text,,Синайский поход
Missions/#205_victory,Text,,"Фараон восхищён вами. Под вашим умелым руководством городу удалось защититься от набегов бедуинов и снабдить Египет средствами, так необходимыми для обороны."
Missions/#206_tagline,Text,,Флот фараона
Missions/#206_victory,Text,,"Фараон доволен. Вы покорили моря и реку и пустили их богатства на благие дела. Построенный вами грозный флот теперь патрулирует воды, охраняя наши границы."
Missions/#207_tagline,Text,,Освоение моря
Missions/#207_victory,Text,,"Фараона радуют ваши достижения. Вы смогли извлечь максимум пользы из реки и моря, защитив наши границы небольшим, но боеспособным флотом. Вы также воздали должное благородным семьям, обеспечив их гробницами, где будут покоиться их тела."
Missions/#208_mission,Text,,"Был провозглашён новый фараон Небка, возвестивший о начале третьей династии египетских правителей. Небка реформировал власть в Египте, поделив землю на провинции или «номы». Каждым номом теперь руководит местный правитель, называемый «номархом». Хотя эта система может показаться несовершенной, но под руководством Небки Египет растёт и процветает, развиваются искусство и архитектура.

Торговые караваны, следующие от оазиса к оазису из глубин Африки, начали поставлять Египту редчайшие и диковинные товары, которые очень ценятся среди наших жителей. К несчастью, на эти караваны регулярно нападают ливийские воины и бедуины из Восточной пустыни. Дабы обезопасить торговые пути, фараон Небка, владыка Пчелы и Камыша, повелевает вам основать военный форпост в оазисе Селима, центре караванной торговли, далеко за пределами нашего царства.

Там есть немного деревьев для рубки, от продажи которых вы получите средства на развитие форпоста. Для создания оружия вы можете приобрести медь из наших новых шахт Тимны в землях Синая. В оазисе Селима можно закупать чёрное дерево у африканского народа Кермы. Построив форпост, вы обеспечите наши города надёжным источником чёрного дерева."
Missions/#208_name,Text,,Оазис Селима
Missions/#208_tagline,Text,,Дорога в Африку
Missions/#208_victory,Text,,"Прекрасно! Вы смогли не только обезопасить важный торговый путь, но и построить процветающий город, которым довольны даже самые придирчивые жители. Вы достигли поистине блестящих результатов."
Missions/#209_tagline,Text,,Нубийская граница
Missions/#209_victory,Text,,"Прекрасно! Вы основали процветающий город, на который равняются другие египетские города и с завистью заглядываются нубийцы."
Missions/#210_name,Text,,Саккара
Missions/#210_tagline,Text,,Первая пирамида
Missions/#210_victory,Text,,Ваши достижения поражают воображение. Возведённая под вашим мудрым руководством огромная пирамида теперь обращена к небу и сулит бессмертие нашему любимому фараону.
Missions/#211_mission,Text,,"Как Ден прежде, фараон Хуни приказал снарядить поход в суровые земли Синая, чтобы наладить добычу бирюзы и меди. Он пожелал, чтобы вы возглавили эту экспедицию в Серабит-Хадим, где когда-то находилось египетское поселение. Неизвестно, в каком состоянии оно находится, однако наверняка сможет послужить укрытием для экспедиции. Знайте, что из последнего похода в эти земли никто не вернулся, как и те, кто отправился к ним на помощь.

Тем не менее, для оружия наших солдат Царство отчаянно нуждается в меди, которая почти не встречается на наших землях. Приготовьтесь к тому, что вам придётся постоянно отражать атаки бедуинов из синайской пустыни, как и атаки наших врагов ханаанеев. Добудьте столько меди и самоцветов, сколько можете в столь тяжёлых условиях, и вовремя исполняйте запросы фараона. Постройте несколько ювелирных мастерских, чтобы создавать из излишков самоцветов вычурные украшения для нужд людей поселения."
Missions/#211_name,Text,,Серабит-Хадим
Missions/#211_tagline,Text,,Бедуины с востока
Missions/#211_victory,Text,,Вы преодолели опасности Синая и обеспечили Египет ценной медью и бирюзой. Ваши деяния останутся в памяти последующих поколений.
Missions/#212_name,Text,,Медум
Missions/#212_tagline,Text,,Царский некрополь
Missions/#212_victory,Text,,Превосходно. Построенный вами царский некрополь поистине великолепен. Годы верного служения вашей семьи были щедро вознаграждены — теперь у вас есть собственная священная гробница.
Missions/#213_name,Text,,Бухен
Missions/#213_tagline,Text,,Завоевание Нубии
Missions/#213_victory,Text,,"Благодаря вашим умениям Египет захватил часть Нубии. Основанный вами город демонстрирует покоренным нубийцам силу, богатство и величие Египта."
Missions/#214_mission,Text,,"Наш новый фараон Снофру намерен сделать всё, чтобы четвёртая династия запомнилась как самая величайшая в Египте. Его архитекторы спроектировали ещё более величественную гробницу, чем ступенчатая пирамида Хуни, и фараон пожелал, чтобы вы возглавили строительство. Вам понадобится основать поселение к югу от Дашура — именно там будет располагаться ломаная пирамида.

Город обеспечит рабочую силу, необходимую для завершения такого грандиозного проекта. Ломаная пирамида должна быть построена из камня и облицована белым известняком, чтобы вечно сиять под солнцем пустыни. Известняк можно будет добыть в самом Дашуре, но камень придётся где-то закупать. Фараон желает расширить наши границы дальше на юг. Он приказал вторгнуться в Нубию и основать крепость Бухен у второго порога Нила.

На севере Египет установил отношения с Энгоми на Кипре. Остров получил своё название благодаря богатым залежам меди — востребованного ныне товара. Драгоценные самоцветы можно приобрести в недавно построенном в землях Синая форпосте Серабит-Хадим. Однако последние поставки оттуда нерегулярны из-за непрекращающихся набегов бедуинов и ханаанеев на поселение, и неизвестно, сколько ещё сможет продержаться египетский гарнизон."
Missions/#214_name,Text,,Южный Дахшур
Missions/#214_tagline,Text,,Ломаная пирамида Снофру
Missions/#214_victory,Text,,"Фараон возносит вам похвалу. Ломаная пирамида, которую вы возвели в его честь, затмевает своим великолепием любой монумент прошлого."
Missions/#215_mission,Text,,"Фараон Снофру установил в Египте порядок, и Царство процветает под его мудрым и добрым руководством. Снофру желает воздвигнуть в Дашуре новое сооружение, ещё более величественное, чем ранее завершённая ломаная пирамида. Придворные архитекторы, землемеры и инженеры уверены, что смогут построить монумент, прямые стены которого наклонены под одним углом и сходятся в одной точке на вершине. В случае успеха это будет первая правильная пирамида — вечное пристанище, поистине достойное фараона Снофру!

Супруга фараона Хетепхерес недавно родила сына, которого нарекли Хуфу. Народ с большим опасением ждёт начала его правления, ибо оракулы Гора, бога фараонов, предсказали, что он не проявит благосклонности своего отца. Много достижений ждёт будущего фараона, однако провидцы боятся, что он будет править Египтом жёсткой рукой тирана. Плотникам придётся строить много пандусов, по которым рабочие смогут добраться до вершины пирамиды. Дерево можно закупать в Библе."
Missions/#215_name,Text,,Северный Дахшур
Missions/#215_tagline,Text,,Правильная пирамида
Missions/#215_victory,Text,,"Блестяще. Вы сыграли ключевую роль в знаковом событии в истории Египта: постройке первой истинной пирамиды. Возведённая вами пирамида Снофру станет эталоном, на который будут равняться все архитекторы после вас."
Missions/#216_victory,Text,,"Бесподобно. Несмотря на плохие условия и постоянные набеги свирепых кушитов, вы построили превосходный город и открыли выход к морю на южной границе Египта."
Missions/#217_tagline,Text,,Слоновая кость с востока
Missions/#217_victory,Text,,"Несравненно. Заложенные вами карьеры в Туре дали весь известняк, что требовался Хуфу... на данный момент. Благодаря сильной экономике, основанной на доходах с богатых карьеров Туры, ваш город достиг новых культурных и общественных высот."
Missions/#218_tagline,Text,,Великая пирамида и сфинкс
Missions/#218_victory,Text,,"Весь Египет преклоняются перед вашими достижениями. Вы построили огромную пирамиду Хуфу и наполнили её роскошными погребальными принадлежностями. Вы также воздали великие почести Хафре, воздвигнув его усыпальницу и грозного сфинкса."
Missions/#219_name,Text,,Бахария
Missions/#219_tagline,Text,,Западная пустыня
Missions/#219_victory,Text,,Превосходно. Вы выжали всё возможное из доступных вам скромных ресурсов и принесли силу Ра в эту глушь.
Missions/#220_tagline,Text,,Храм Солнца
Missions/#220_victory,Text,,"Браво! Построенный вами величественный храм Солнца воздаёт почести и Ра, и фараону."
Missions/#221_name,Text,,Оазис Дункул
Missions/#221_tagline,Text,,Кушитская угроза
Missions/#221_victory,Text,,"В условиях, когда Египет разваливается на части, вам удалось обеспечить своих людей всем необходимым. Умения вашего рода хорошо послужат Египту в наступающие тяжёлые времена."
Missions/#222_name,Text,,Оазис Дахла
Missions/#222_tagline,Text,,Путь караванов
Missions/#222_victory,Text,,"Пока вокруг вас рушится весь Египет, вам удалось удержать свой город на плаву. Эти умения хорошо послужат Египту в наступающие тяжёлые времена."
Missions/#223_name,Text,,Тинис
Missions/#223_tagline,Text,,Гражданская война
Missions/#224_tagline,Text,,Гражданская война
Missions/#225_tagline,Text,,Воссоединение
Missions/#226_tagline,Text,,Воссоединение
Missions/#226_victory,Text,,"Великие пирамиды и обелиски, возведённые вами, станут символами моего правления. Я очень благодарен вам. Ваше усердие будет вознаграждено."
Missions/#227_name,Text,,Иттауи
Missions/#227_tagline,Text,,Основание новой столицы
Missions/#227_victory,Text,,"Благодаря вашей бескорыстной заботе о своём народе Египет принял вас как законного фараона и надеется, что в вашей династии и впредь будут столь доброжелательные и умелыми правители."
Missions/#228_tagline,Text,,В Нубию
Missions/#229_tagline,Text,,На берегах Красного моря
Missions/#230_tagline,Text,,Великое испытание
Missions/#230_victory,Text,,"Сет приветствует вас своей улыбкой, доблестнейший фараон. Вы успешно выгнали нубийцев и укрепили южные рубежи."
Missions/#231_mission,Text,,"Царственный фараон, торговые пути налажены, и мы наконец можем показать Египту, какие богатства и процветание его ждут. Бубастис подойдёт для этого как нельзя лучше: оттуда мы сможем защитить важные торговые пути на востоке и заодно почтить хранительницу Египта Баст. Её город обязан превзойти все прочие города. Он должен расцвести, словно лотос, поражая всех своими развлечениями, школами, библиотеками и храмами. Его жители должны получить всё лучшее, в том числе иноземные благовония.

Возведённый Бубастис должен стать драгоценным камнем на одеянии двух царств. Однако, занимаясь строительством столь величественного города, будьте осторожны, берегитесь также бури, что поднимается на востоке. По всему Ханаану слышен стук копыт: это стремительные колесницы сметают всё на своём пути. Этими невиданными прежде орудиями правят воины-гиксосы.

Тучи сгущаются у Египта, и вам нужно как следует подготовиться к надвигающейся беде."
Missions/#231_name,Text,,Бубастис
Missions/#231_tagline,Text,,Город Баст
Missions/#231_victory,Text,,"Сверкающий город Бубастис славит вас, всемогущий фараон, и славит весь Египет."
Missions/#232_tagline,Text,,Возвращение Египта
Missions/#232_victory,Text,,"Египет ликует! Мы изгнали гиксосов с наших земель, и под вашим чутким правлением Египет снова вернулся к законным хозяевам."
Missions/#233_tagline,Text,,Возвращение Египта
Missions/#233_victory,Text,,Обещанием вечной жизни вы сумели вдохновить своих военачальников на великие победы. Гиксосы и их грозные колесницы были изгнаны с земли египетской.
Missions/#234_name,Text,,Библ
Missions/#234_victory,Text,,"О всемогущий фараон, с изгнанием хеттов со своих земель Египет стал грозной империей! Своим мечом вы даровали миру египетскую цивилизацию."
Missions/#235_tagline,Text,,Слава Египта
Missions/#235_victory,Text,,"О миролюбивейший фараон, ваше успокаивающее влияние поставило Египет на новую ступень величия!"
Missions/#236_tagline,Text,,Народы моря
Missions/#236_victory,Text,,"Славься, могущественный фараон! Ни одна династия не сравнится величием с вашей, и до скончания времён египтяне будут произносить ваше имя с величайшим почтением."
Missions/#237_tagline,Text,,Слава фараона
Missions/#237_victory,Text,,"Славься, могущественный фараон! Ни одна династия не сравнится величием с вашей, и до скончания времён египтяне будут произносить ваше имя с величайшим почтением."
Missions/#Ancient_Conquerors_desc,Text,,"У Египта немало завистливых соседей, жадно взирающих на нашу богатую империю, как стая гиен — на льва, едва поймавшего добычу. Сможете ли вы построить и возглавить армию и флот, что сокрушат наших врагов и защитят дельту Нила от набегов народов моря, ассирийцев и персов? Египет надеется на вашу защиту!"
Missions/#Ancient_Conquerors_name,Text,,Древние завоеватели
Missions/#Ancient_Conquerors_tooltip,Text,,"Сильные воины с далёких земель вторглись в Египет, пытаясь присвоить его богатства. Когда вы отобьёте их набеги и встретите славу Александра, в разделе «Выбрать миссию» вы сможете переиграть всю кампанию или любую из её миссий."
Missions/#Archaic_Period_desc,Text,,"В эпоху Раннего царства возникшие в Додинастическом периоде деревни постепенно объединяются в великое египетское царство. Юная цивилизация основывает столицу, защищает свои рубежи, осваивает водные пути и возводит первые монументальные гробницы."
Missions/#Archaic_Period_name,Text,,Раннее царство
Missions/#Archaic_Period_tooltip,Text,,"Постепенно из деревень, появившихся в Додинастический период, формируется настоящее царство, а с ним вырастают и великолепная столица и первые монументальные гробницы."
Missions/#C38_mission,Text,,"После череды блестящих побед на далёких полях сражений для защиты египетского народа и его земель фараон Тутмос, как и следует, задумался о подготовке к своему путешествию в загробный мир. Чтобы этот путь завершился благополучно, фараон желает, чтобы вы как можно скорее начали строительство его гробницы.

Постройте поселение на западном берегу Нила для обеспечения рабочей силой. Подберите подходящее место для гробницы в скалах к западу от поселения. Вам понадобятся опытные каменотёсы, которые смогут вытесать в камне многочисленные покои гробницы, и талантливые художники, которые выровняют и распишут стены. Постройте мастерские по изготовлению ламп, чтобы рабочие смогли работать в глубине гробницы. Для изготовления ламп необходимы керамика и масло, завозимое из далёких стран. Засейте поля хной, чтобы у изготовителей ярких красок было необходимое сырьё."
Missions/#C38_name,Text,,Тутмос в Долине
Missions/#C38_tagline,Text,,Первая гробница
Missions/#C38_victory,Text,,"Превосходно. Выдающееся достижение — завершено строительство гробницы для Тутмоса I! Фараон уверен, что такая красивая усыпальница ублажит богов и ускорит его путь в загробный мир."
Missions/#C39_name,Text,,Тутанхамон в Долине
Missions/#C39_tagline,Text,,Смерть Тутанхамона
Missions/#C39_victory,Text,,"Выдающееся свершение! Редко можно увидеть, чтобы рабочие в такие сжатые сроки создали нечто подобной красоты. Гробница Тутанхамона теперь надёжно запечатана до скончания времён. Будем надеяться, что безбожные расхитители никогда не обнаружат его усыпальницу!"
Missions/#C40_mission,Text,,"Наш самый могущественный фараон, Сети, сын Рамсеса I, провозгласил, что подошло время начать его приготовления к путешествию в загробный мир. Поэтому ваша задача — начать раскопки для его будущей гробницы в Долине Царей. Пусть ваши рабочие не жалеют сил. Необходимо принять надлежащие меры, чтобы по завершении работ ни одна другая постройка не могла бы потягаться с гробницей по мастерству её создателей ещё на долгие годы вперёд.

Но по мере того, как продвигается строительство, не забывайте и о защите от вандалов! Уже поступают сообщения, что жадные воришки собираются обогатиться, осквернив гробницы и нарушив вечный покой фараонов. Не допустите, чтобы царские усыпальницы в Долине постигло такое бесчестие, иначе ваша репутация в царстве серьёзно пострадает."
Missions/#C40_name,Text,,Сети в Долине
Missions/#C40_tagline,Text,,Гробница для фараона
Missions/#C40_victory,Text,,Вы хорошо постарались! Вам удалось защитить царские гробницы в Долине от нападений и в срок завершить строительство новой гробницы. Фараона Сети крайне порадовала искусная работа ваших строителей.
Missions/#C41_mission,Text,,"Приветствую царского наместника, регента Леванта и верного подданного нашего фараона, сына Ра. Как повезло тем, кто живёт во времена, когда благодетельная рука Египта простирается от дальних краёв Нубии до берегов Леванта. Бесконечна мудрость нашего нового фараона, достойнейшего Рамсеса II, и велико его видение, ибо именно он послал вас править этой прекрасной землёй, которая отныне принадлежит всё растущему Египту.

В этом краю, пусть всё ещё полном опасностей, есть несметные богатства, которые следует использовать. Зелёные холмы усеяны ценными деревьями, подходящими для изготовления колесниц и строительства. Здесь же можно найти залежи меди, хоть и небогатые, которую можно использовать для ковки грозного оружия. Обширные поставки древесины и меди, столь редких в наших землях, несомненно, будут встречены с распростёртыми объятиями. Посему вам доверено основать богатый торговый порт, из которого будут отправляться эти ценные товары. Фараон и народ Египта будут очень благодарны!

Но берегитесь! Проследите, чтобы ваши верные воины были оснащены быстрыми колесницами и лучшим оружием, поскольку хетты, в прошлом побеждённые отцом фараона Сети, всё ещё опасны и могут бросить вызов нашей власти над этой щедрой землёй. Возможно, для подавления мятежей вам понадобится собрать сильное войско, которое определённо пригодится в будущем. Наконец, дабы напомнить жителям этого края, кому они теперь должны поклоняться, фараон Рамсес II считает уместным воздвигнуть здесь прославляющий его обелиск."
Missions/#C41_name,Text,,Симира
Missions/#C41_tagline,Text,,Земли Леванта
Missions/#C42_name,Text,,Кадеш
Missions/#C42_tagline,Text,,Битва при Кадеше
Missions/#C43_mission,Text,,"Слава о нашем фараоне Рамсесе II бежит впереди него. А чтобы наследие его правления жило вечно, был издан приказ о возведении в сердце Нубии великого монумента и храма. Сам фараон выбрал это место для строительства. Со скал из розового песчаника, возвышающихся над западным берегом Нила в Абу-Симбеле, можно будет увидеть четыре огромные статуи его величества на троне.

Скульптуры, вырезанных из скалы, будут прославлять героические подвиги фараона во времена его великого триумфа в битве при Кадеше. Огромный монумент также будет служить напоминанием народу Нубии о величии и силе Египта. Людям богатой залежами золота и редких самоцветов Нубии всегда было неуютно под властью Египта.

Чтобы покончить с этим, вы должны быть всегда готовы к обороне и отправлять войска на случай, если они понадобятся фараону. Песчаник можно продавать для строек в других землях царства, как и прочие товары, что вы можете производить в этом богатом на сырьё краю. Но драгоценной древесины там очень мало. Вам определённо придётся наладить торговый путь для закупки этого товара, поскольку он понадобится для возведения строительных лесов вокруг огромной скульптуры."
Missions/#C43_name,Text,,Абу-Симбел
Missions/#C43_tagline,Text,,Колоссы Абу-Симбела
Missions/#C43_victory,Text,,"Превосходный результат! Рамсес II доволен величественным монументом, что вы возвели в его честь в Абу-Симбеле."
Missions/#C44_name,Text,,Рамсес в Долине
Missions/#C44_tagline,Text,,Непревзойдённая усыпальница
Missions/#C44_victory,Text,,"Прекрасно! Несмотря на непрекращающиеся чуму и несчастья, великая гробница для нашего стареющего фараона полностью готова. Её великолепие само по себе говорит, как мы ценим Рамсеса II, величайшего повелителя Египта."
Missions/#C45_mission,Text,,"С запада поступают всё более тревожные сообщения о растущих волнениях и недовольствах. Разведчики с запада докладывают о прибытии на берег Киренаики варварских племён, говорящих на незнакомом языке. Хуже того, эти племена объединились с Марайей, сыном Дида, царя ливийцев и врага фараона. До фараона Мернептаха дошли слухи, что эти наглецы с жёнами, детьми и всем скарбом скоро отправятся искать место для поселения на восток, к плодородной дельте Нила — на нашу родную землю!

У северных оазисов Сива и Фарафра уже случились небольшие стычки. На пути врага стоит ваш город Пи-Ер. Скоро эти дикари окажутся у ваших ворот. Фараон повелел не допустить их дальше! Вам понадобятся древесина для постройки крепких военных кораблей и медь для оружия. На ваше счастье, воинственные хетты, благодаря великой победе отца Мернептаха Рамсеса II у Кадеша, не доставляют больше никаких неприятностей. Укрепите свой город и подготовьте верные отряды к смертельной битве."
Missions/#C45_name,Text,,Пи-Ер
Missions/#C45_tagline,Text,,Земля народов моря
Missions/#C45_victory,Text,,"Солнце потеснило ненастные тучи над Египтом. Ликует народ! Вероломный предводитель либу и его союзники с моря бежали под покровом ночи. Их непродуманный план поселиться у наших берегов провалился. И как удачно для нас, что столько их женщин и детей теперь оказались в плену у нас."
Missions/#C46_tagline,Text,,Отпор ассирийцам
Missions/#C47_name,Text,,Танис
Missions/#C47_tagline,Text,,Возрождение флота
Missions/#C47_victory,Text,,"Славьтесь, герой Таниса, защитник Египта! Ваши блестящие победы на земле и на воде сохранили независимость Египта. Некогда могущественные персы теперь дрожат от страха при имени фараона Ахориса."
Missions/#C48_name,Text,,Александрия
Missions/#C48_tagline,Text,,Александр Великий
Missions/#C48_victory,Text,,"Вы справились достойно. Ваша мудрость и тщательное планирование сделали Александрию центром торговли в Средиземноморье. Какое несчастье, что сам Александр Великий так и не увидел столицы своей империи. Но мы хотя бы знаем, что он надёжно погребён в её сердце."
Missions/#C49_name,Text,,Александрия Птолемея
Missions/#C49_tagline,Text,,Светоч Египта
Missions/#C49_victory,Text,,"Славный город Александрия теперь сияет на весь мир, словно маяк! Его Великая библиотека не имеет себе равных как центр науки и знаний, а Фаросский маяк уже стал одним из чудес света."
Missions/#C50_name,Text,,Маритис
Missions/#C50_tagline,Text,,Цезарь и Клеопатра
Missions/#C51_name,Text,,Александрия Клеопатры
Missions/#C51_tagline,Text,,Наследие царицы
Missions/#C51_victory,Text,,"Великолепная Александрия и судьба всего Египта находятся в ваших надёжных руках. Как и ожидалось, когда вы все-таки соблаговолили озарить Марка Антония своим присутствием, он обращался к вам со всеми почестями, надеясь получить деньги для своих целей. Он настолько вами увлёкся, что прибыл в Александрию, чтобы стать вашим спутником и возлюбленным."
Missions/#C52_name,Text,,Акциум
Missions/#C52_tagline,Text,,Антоний и Клеопатра
Missions/#C52_victory,Text,,"Благодаря богатой казне Клеопатры и тактическому гению Антония флот Октавиана и его легионы опытных воинов были разбиты. Римляне с нетерпением ждут триумфального возвращения Антония и Клеопатры, а Рим и Александрия будут рука об руку править всем Средиземноморьем ещё много поколений."
Missions/#CM01_name,Text,,Александрия
Missions/#CM01_tagline,Text,,Александрийское дело
Missions/#CM02_name,Text,,Мосты
Missions/#CM02_tagline,Text,,20 лет до вторжения
Missions/#CM03_name,Text,,Порог
Missions/#CM03_tagline,Text,,Абу или не Абу
Missions/#CM04_name,Text,,Колесничий блиц
Missions/#CM04_tagline,Text,,Расширение империи
Missions/#CM05_name,Text,,Империя
Missions/#CM05_tagline,Text,,Правьте своей империей
Missions/#CM06_name,Text,,Энгоми
Missions/#CM06_tagline,Text,,Побудь здесь
Missions/#CM07_name,Text,,Крепость Керма
Missions/#CM07_tagline,Text,,Кушиты требуют Керму назад
Missions/#CM08_name,Text,,Врата в Атлантиду
Missions/#CM08_tagline,Text,,Мы не одиноки...
Missions/#CM09_name,Text,,Хенен-несут
Missions/#CM09_tagline,Text,,"Так значит, ты хочешь стать фараоном"
Missions/#CM10_name,Text,,Святой Грааль
Missions/#CM10_tagline,Text,,Святой Грааль
Missions/#CM11_name,Text,,Враждебные народы
Missions/#CM11_tagline,Text,,Суровые времена в изобилии
Missions/#CM12_name,Text,,Царь
Missions/#CM12_tagline,Text,,Хорошо быть царём
Missions/#CM13_name,Text,,Кирена
Missions/#CM13_tagline,Text,,Река в Ливии
Missions/#CM14_name,Text,,Забытая гробница
Missions/#CM14_tagline,Text,,Забытая гробница фараона
Missions/#CM15_name,Text,,НАФТА
Missions/#CM15_tagline,Text,,Североафриканская зона свободной торговли
Missions/#CM16_name,Text,,Мемфис фараона
Missions/#CM16_tagline,Text,,Создайте свою столицу
Missions/#CM17_name,Text,,Схема пирамиды
Missions/#CM17_tagline,Text,,2 плюс 2 будет 5
Missions/#CM18_name,Text,,Песочница
Missions/#CM18_tagline,Text,,Просто возведение города
Missions/#CM19_name,Text,,Песочница: ломаная пирамида и сфинкс
Missions/#CM19_tagline,Text,,Просто возведение города
Missions/#CM20_name,Text,,Песочница: мавзолеи и мастабы
Missions/#CM20_tagline,Text,,Просто возведение города
Missions/#CM21_name,Text,,Песочница: кирпичные пирамиды
Missions/#CM21_tagline,Text,,Просто возведение города
Missions/#CM22_name,Text,,Песочница: обелиски
Missions/#CM22_tagline,Text,,Просто возведение города
Missions/#CM23_name,Text,,Песочница: пирамиды
Missions/#CM23_tagline,Text,,Просто возведение города
Missions/#CM24_name,Text,,Песочница: храм Солнца
Missions/#CM24_tagline,Text,,Просто возведение города
Missions/#CM25_name,Text,,Шаат
Missions/#CM25_tagline,Text,,Египетский форпост
Missions/#CM26_name,Text,,Небольшой оазис
Missions/#CM26_tagline,Text,,Вода — это жизнь
Missions/#CM27_name,Text,,Ступени
Missions/#CM27_tagline,Text,,Город ступенчатых пирамид
Missions/#CM28_name,Text,,Хорошая жизнь
Missions/#CM28_tagline,Text,,Живи долго и процветай
Missions/#CM29_name,Text,,Тошка
Missions/#CM29_tagline,Text,,Нубийский рубеж
Missions/#CM30_name,Text,,Два города
Missions/#CM30_tagline,Text,,Помогите братскому городу
Missions/#CM31_name,Text,,Неуверенность
Missions/#CM31_tagline,Text,,Самоподдерживающийся город
Missions/#CM32_name,Text,,Военные действия
Missions/#CM32_tagline,Text,,Держите дороги открытыми
Missions/#CM33_name,Text,,Загадка Сфинкса
Missions/#CM33_tagline,Text,,Каменный страж
Missions/#Cleopatras_Capital_desc,Text,,"Сам Александр Великий определил будущее место Александрии — города-порта на Средиземном море, который предстоит вам построить. В течение 300-летнего правления Птолемеев, которое закончится на Клеопатре VII, Александрия станет величайшим городом мира, а своим богатством и численностью превзойдёт даже Рим. Мавзолей Александра, Великая библиотека, Фаросский маяк и Цезариум — вот проекты, которыми вам предстоит заняться. Но как же грозные римские легионы? Пойдут ли они войной на Египет Клеопатры или защитят его?"
Missions/#Cleopatras_Capital_name,Text,,Столица Клеопатры
Missions/#Cleopatras_Capital_tooltip,Text,,Птолемей из Греции возвращает земле фараонов былую славу и отводит угрозу Рима.
Missions/#DefeatConditions_Content,Text,,"Миссия будет проигранной, если ваш долг превысит 5000 дебенов. Внимательно следите за своей казной!"
Missions/#DefeatConditions_Title,Text,,Условия поражения
Missions/#EndDemo,Text,,"Отлично! Спасибо, что поиграли в демо-версию Pharaoh A New Era. Если вам понравилось в Древнем Египте, добавьте игру в список желаемого! Вы также можете следить за процессом разработки на <link=""https://twitter.com/Triskell_Int""><u><color=#4374de>Twitter</color></u></link>, <link=""https://www.youtube.com/channel/UCMFarZeUbflrWorte1Bo5Rg""><u><color=#4374de>Youtube</color></u></link> и <link=""https://discord.gg/pharaohnewera ""><u><color=#4374de>Discord</color></u></link>."
Missions/#Middle_Kingdom_desc,Text,,Рождённое в распрях Среднее царство оказывается временем больших возможностей для вашего рода. Под вашим правлением Египет возвращает себе былую славу... и приумножает её.
Missions/#Middle_Kingdom_name,Text,,Среднее царство
Missions/#Middle_Kingdom_tooltip,Text,,"Несмотря на сложное начало, Среднее царство сулит вам великие возможности для вашей династии."
Missions/#New_Kingdom_desc,Text,,"Странные новые враги с ужасающим оружием ставят точку в истории Среднего царства, но вместе с тем готовят величественное становление Нового царства."
Missions/#New_Kingdom_name,Text,,Новое царство
Missions/#New_Kingdom_tooltip,Text,,"Среднее царство сметает жестокий новый враг, вооружённый хитроумным и превосходным оружием. Но на обломках прежней страны Египет переродится вновь."
Missions/#Old_Kingdom_desc,Text,,"В период Древнего царства Египет достиг невиданного богатства, славы и могущества. И хотя по всей долине Нила возводятся невероятные монументы, мудрецы пророчат беды в будущем Двух земель."
Missions/#Old_Kingdom_name,Text,,Древнее царство
Missions/#Old_Kingdom_tooltip,Text,,"Для Египта наступает золотой век богатства, власти и славы, по всей стране возводятся невероятные монументы. И всё же, достигнув таких головокружительных высот, Египет вязнет в войнах."
Missions/#Predynastic_desc,Text,,"Ваш род берёт начало в Додинастическом периоде, когда небольшая группа кочевников под вашим руководством едва познала плоды цивилизации. Под вашим руководством Египет ступает на путь к величию, едва различимом в отдалённом будущем."
Missions/#Predynastic_name,Text,,Додинастический период
Missions/#Predynastic_tooltip,Text,,"Во времена Додинастического периода кланы, которые со временем будут править Египтом, делают первые неуверенные шаги на пути к цивилизации."
Missions/#RamsesII_desc,Text,,"Рамсес II стал третьим правителем династии, берущей начало от его деда, Рамсеса I, визиря нецарского происхождения, который занял престол, когда Хоремхеб умер, не оставив наследников. Вам нужно достичь триумфальных побед на поле боя и воздвигнуть великие монументы, дабы убедить подданных в своей богоподобной сущности, наполнить сердца неприятелей отчаянием и провозгласить имя Рамсеса Великого и славу Египта на для грядущих поколений."
Missions/#RamsesII_name,Text,,Рамсес II
Missions/#RamsesII_tooltip,Text,,Рамсес II одержал самую великую победу для Египта и в честь своих достижений возвёл потрясающие воображение монументы.
Missions/#Valley_ot_Kings_desc,Text,,"Века разъели и выветрили камни в величественных пирамидах ваших предков. Гробницы внутри них были осквернены, а спрятанные сокровища разграблены бандитами, которых несомненно ждёт вечная кара богов! Вы решаете отказаться от пирамид и основываете новый некрополь в уединённой долине напротив Фив. Гробницы высекаются в самих скалах, и так рождается Долина Царей, надёжно защищённая от грабителей. Или нет?"
Missions/#Valley_ot_Kings_name,Text,,Долина Царей
Missions/#Valley_ot_Kings_tooltip,Text,,С развитием нового некрополя в Долине Царей у фараонов появляется новый способ подготовиться к путешествию в загробный мир.
Missions/Periods/#Ancient_Conquerors,Text,,Древние завоеватели
Missions/Periods/#Archaic,Text,,Раннее царство
Missions/Periods/#Cleopatras_Capital,Text,,Столица Клеопатры
Missions/Periods/#Middle_Kingdom,Text,,Среднее царство
Missions/Periods/#New_Kingdom,Text,,Новое царство
Missions/Periods/#None,Text,,Нет
Missions/Periods/#Old_Kingdom,Text,,Древнее царство
Missions/Periods/#Predynastic,Text,,Додинастический период
Missions/Periods/#Ramses_I_I,Text,,Рамсес II
Missions/Periods/#Valley_Of_Kings,Text,,Долина Царей
Worldmap/#AbuSimbel,Text,,Абу-Симбел
Worldmap/#Actium,Text,,Акциум
Worldmap/#Alexandria,Text,,Александрия
Worldmap/#Athens,Text,,Афины
Worldmap/#BahariyaOasis,Text,,Оазис Бахария
Worldmap/#Bubastis,Text,,Бубастис
Worldmap/#Buhen,Text,,Бухен
Worldmap/#Byblos,Text,,Библ
Worldmap/#Canaan,Text,,ХАНААН
Worldmap/#CapturedCity,Text,,Захваченный город
Worldmap/#CityTradeBought,Text,,Куплено
Worldmap/#CityTradeBuys,Text,,Покупает
Worldmap/#CityTradeSells,Text,,Продаёт
Worldmap/#CityTradeSold,Text,,Продано
Worldmap/#Cleoantonopolis,Text,,Клеоантонополис
Worldmap/#CommerceOverseer,Text,,К торговому советнику
Worldmap/#CostToOpen,Text,,Стоимость открытия
Worldmap/#Crete,Text,,КРИТ
Worldmap/#Cyprus,Text,,КИПР
Worldmap/#Dahshur,Text,,Дахшур
Worldmap/#DakhlaOasis,Text,,Оазис Дахла
Worldmap/#Deir el-Medina,Text,,Дейр-эль-Медина
Worldmap/#Delta,Text,,ДЕЛЬТА
Worldmap/#DistantCity,Text,,Далёкий город
Worldmap/#Dunqul Oasis,Text,,Оазис Дункул
Worldmap/#EasternAfrica,Text,,ВОСТОЧНАЯ АФРИКА
Worldmap/#EasternDesert,Text,,ВОСТОЧНАЯ ПУСТЫНЯ
Worldmap/#EgyptianCity,Text,,Египетский город
Worldmap/#EgyptianCity_Trade,Text,,Египетский торговый город
Worldmap/#Enkomi,Text,,Энгоми
Worldmap/#Farafra Oasis,Text,,Оазис Фарафра
Worldmap/#Fayuum,Text,,ФАЙЮМ
Worldmap/#ForeignCIty,Text,,Чужеземный город
Worldmap/#ForeignCIty_Trade,Text,,Чужеземный торговый город
Worldmap/#Gaza,Text,,Газа
Worldmap/#Greece,Text,,ГРЕЦИЯ
Worldmap/#Itjtawy,Text,,Иттауи
Worldmap/#Jericho,Text,,Иерихон
Worldmap/#Kerma,Text,,Керма
Worldmap/#Kharga Oasis,Text,,Оазис Харга
Worldmap/#Knossos,Text,,Кносс
Worldmap/#Kyrene,Text,,Кирена
Worldmap/#Lebanon,Text,,ЛИВАН
Worldmap/#Libya,Text,,ЛИВИЯ
Worldmap/#LowerEgypt,Text,,НИЖНИЙ ЕГИПЕТ
Worldmap/#Maritis,Text,,Маритис
Worldmap/#Meidum,Text,,Медум
Worldmap/#Mycenae,Text,,Микены
Worldmap/#Nubia,Text,,НУБИЯ
Worldmap/#OpenCommercialRoad,Text,,Открыть торговый путь
Worldmap/#OpenCommericalLandRoadContent,Text,,"Заплатить, чтобы открыть этот наземный торговый путь?"
Worldmap/#OpenCommericalWaterRoadContent,Text,,"Заплатить, чтобы открыть этот водный торговый путь?"
Worldmap/#OpenLandRoute,Text,,"{0}<sprite name=""Deben""> за открытие наземного торгового пути"
Worldmap/#OpenWaterRoute,Text,,"{0}<sprite name=""Deben""> за открытие водного торгового пути"
Worldmap/#OurCity,Text,,Наш город!
Worldmap/#Palestine,Text,,ПАЛЕСТИНА
Worldmap/#PharaohCity,Text,,Город фараона
Worldmap/#PharaohCity_Trade,Text,,Торговый город фараона
Worldmap/#Pi-Yer,Text,,Пи-Ер
Worldmap/#Piramesse,Text,,Пер-Рамсес
Worldmap/#Qadesh,Text,,Кадеш
Worldmap/#Quantity,Text,,{1}: {0}
Worldmap/#Rome,Text,,Рим
Worldmap/#Saqqara,Text,,Саккара
Worldmap/#SelimaOasis,Text,,Оазис Селима
Worldmap/#SerabitKhadim,Text,,Серабит-Хадим
Worldmap/#Sharuhen,Text,,Шарухен
Worldmap/#Sinai,Text,,СИНАЙ
Worldmap/#Siwi Oasis,Text,,Оазис Сива
Worldmap/#Sumur,Text,,Симира
Worldmap/#Syria,Text,,СИРИЯ
Worldmap/#Tanis,Text,,Танис
Worldmap/#Thinis,Text,,Тинис
Worldmap/#Timna,Text,,Тимна
Worldmap/#Toshka,Text,,Тошка
Worldmap/#TradeRouteClose,Text,,торговый путь закрыт
Worldmap/#TradeRouteClosed,Text,,Этот торговый маршрут ещё не открыт
Worldmap/#TradeRouteInfoLand,Text,,наземный путь
Worldmap/#TradeRouteInfoWater,Text,,водный путь
Worldmap/#TradeRouteOpen,Text,,доступен торговый путь
Worldmap/#Tyre,Text,,Тир
Worldmap/#Undersiege,Text,,торговый город в осаде
Worldmap/#UpperEgypt,Text,,ВЕРХНИЙ ЕГИПЕТ
Worldmap/#WesternDesert,Text,,ЗАПАДНАЯ ПУСТЫНЯ
