Key,Type,Desc,Ru
Guide/,Text,,Религия
Guide/#FAQ_Title,Text,,"<color=white>Часто задаваемые вопросы</color>"
Guide/#FAQ_Content,Text,,"<color=white>Деньги</color>
<color=white>В:</color> Я хочу, чтобы у моего города были деньги — и как можно больше. Как лучше всего наполнить городскую казну?
<color=white>О:</color> Ответ прост: город должен зарабатывать больше, чем тратит. Убедитесь, что почти все жители города платят налоги. Повышение налоговой ставки пополнит казну, однако полученных средств может оказаться недостаточно, чтобы компенсировать ухудшение <link=""#PopulationGrowth_Title""><color=#00FFFF>настроения в городе</color></link>, вызванное повышением налогов. Кроме того, как можно скорее откройте <link=""#Trade_Title""><color=#00FFFF>торговые</color></link> пути и экспортируйте как можно больше товаров. Сверяйтесь с <link=""#WorldMap_Title""><color=#00FFFF>картой мира</color></link>, чтобы видеть, насколько город приблизился к годовым ограничениям торговли.
Сокращение городских расходов также повышает прибыль. Развивайте город медленно и осмотрительно. Сами здания, разумеется, стоят денег, но нужно учитывать и жалованье работников, а также расходы на жильё и услуги для них. Слишком быстрое развитие города легко может привести к долгам из-за затрат на оплату труда и сопутствующие службы.

<color=white>В:</color> Почему мой город не может собирать налоги?
<color=white>О:</color> Убедитесь, что построили дворец. Город не может собирать налоги, пока не будет построен дворец.

<color=white>В:</color> Я изо всех сил тружусь, но мне не платят. В чём дело?
<color=white>О:</color> Жалоба, конечно, распространённая. В Pharaoh вы не можете назначить себе личное жалованье, пока не построите особняк.

<color=white>В:</color> Как платить дань? Что произойдёт, если я её не заплачу?
<color=white>О:</color> Если у вас есть деньги, в конце года казна автоматически выплачивает дань. Просто проследите, чтобы к концу года в хранилищах оставались средства. Если казна пуста, выплатить дань не получится и ваш <link=""#Ratings_Title""><color=#00FFFF>рейтинг царства</color></link> снизится. Если вы не сможете заплатить дань второй год подряд, рейтинг царства упадёт ещё немного, а при дальнейшем росте задолженности штраф станет серьёзнее. Подробнее см. раздел о <link=""#Money_Title""><color=#00FFFF>долгах</color></link>.

<color=white>Ходоки</color>
<color=white>В:</color> Почему здание, у которого указан доступ к рабочей силе, так и не находит работников?
<color=white>О:</color> Вероятно, вы построили <link=""#Roadblock_Title""><color=#00FFFF>заграждение</color></link> слишком близко к зданию. Понаблюдайте за зданием и убедитесь, что его ходок выходит с правильной стороны заграждения. Иногда служащие здания отправляют своего ходока не в ту сторону. Особенно неприятно это для искателей рабочей силы: здание считает, что доступ к работникам у него есть, но заграждение не позволяет ходоку добраться до жилых кварталов. Перестройте заграждение на одну клетку дальше.

<color=white>Религия</color>
<color=white>В:</color> Я хочу устроить праздник, но игра не позволяет. Почему?
<color=white>О:</color> Причин может быть несколько. Есть ли в городе праздничная площадь? Нет площади — нет праздников. Проводили ли вы уже два праздника за последние 12 месяцев? За любой двенадцатимесячный период в городе можно провести не более двух праздников. Для большого праздника убедитесь, что запасено достаточно пива. Наконец, проверьте городскую казну: если город не может оплатить праздник, провести его не получится.

<color=white>В:</color> Бог-покровитель моего города постоянно сердится. Что нужно сделать, чтобы его умилостивить?
<color=white>О:</color> Бог-покровитель требует больше внимания, чем местные божества. Убедитесь, что в его или её честь в городе построено больше храмов и святилищ, чем в честь остальных богов, и подумайте о строительстве большого храмового комплекса, посвящённого покровителю.

<color=white>Развлечения</color>
<color=white>В:</color> Я не могу найти подходящее место для развлекательного заведения. В чём может быть проблема?
<color=white>О:</color> За исключением домов сенета, развлекательные заведения нужно размещать на перекрёстках — Т-образных или обычных. Вокруг перекрёстка также должно быть достаточно свободного места для сцен.

<color=white>В:</color> В городе много развлекательных заведений, но нет артистов. Почему представления не начинаются?
<color=white>О:</color> Убедитесь, что в городе построены учебные заведения. Прежде чем развлекать публику, артисты должны освоить своё ремесло.

<color=white>В:</color> Почему мой дом сенета не работает?
<color=white>О:</color> Всё дело в пиве. Убедитесь, что в доме сенета есть пиво для посетителей.

<color=white>Земледелие</color>
<color=white>В:</color> Почему пойменные фермы не производят урожай?
<color=white>О:</color> Проверьте, есть ли рядом с фермами рабочий лагерь. Крестьяне из рабочего лагеря обрабатывают почву пойменных ферм.

<color=white>В:</color> Сколько пойменных ферм может обслуживать один рабочий лагерь?
<color=white>О:</color> Зависит от обстоятельств. Полное объяснение приведено в разделе справки о <link=""#WorkCamp_Title""><color=#00FFFF>рабочих лагерях</color></link>.

<color=white>В:</color> Я построил рыбацкую пристань, но у неё нет лодки. Почему?
<color=white>О:</color> Рыбацкие лодки строит верфь. Убедитесь, что в городе работает хотя бы одна верфь.

<color=white>Хранение и распределение</color>
<color=white>В:</color> На базарах постоянно заканчиваются еда и товары. Как поддерживать запасы на прилавках?
<color=white>О:</color> Постройте рядом с базаром амбар и склад. Если закупщице приходится далеко ходить, за время её отсутствия на базаре обязательно что-нибудь закончится. Используйте особые распоряжения амбара и склада, чтобы в них всегда имелся достаточный запас припасов.

<color=white>В:</color> Как наиболее эффективно использовать склады?
<color=white>О:</color> Чтобы получить максимум пользы от <link=""#StorageYard_Title""><color=#00FFFF>складов</color></link>, тщательно выбирайте их расположение и правильно применяйте особые распоряжения. Склады следует размещать рядом со зданиями, которым нужны хранящиеся там припасы: базарами, доками, площадками строительства памятников и производствами. С помощью особых распоряжений склада добейтесь, чтобы в нём хранились именно те товары, которые нужны соседним зданиям. Склады также следует располагать рядом с производственными зданиями, чтобы сократить время пути возчиков. Если возчику приходится далеко везти товары, производство может простаивать до его возвращения.

<color=white>Памятники</color>
<color=white>В:</color> Как ускорить строительство памятника?
<color=white>О:</color> Постройте рядом со стройплощадкой достаточно рабочих лагерей, необходимых строительных гильдий и складов, принимающих только строительные материалы. Если город способен самостоятельно производить строительные материалы, постройте много каменоломен и кирпичных мастерских, чтобы склады не пустовали. Также обеспечьте город древесиной, необходимой гильдии плотников для строительства пандусов и лесов. Если город не может производить нужное сырьё, импортируйте у торговых партнёров как можно больше. Если строительство памятника по какой-либо причине замедлилось, щёлкните правой кнопкой мыши по стройплощадке и спросите прораба. Он объяснит, что задерживает работы. Кроме того, если в городе несколько строек, крестьяне и строители могут не договориться, с какой начать, и в итоге не работать ни на одной.

<color=white>В:</color> Для строительства памятника нужен определённый ресурс, но мой город не может его производить и никто не хочет его продавать. Создатели миссии ошиблись?
<color=white>О:</color> В некоторых миссиях необходимый торговый путь открывается только после выполнения просьб других городов, особенно просьб о военной помощи. Если вы не выполните первую просьбу, обычно ещё будет возможность исправиться и открыть жизненно важный торговый путь. Если продолжите игнорировать такие просьбы, можете проиграть миссию. В каждой миссии доступны все необходимые товары, но иногда их приходится заслужить, и успех не всегда гарантирован.

<color=white>Торговля</color>
<color=white>В:</color> Я открыл торговый путь, но город ничего не импортирует и не экспортирует. Как начать торговлю?
<color=white>О:</color> Посетите торгового советника и укажите, какие товары покупать или продавать. Также убедитесь, что в городе есть склад, а если торговый партнёр прибывает по воде — ещё и док.

<color=white>В:</color> Я пытаюсь импортировать еду. Торговый путь открыт, торговому советнику поручен импорт, но еда всё равно не поступает. Жители голодают — что делать?
<color=white>О:</color> Убедитесь, что склады получили распоряжение принимать импортируемую еду. Помните: по умолчанию склады не принимают продукты.

<color=white>В:</color> Я позволил <link=""#OverseerCommerce_Title""><color=#00FFFF>торговому советнику</color></link> определять объём товаров, который следует держать на складах. Как убедиться, что он принимает верные решения?
<color=white>О:</color> Получив поручение управлять торговлей, торговый советник учитывает численность населения города, действующие производства и строящиеся памятники. На основании только этих факторов он оценивает потребности города. Чтобы увидеть его рекомендации, нажмите кнопки управления соответствующим товаром. Когда появится кнопка выбора объёма, показанное по умолчанию количество и будет тем запасом, который торговый советник рекомендует держать на складах.

<color=white>Жильё</color>
<color=white>В:</color> Размеченные мной жилые участки постоянно исчезают. Что происходит?
<color=white>О:</color> Любое жильё должно находиться не дальше двух клеток от дороги, иначе оно исчезнет. Кроме того, переселенцы должны иметь возможность добраться до жилых кварталов. Убедитесь, что между точками входа и выхода переселенцев из города — <link=""#Roads_Title""><color=#00FFFF>царской дорогой</color></link> — и вашим жильём существует свободный путь."
Guide/#AbuSimbel_Content,Text,,"Храм Абу-Симбел представляет собой величественный монумент, высеченный по приказу Рамсеса II в скалах из песчаника в верховьях Нила в Нубии. Чтобы начать строительство Абу-Симбела, сначала выберите его из списка монументов, при этом на карте появится его проекция. Основная часть монумента должна находиться внутри скал. Вход, который выступает со стороны монумента, должен располагаться на расчищенной земле. Если вся проекция приобретёт зелёный цвет, то это значит, что выбрано подходящее место. Щёлкните левой кнопкой мыши, чтобы зафиксировать место строительства. Возможно, во время поиска подходящей площадки вам пригодится Плоский режим, скрывающий все скалы.
После выбора площадки вам понадобится квалифицированная рабочая сила из соответствующих артелей: <link=""#ConstructionGuilds_Title""><u>каменотёсы</u></link> (для работы по камню) и <link=""#ConstructionGuilds_Title""><u>плотники</u></link> (для установки строительных лесов). Плотникам для работы потребуется <link=""#WoodCutter_Title""><u>древесина</u></link>, которую можно закупать через <link=""#Trade_Title""><u>торговые пути</u></link> или рубить на месте с помощью дровосеков.
Щёлкните по монументу, чтобы просмотреть отчёт о ходе работ от его <link=""#ConstructionForeman_Title""><u>прораба</u></link>."
Guide/#AbuSimbel_Title,Text,,Абу-Симбел
Guide/#Alexandria_Content,Text,,"Учёные и мудрецы со всего известного мира стекаются в великую Александрийскую библиотеку, крупнейшее хранилище всех знаний человечества. Для строительства Александрийской библиотеки сперва необходимо подобрать подходящее место. Выберите её из списка монументов, при этом на карте появится её проекция. Если проекция полностью зелёная, это значит, что выбранное место полностью соответствует необходимым требованиям.
Для строительства Александрийской библиотеки необходимы услуги чернорабочих из <link=""#WorkCamp_Title""><u>рабочих лагерей</u></link>, <link=""#ConstructionGuilds_Title""><u>каменотёсов</u></link> и <link=""#ConstructionGuilds_Title""><u>плотников</u></link> из соответствующих артелей. Плотникам для строительных лесов потребуется <link=""#WoodCutter_Title""><u>древесина</u></link>, которую можно закупать у других городов, если рядом не растут деревья. Вам также потребуется <link=""#Trade_Title""><u>закупать</u></link> белый мрамор. Для завершения строительства понадобится <link=""#GoldMine_Title""><u>медь</u></link>, которую можно получить либо из собственных рудников, либо у других городов.
Щёлкните по Александрийской библиотеке во время её строительства, чтобы получить отчёт о ходе работ от <link=""#ConstructionForeman_Title""><u>прораба</u></link>."
Guide/#Alexandria_Title,Text,,Александрийская библиотека
Guide/#Apothecary_Content,Text,,"Аптеки являются заведениями, отправляющими на обход улиц аптекарей. Аптекари обезвреживают всех <link=""#Health_Title""><u>заражённых чумой жителей</u></link>, что встретят на своём пути. Аптекари наиболее важны для снижения риска возникновения <link=""#Health_Title""><u>малярии</u></link>. Аптекарям для своей работы необходим доступ к дороге и рабочей силе.
Свяжитесь с <link=""#OverseerHealth_Title""><u>советником по здравоохранению</u></link>, чтобы получить дополнительную информацию."
Guide/#Apothecary_Title,Text,,Аптека
Guide/#Architect_Content,Text,,"Такие крупные сооружения, как склады, рудники, амбары, храмы и храмовые комплексы, подвержены риску обрушения. Архитекторы, обходящие улицы города, устраняют дефекты до того, как наступит непоправимое. Архитекторы находится на постах архитектора, которым для своей работы необходим доступ к дорогам и рабочей силе. Если вы заметили, что у определённого здания высокий риск обрушения, разместите рядом пост архитектора, чтобы архитектор позаботился об этом.
Обрушение может вызвать катастрофические последствия. Если обрушится <link=""#Granary_Title""><u>амбар</u></link> или <link=""#StorageYard_Title""><u>склад</u></link>, все запасы пищи и товаров в них будут потеряны."
Guide/#Architect_Title,Text,,Пост архитектора
Guide/#Bandstand_Content,Text,,"Эстрады — это площадки среднего размера с двумя сценами: для жонглёров и музыкантов. Сцена жонглёров находится в одном углу площадки, а музыканты играют на второй сцене в другом углу. Эстрады должны быть размещены на обычном или Т-образном перекрёстке. Им нужны собственные рабочие для удовлетворения потребностей исполнителей, а также обученные в <link=""#TrainingCenters_Title""><u>учебных центрах</u></link> жонглёры и музыканты. Домам нужен доступ к развлечениям для дальнейшего <link=""#HousingDesirability_Title""><u>развития</u></link>, а жонглёры и музыканты приносят пользу всем домам, мимо которых проходят. Наличие эстрады по соседству также повышает привлекательность района.
Действующие эстрады также влияют на <link=""#Ratings_Title""><u>рейтинг культуры</u></link> города. Чтобы узнать, сколько жонглёров и музыкантов работает в городе, посетите <link=""#OverseerDiversions_Title""><u>советника по развлечениям</u></link>."
Guide/#Bandstand_Title,Text,,Эстрада
Guide/#Barley_Content,Text,,"Фермы по выращиванию ячменя, льна и хны немного отличаются от ферм <link=""#GrainFarm_Title""><u>зерна</u></link>, <link=""#Fruit_Title""><u>фруктов и овощей</u></link>: они производят не пищу, а сырьё для изготовления товаров. Ячмень выращивается для производства <link=""#Brewery_Title""><u>пива</u></link>, лён — <link=""#Weaver_Title""><u>ткани</u></link>, а хна — <link=""#PaintMaker_Title""><u>краски</u></link>. При этом эти фермы строятся и функционируют точно так же, как и другие фермы.
Фермы можно размещать на пойменных полях. Вне поймы их необходимо размещать на пахотных лугах, которые можно отличить по растущим на них цветам. Фермы должны находиться рядом с дорогой и нуждаются в рабочей силе. Пойменным фермам не нужен прямой доступ к рабочим, они используют труд чернорабочих с <link=""#WorkCamp_Title""><u>рабочих лагерей</u></link>. Прочтите раздел <link=""#FoodFarming_Title""><u>Земледелие</u></link> прежде, чем размещать новые поля.
После сбора урожая сырьё отправляют в ближайшую мастерскую, для которой оно нужно (ячмень — в пивоварню,  лён — в ткацкую мастерскую, хна — в мастерскую по изготовлению красок). Там сырьё перерабатывается в готовый продукт, который затем распространяется среди жителей, используется в <link=""#ConstructionGuilds_Title""><u>артели художников</u></link> или <link=""#Trade_Title""><u>продаётся</u></link> другим городам. Если подходящих мастерских нет или в них нет свободного места, ячмень, лён и хну отправляют на <link=""#StorageYard_Title""><u>склад</u></link>. Все три фермы отрицательно влияют на <link=""#HousingDesirability_Title""><u>привлекательность</u></link> находящихся рядом районов."
Guide/#Barley_Title,Text,,"Фермы по выращиванию ячменя, льна и хны"
Guide/#Bazaar_Content,Text,,"Без базаров у людей никогда не будет доступа к еде и товарам, хранящимся в <link=""#Granary_Title""><u>амбарам</u></link> и на <link=""#StorageYard_Title""><u>складах</u></link>. Только базары могут распределять необходимые припасы населению. Для нормального функционирования базарам необходим доступ к дорогам и рабочей силе. Базар по-прежнему будет функционировать, если в нём не хватает работников, но с гораздо меньшей эффективностью. На каждом базаре работают две закупщицы, одна из которых покупает продукты в амбарах, а другая — на складах. Их обязанности не пересекаются — закупщица амбаров не может приобретать товары со склада, и наоборот. Однако закупщица может приобретать более одного товара одновременно.
Так, например, идущая в амбар закупщица может купить там и зерно, и гранаты, но не сможет купить зерно и керамику, поскольку керамика не хранится в амбарах. Как только закупщица найдёт нужные ей товары, она вернётся на базар вместе с вереницей помощников, несущих тяжёлый груз.

Закупщица является <link=""#Walkers_Title""><u>служащим, имеющим точку назначения</u></link>. Она проводит свою жизнь, курсируя между своим базаром и городскими амбарами и складами. Она не станет ходить через весь город, чтобы добраться до необходимых припасов, и она не будет вести дела с поставщиками за пределами её досягаемости. Если вы заметите, что закупщица сидит без дела, скорее всего, необходимые товары находятся слишком далеко или ей приходится иметь дело со слишком большим количеством поставщиков.
Другая работница базара, базарная торговка, берет закупленные товары и распределяет их по близлежащим районам. Когда торговка проходит на расстоянии двух клеток от жилья, он снабжает каждый дом всеми необходимыми товарами, что есть у неё при себе. Первоочередной задачей является пополнение запасов предметов, которые необходимы дому, чтобы он не деградировал (см. статью <link=""#HousingDesirability_Title""><u>Дома и привлекательность</u></link>). Когда эти потребности удовлетворены, домам понадобятся товары, который необходимы для развития дома. Таким образом, базарная торговка — это «бродячий служащий». Её задача — бродить по близлежащим кварталам и обслуживать встреченных клиентов, а не идти к какому-то конкретному месту назначения.
Если в какой-то район не поступает товар, проследите маршрут следования торговки. Она не следует заданному маршруту. Каждый раз, попадая на перекрёсток, она случайным образом выбирает куда идти и не всегда будет ходить одним и тем же путём. Тщательно планируйте городские дороги и используйте <link=""#Roadblock_Title""><u>заграждения</u></link>, чтобы ограничивать передвижения торговок. Улучшенная версия базара (его внешний вид будет отличаться от первоначального вида палатки) будет посылать уже двух «бродячих служащих» вместо одного.

Потребности людей в основных товарах — продуктах питания и керамике, будут удовлетворяться до того, как будут удовлетворены более изысканные нужды в пиве или ткани. Базарные закупщицы проигнорируют склад, битком набитый тканью, если дома, которые они обслуживают, нуждаются в керамике. Таким образом, очень важно поддерживать стабильные поставки товаров, в которых начинают нуждаться дома. Помните, что по мере развития дома начинают вмещать больше людей и, следовательно, потребляют больше товаров. Иногда приходится добавить больше базаров, чтобы обеспечить надлежащий запас товаров в районе. Щёлкните по дому, чтобы увидеть, в чём в данный момент нуждаются его обитатели.
Чтобы помочь жителям в поставках продуктов и товаров, стройте амбары и склады рядом с базарами. Используйте специальные заказы амбара и склада, чтобы обеспечить их именно теми товарами, в которых нуждаются базары. Для большего контроля щёлкните по базару, чтобы увидеть список хранимых товаров. В этом списке можно задавать товары, которые базар будет приобретать. Хотя существование жителей зависит от наличия товаров в ближайшем базаре, никто из них не хочет жить слишком близко к ним. Это очень шумные места, на которых иногда попадаются неопрятные личности, и запах от них может быть неприятным."
Guide/#Bazaar_Title,Text,,Базар
Guide/#BentPyramid_Content,Text,,"Придумавшие ломаную пирамиду архитекторы, задумали гигантский обелиск с ломаными сторонами, символизирующий согревающие лучи солнца. Чтобы пирамида сияла так же ярко, как солнце, её стороны были сглажены. Чтобы построить ломаную пирамиду, вам потребуются запасы <link=""#StoneQuarries_Title""><u>камня</u></link> и <link=""#StoneQuarries_Title""><u>известняка</u></link> и чернорабочие из <link=""#WorkCamp_Title""><u>рабочего лагеря</u></link>. Когда на <link=""#StorageYard_Title""><u>складе</u></link> появятся четыре блока камня или известняка, рабочие погрузят их на салазки и перетащат их на строительную площадку. Чтобы правильно уложить камни, необходимы услуги <link=""#ConstructionGuilds_Title""><u>артели каменщиков</u></link>. <link=""#ConstructionGuilds_Title""><u>Артель плотников</u></link> изготовит пандусы из доставленной в неё древесины. Ломаные пирамиды бывают двух размеров.
Для получения дополнительной информации обратитесь к статьям <link=""#MonumentConstruction_Title""><u>строительство монументов</u></link>, <link=""#OverseerMonuments_Title""><u>советник по монументам</u></link> и <link=""#ConstructionForeman_Title""><u>прораб</u></link>."
Guide/#BentPyramid_Title,Text,,Ломаная пирамида
Guide/#Booth_Content,Text,,"Помосты — самые маленькие и дешёвые <link=""#Entertainment_Title""><u>развлекательные</u></link> площадки, которые можно построить. На помосте находится только одна сцена, на которой жонглёры развлекают публику акробатикой и трюками. Помостам необходим особое размещение: их нужно ставить только на повороте дороги. Помосты также должны иметь доступ к рабочей силе и обученным жонглёрам. Работники помогают сдерживать толпу и обеспечивают всем необходимым выступающего жонглёра. Жонглёры проходят обучение в соответствующей <link=""#TrainingCenters_Title""><u>школе жонглёров</u></link>, и могут выступать также на <link=""#Bandstand_Title""><u>эстрадах</u></link> и <link=""#Pavilion_Title""><u>сценах</u></link>. Домам нужен доступ к развлечениям для дальнейшего <link=""#HousingDesirability_Title""><u>развития</u></link>, а жонглёры приносят пользу всем домам, мимо которых проходят. Наличие помоста по соседству также повышает привлекательность района.
Активные помосты также влияют на <link=""#Ratings_Title""><u>рейтинг культуры</u></link> города. Чтобы узнать, сколько жонглёров работает в городе, посетите <link=""#OverseerDiversions_Title""><u>советника по развлечениям</u></link>."
Guide/#Booth_Title,Text,,Помост жонглеров
Guide/#Brewery_Content,Text,,"Для своей работы пивоварням необходимы доступ к дороге и рабочей силе и поставки ячменя, который можно выращивать на <link=""#Barley_Title""><u>ячменных фермах</u></link> или закупать у <link=""#Trade_Title""><u>торговых партнёров</u></link>. Одна ферма обычно может обеспечить ячменём две пивоварни. Пивоварни могут хранить у себя немного сырья для непрерывной работы между урожаями. Как только пивовары получат всё необходимое, они начнут варить пиво, и вы увидите их усердную работу в постройке.
Закончив процесс, они отправят разносчика с готовым пивом в <link=""#SenetHouse_Title""><u>дома сенета</u></link> или, если им оно не нужно, на <link=""#StorageYard_Title""><u>склад</u></link>, откуда <link=""#Bazaar_Title""><u>торговки с базара</u></link> распределят его среди ваших жителей. Излишки пива также можно с выгодой <link=""#Trade_Title""><u>продать</u></link>. Пиво является важным товаром, необходимым для развития домов в более привлекательные жилища. Пиво также подаётся на <link=""#OverseerTemple_Title""><u>великих праздниках</u></link>."
Guide/#Brewery_Title,Text,,Пивоварня
Guide/#BrickPyramid_Content,Text,,"Кирпичные пирамиды являются самым сложными пирамидами. Для их постройки необходимо три вида сырья (<link=""#Brickworks_Title""><u>кирпичи</u></link>, <link=""#StoneQuarries_Title""><u>известняк</u></link> и <link=""#WoodCutter_Title""><u>древесина</u></link>) и три вида артелей (<link=""#ConstructionGuilds_Title""><u>каменщиков</u></link>, <link=""#ConstructionGuilds_Title""><u>каменотёсов</u></link> и <link=""#ConstructionGuilds_Title""><u>плотников</u></link>). Также понадобятся чернорабочие из <link=""#WorkCamp_Title""><u>рабочих лагерей</u></link> для доставки кирпичей и камней со <link=""#StorageYard_Title""><u>складов</u></link> на строительную площадку.
Кирпичные пирамиды бывают малыми, средними и большими, образовывая комплекс пирамид и большой комплекс пирамид.
Обратитесь к разделам <link=""#MonumentConstruction_Title""><u>Строительство монументов</u></link>, <link=""#OverseerMonuments_Title""><u>Советник по монументам</u></link> и <link=""#ConstructionForeman_Title""><u>Прораб</u></link> для дальнейшей информации."
Guide/#BrickPyramid_Title,Text,,Кирпичная пирамида
Guide/#Brickworks_Content,Text,,"Кирпичная мастерская производит кирпичи из <link=""#ClayPit_Title""><u>глины</u></link> и <link=""#GrainFarm_Title""><u>соломы</u></link>. Кирпичи используются при строительстве некоторых монументов, а также могут быть <link=""#Trade_Title""><u>проданы</u></link> для получения прибыли. Как только у кирпичной мастерской появится доступ к рабочей силе и дорогам, для его работы потребуется сырьё — солома и глина. Солома производится на <link=""#GrainFarm_Title""><u>зерновых фермах</u></link>, а глина добывается из земли на <link=""#ClayPit_Title""><u>глиняных карьерах</u></link>. Оба материала также можно закупать у <link=""#Trade_Title""><u>торговых партнёров</u></link>.
Когда кирпичная мастерская работает, вы увидите, как рабочие трудятся в его дворе. После изготовления партия кирпича доставляется на <link=""#StorageYard_Title""><u>склад</u></link>. Кирпичные мастерские делают соседние жилые районы <link=""#HousingDesirability_Title""><u>менее привлекательными</u></link>."
Guide/#Brickworks_Title,Text,,Кирпичная мастерская
Guide/#Burial_Content,Text,,"Чтобы обеспечить усопшего всем необходимым для счастливой загробной жизни, необходимо снабдить гробницы погребальными принадлежностями. Погребальные принадлежности — это предметы, которыми усопший пользовался при жизни. Вам также может понадобиться доставить материалы для строительства специального снаряжения, необходимого для загробной жизни, например, похоронная баржа и саркофаг. Памятники не будут завершены, пока вы не предоставите все необходимое для захоронения.
У <link=""#OverseerMonuments_Title""><u>советника по монументам</u></link> есть список всех необходимых предметов и их количество. Когда вы будете готовы отправить их, скажите советнику, чтобы он отправил эти товары в гробницу. Для успешной отправки к монументу на <link=""#StorageYard_Title""><u>складах</u></link> должно быть полное количество необходимых материалов. Некоторые погребальные принадлежности можно будет получить только через <link=""#Trade_Title""><u>закупку</u></link> у соседних городов."
Guide/#Burial_Title,Text,,Погребальные принадлежности
Guide/#Caesareum_Content,Text,,"Одним из великолепнейших архитектурных шедевров Александрии является Цезариум, обширный прибрежный храм и прекрасный ориентир для моряков, заходящих в гавань города. Чтобы построить Цезариум, выберите его из списка монументов, при этом на карте появится его проекция. Найдите достаточно большой участок расчищенной земли. Если проекция полностью зелёная, это значит, что выбранное место полностью соответствует необходимым требованиям. После размещения строительной площадки можно приступать к строительству.
Чернорабочие из <link=""#WorkCamp_Title""><u>рабочего лагеря</u></link> начнут расчищать землю, обнажая коренную породу. Как только земля будет готова, прибудут <link=""#ConstructionGuilds_Title""><u>каменотёсы</u></link> из соответствующей артели для укладки белого мрамора, доставляемого со <link=""#StorageYard_Title""><u>склада</u></link> чернорабочими. Белый мрамор можно только <link=""#Trade_Title""><u>закупить</u></link> от торгового партнёра. Рабочие перетащат его на строительную площадку, как только на складе накопится четыре блока. <link=""#ConstructionGuilds_Title""><u>Плотники</u></link> из соответствующей артели с помощью запасённой <link=""#WoodCutter_Title""><u>древесины</u></link> соорудят строительные леса. Если в городе нет источника древесины, придётся её закупать. Ближе к концу строительства также потребуется поставка гранита со склада, который также можно закупать, если город не может его <link=""#StoneQuarries_Title""><u>добывать</u></link>.
Щёлкните по Цезариуму во время его строительства, чтобы получить отчёт о ходе работ от <link=""#ConstructionForeman_Title""><u>прораба</u></link>."
Guide/#Caesareum_Title,Text,,Цезариум
Guide/#CattleRanch_Content,Text,,"Выращивайте скот на скотоводческих фермах, чтобы организовать поставки мяса жителям города. Скотоводческим фермам необходим доступ к дорогам и рабочей силе. Им также необходима солома, выращиваемая на <link=""#GrainFarm_Title""><u>фермах зерна</u></link> или поставляемая от <link=""#Trade_Title""><u>торговых партнёров</u></link>. Скотоводческие фермы не нужно размещать на плодородных землях, и им не нужен доступ к воде. Прочтите о <link=""#FoodFarming_Title""><u>Пище и земледелии</u></link>, чтобы узнать больше о роли мяса в рационе ваших жителей. Скотоводческие фермы воняют, и людям не нравится жить рядом с ними."
Guide/#CattleRanch_Title,Text,,Скотоводческая ферма
Guide/#ChiefOverseer_Content,Text,,"Главный советник консультируется с остальными советниками, чтобы предоставить примерную картину происходящего в городе. Если вы не уверены, что нужно городу в данный момент, то главный советник — первое лицо, которого нужно посетить. Срочные проблемы, требующие немедленного вмешательства, будут подсвечены жёлтым, серьёзные — белым. Наведите мышь на проблему, чтобы получить совет, каким способом её можно решить. Главный советник также приводит последние показания Нилометра, который предсказывает разлив в следующем сезоне.
Другие советники предоставляют главному советнику отчёт о своей деятельности, так что вам следует внимательно изучать его сведения. Никто, кроме него, не даст лучшего совета о состоянии города. Его предупреждения могут уберечь ваш город от катастроф до того, как они начнутся."
Guide/#ChiefOverseer_Title,Text,,Главный советник
Guide/#ClayPit_Content,Text,,"Глиняный карьер производит глину, из которой изготавливается <link=""#Potter_Title""><u>керамика</u></link> и (в сочетании с <link=""#GrainFarm_Title""><u>соломой</u></link>) <link=""#Brickworks_Title""><u>кирпичи</u></link>. Её также доставляют в <link=""#ConstructionGuilds_Title""><u>артель художников</u></link>, где из неё делают штукатурку. Глиняным карьерам нужен доступ к дороге и рабочей силе. Их можно размещать только рядом с водой. Как только рабочий добудет достаточно глины, карьер отправит разносчика туда, где она необходима.
Разносчик всегда будет стараться доставить глину в ближайшую артель художников, кирпичную или гончарную мастерскую. Если ни одному из этих производств не нужно сырьё, разносчик доставит глину на ближайший готовый её принять <link=""#StorageYard_Title""><u>склад</u></link>. Если никто не хочет принимать сырье, доставщик будет ждать, пока не возникнет потребность. Глиняные карьеры — это уродливые  ямы, вырытые в сырой земле, и ваши разборчивые граждане не захотят жить рядом с таким неприглядным сооружением."
Guide/#ClayPit_Title,Text,,Глиняный карьер
Guide/#ConstructionForeman_Content,Text,,"Как только начнётся возведение монумента, прораб будет предоставлять детальные сведения о процессе строительства. Он постоянно подсчитывает, сколько каждого строительного материала необходимо для завершения монумента. Если при строительстве возникает проблема, он может указать вам её причину. Чтобы посетить прораба, щёлкните по строительной площадке монумента."
Guide/#ConstructionForeman_Title,Text,,Прораб
Guide/#ConstructionGuilds_Content,Text,,"Без строительных артелей вы не сможете построить величественные монументы во славу фараона и Египта. Существует четыре вида артелей: плотников, каменщиков, каменотёсов и художников. Если основную рабочую силу для стройки предоставляют <link=""#WorkCamp_Title""><u>рабочие лагеря</u></link>, мастера из гильдий превращают строительный материал в огромные и сложные строения: пирамиды, сфинкс, мастабы, храм Солнца, мавзолеи и обелиски.
Для каждого монумента необходимы представители определённых артелей. Строительным артелям необходим доступ к дороге и рабочей силе. Артелям плотникам также необходим небольшой запас древесины, а артелям художников — <link=""#PaintMaker_Title""><u>краски</u></link> и <link=""#ClayPit_Title""><u>глины</u></link> (для штукатурки) для завершения гробниц. Каменщики и каменотёсы будут находиться на строительной площадке в ожидании поставок материалов. Из-за постоянного шума жителям не нравится жить рядом с строительными артелями."
Guide/#ConstructionGuilds_Title,Text,,Строительные артели
Guide/#Courthouse_Content,Text,,"Суды — это универсальные городские сооружения. Помимо снижения уровня <link=""#Crime_Title""><u>преступности</u></link> в городских районах, они также хранят часть городского богатства. Жителям нравится безопасность, которую обеспечивает суд, и им нравится жить рядом с таким величественным зданием. Зданиям судов нужен доступ к рабочей силе и дорогам, прежде чем они смогут посылать магистратов для обхода городских улиц. Присутствие магистрата в районе снижает вероятность того, что там случится преступление. Магистраты — это только превентивные меры; если преступление уже случилось, судья ничего не может сделать против разбушевавшегося преступника. Часть городских <link=""#Money_Title""><u>денег</u></link> хранится в зданиях суда. Вы не сможете указать, сколько денег хранится в каждом здании суда.
Ваш <link=""#OverseerTreasury_Title""><u>советник по казне</u></link> гораздо лучше подготовлен для этого и рассчитает соответствующую сумму."
Guide/#Courthouse_Title,Text,,Здание суда
Guide/#Crime_Content,Text,,"Преступность порождается плохими <link=""#PopulationGrowth_Title""><u>настроениями в городе</u></link>. Люди могут быть несчастны по разным причинам — нехватка провизии, низкое жалование, высокие налоги или безработица — но их настроение должно быть особенно плохим, чтобы вспыхнула преступность. Таким образом, лучший способ предотвратить преступления — сделать людей счастливыми. Изобилие товаров и услуг имеет большое значение для выполнения этой задачи. Вы также можете предотвратить преступность, разместив повсюду здания <link=""#Courthouse_Title""><u>суда</u></link> и <link=""#PoliceStation_Title""><u>городской стражи</u></link>. Наличие обеих построек отпугнёт потенциальных преступников.
Несмотря на все ваши усилия, в некоторых частях города могут появляться преступники, особенно жители промышленно развитых районов. Если преступление вспыхнет, стражник обезвредит любого встреченного преступника. Если преступнику удастся увернуться от внимания стражника, он направится прямиком к одному из зданий, хранящих богатства. Ему без разницы, будет это городская казна или сбережения вашей семьи, он украдёт деньги в любом случае. Украв золото, он затаится и больше не будет воровать... некоторое время."
Guide/#Crime_Title,Text,,Преступность
Guide/#Defensive_Content,Text,,"<link=""#FortCompany_Title""><u>Армия</u></link> защищает город после проникновения врагов в его пределы. Строительство оборонительных сооружений может помешать врагам разграблять постройки города. Каждое оборонительное сооружение создаёт вокруг себя свою зону, защищающую жителей зданий, находящихся в ней

Стены: самое примитивное оборонительное сооружение — это стены. Чтобы строить стены, выберите их из меню военных сооружений. Зажмите левую кнопку и перетащите мышь, чтобы построить большие участки стены за один раз, точно так же, как при строительстве дорог. Стены строятся из любых природных материалов, поэтому для их возведения не нужно добывать или закупать камень. Тем не менее их строительство обходится дорого, поэтому тщательно продумайте периметр, который вы хотите огородить. Стены не нуждаются в доступе к дороге и являются непривлекательными сооружениями. Защитная зона стены простирается на 1 клетку.

Башни: стройте башни, чтобы добавить немного урона своим оборонительным стенам. Башни населены стражниками, обученными городским <link=""#Recruiter_Title""><u>вербовщиком</u></link>, которые будут стрелять по любым врагам, что осмелятся подойти достаточно близко. Башни должны быть встроены в стены толщиной в два слоя; если нет стен, постройка башни автоматически построит их, что сделает их более дорогими. Для башен также требуется доступ к дороге, рабочим и часовым из вербовочного пункта. Башни можно улучшать простым камнем, а часовых — составными луками. Башни станут хорошим дополнением к вашей армии в случае нападения. Защитная зона башни простирается на 6 клеток плюс 3 за каждое улучшение, итого она может составлять 12 клеток.

Ворота: как бы это ни было заманчиво, вы не можете полностью окружить свой город стенами. Чтобы позволить переселенцам и торговым караванам попадать в город, необходимо построить ворота. Стройте ворота там, где основные дороги пересекаются с городскими стенами. При строительстве нажмите «R», чтобы повернуть ворота в нужном направлении. После размещения ворота автоматически прикрепляются к любым соседним стенам. Как и заграждения, ворота разрешают проход всем, у кого есть пункт назначения, но разворачивают бродячих служащих (см. статью о <link=""#Walkers_Title""><u>служащих</u></link> для дальнейшей информации). Защитная зона ворот простирается на 3 клетки, а полностью огороженная стенами и воротами территория полностью ими защищается.

Дополнительную информацию см. в статье о <link=""#War_Title""><u>войне</u></link>."
Guide/#Defensive_Title,Text,,Оборонительные сооружения
Guide/#Dentist_Content,Text,,"Ваши богатые жители очень ценят возможность есть твёрдую пищу, и оттого ожидают, что будут иметь доступ ближайшему зданию дантиста для сохранения и протезирования своих зубов. В землях, где песок часто попадает в пищу, у дантистов всегда найдётся работа. Дантисты увеличивают <link=""#HousingDesirability_Title""><u>привлекательность</u></link> ближайших домов, но никак не влияют на <link=""#Health_Title""><u>городское здравоохранение</u></link>."
Guide/#Dentist_Title,Text,,Дантист
Guide/#Dock_Content,Text,,"Некоторые <link=""#Trade_Title""><u>торговые партнёры</u></link> прибывают в город по воде. Большие торговые суда плывут по Нилу, но они не принесут вашему городу никакой пользы, если им негде пришвартоваться — для этого необходима пристань. Строит пристань следует на берегу Нила или моря там, где могут ходить торговые суда. Док, построенный в узкой бухте или во внутреннем водоёме, не сможет принимать торговые корабли.
Для своей работы докам необходим доступ к дорогам и рабочей силе. Как только торговый корабль пришвартуется, грузчики из дока выгрузят товары и доставляют их на городские <link=""#StorageYard_Title""><u>склады</u></link>, а затем загрузят приобретаемые партнёром товары и доставят их в пристань. Неплохой идеей будет построить склад рядом с пристанью, чтобы сократить путь грузчиков. Пристани негативно влияют на <link=""#HousingDesirability_Title""><u>привлекательность</u></link> района."
Guide/#Dock_Title,Text,,Пристань
Guide/#DrinkingWater_Content,Text,,"Одной из первых потребностей людей является доступ к чистой питьевой воде. Их жилье вообще не будет развиваться без хоть какой-то воды. <link=""#Well_Title""><u>Колодцы</u></link> и <link=""#WaterSupply_Title""><u>источники воды</u></link> обеспечивают горожан питьевой водой.
Колодцы являются примитивнейшими источниками воды, которые подойдут разве что на ранних этапах развития города, однако очень скоро жители потребуют воду из источника.
Источники нанимают водоносов для доставки воды в дома людей. Когда водонос проходит мимо дома, этот дом получает доступ к питьевой воде. Внимательно следите за водоносами: они являются <link=""#Walkers_Title""><u>блуждающими служащими</u></link> и не всегда будут следовать одним и тем же путём. Дома, в которых когда-то был доступ к чистой воде, могут его потерять, особенно если изменилась дорожная сеть района.
Если <link=""#HousingDesirability_Title""><u>привлекательность</u></link> района достаточно высока, работники источника воды примут меры для улучшения его внешнего вида и эффективности. Водоносы из улучшенного источника будут чаще обходить районы. И колодцы, и источники воды можно построить только на земле с грунтовыми водами, обозначенными зелёной травой.
См. статью <link=""#Health_Title""><u>Здоровье</u></link>, чтобы узнать больше о пользе чистой питьевой воды."
Guide/#DrinkingWater_Title,Text,,Питьевая вода
Guide/#Education_Content,Text,,"Образование — это привилегия богатых. Состоятельные люди знают, что обучение в <link=""#ScribalSchool_Title""><u>школе писцов</u></link> — это путь к лучшей жизни для их детей, а им самим нравится посещать <link=""#Library_Title""><u>библиотеку</u></link>. Ни школы писцов, ни библиотеки не будут работать без <link=""#PapyrusMaker_Title""><u>папируса</u></link>. Для постройки библиотеки на <link=""#StorageYard_Title""><u>складах</u></link> должно быть достаточно папируса, чтобы заполнить полки библиотеки свитками. <link=""#Walkers_Title""><u>Служащие</u></link> из обеих построек берут с собой папирус, распространяя знания среди населения.
Город должен производить или <link=""#Trade_Title""><u>закупать</u></link> папирус, чтобы поддерживать работу образовательных учреждений. Посетите своего <link=""#OverseerLearning_Title""><u>советника по образованию</u></link>, чтобы убедиться, что город удовлетворяет потребности горожан в образовании. Наличие достаточного количества библиотек и школ для ваших горожан влияет на <link=""#Ratings_Title""><u>рейтинг культуры</u></link> города."
Guide/#Education_Title,Text,,Образование
Guide/#Employment_Content,Text,,"Почти каждое здание в городе нуждается в рабочих. Город не сможет содержать своих жителей без рабочей силы. После постройки здания, требующего рабочей силы, из него выйдет наниматель в поисках желающих поработать. Если он пройдёт мимо какого-то жилья, и если в городе есть свободные рабочие, то его задача успешно завершится, и в здании появятся рабочие. Вы можете отключить эту систему в настройках и выбрать «Общий фонд рабочей силы», к которому каждое здание может получить прямой доступ (при условии, что у него есть доступ к дороге).
Работа соискателя не всегда легка. Одной из самых больших проблем для правителя города является баланс рабочей силы и количества доступных рабочих мест. В идеальном мире в городе было бы ровно столько же рабочих мест, сколько есть трудоспособных людей. Это почти никогда не происходит. В городе будет либо избыток рабочих и недостаток рабочих мест, либо избыток рабочих мест и недостаток рабочих. Безработица вредна для города. Без работы люди могут разочароваться в городе и ухудшить <link=""#PopulationGrowth_Title""><u>настроения</u></link> в нём. Они даже могут стать <link=""#Crime_Title""><u>преступниками</u></link>. Лучший способ справиться с безработицей — создать новые рабочие места. Как правило, городу не помешает наличие дополнительных товаров и услуг. Несколько дополнительных ферм, больше развлекательных заведений и новых школ, библиотек или храмов могут принести пользу городу. Снижая безработицу, вы повысите рейтинги процветания и культуры города. Ещё один, хоть и жестокий, способ снизить безработицу — сократить население города. Вы можете сделать это, разрушая дома людей и заставляя их покинуть город. Это тоже может положительно сказаться на городе. Если вы уничтожите жилье низкого уровня, общее качество жилого фонда города увеличится, что приведёт к улучшению рейтинга процветания.
Другая проблема с трудоустройством, с которой вы столкнётесь, — это нехватка рабочей силы или наличие слишком большого количества рабочих мест для доступной рабочей силы. Идеальным решением проблемы нехватки рабочей силы является привлечение новых переселенцев. Стройте новые жилые районы или поощряйте развитие существующих домов в более крупные постройки. Убедитесь, что <link=""#PopulationGrowth_Title""><u>настроения города</u></link> также высокие. Платите больше, чем в среднем платят рабочим в Египте, или снизьте уровень налогообложения, чтобы привлечь новых переселенцев. Пока вы ожидаете притока новых жителей для доступных рабочих мест, поработайте со своим <link=""#OverseerWorkers_Title""><u>советником по рабочей силе</u></link>, чтобы уменьшить нехватку, установите приоритет для отдельных отраслей. Обеспечение работы жизненно важных построек гарантирует, что горожане будут получать необходимое для поддержания жизни.
Нестандартным и не совсем хорошим средством от нехватки рабочей силы является принудительная деградация домов <link=""#Scribes_Title""><u>писцов</u></link> в дома простых <link=""#Workers_Title""><u>рабочих</u></link>. Это повредит рейтингу процветания города и уменьшит налоговые поступления, но рабочая сила увеличится — за счёт надежд и мечтаний ваших самых богатых горожан! Несмотря на то, что отсутствие работы является стрессовой ситуацией для безработных, небольшой уровень безработицы на самом деле является хорошей вещью для расширяющегося города, потому что он даёт резерв рабочей силы для новых зданий. Безработица, превышающая пять процентов, может вызвать проблемы."
Guide/#Employment_Title,Text,,Работа и безработица
Guide/#Entertainment_Content,Text,,"Работа и отсутствие развлечений делает Имхотепа занудой. Обеспечьте жителей развлечениями, чтобы город стал приятным местом для жизни. <link=""#Booth_Title""><u>Помосты</u></link>, <link=""#Bandstand_Title""><u>эстрады</u></link>, <link=""#Pavilion_Title""><u>сцены</u></link>, <link=""#SenetHouse_Title""><u>дома сенета</u></link> и <link=""#Zoo_Title""><u>зоопарки</u></link> предоставляют горожанам столь желаемые ими развлечения. Пока ваш город молод, жители будут довольны самым малым — помостом. По мере роста города также будут расти потребности в развлечениях, и его обитатели ожидают, что их будут развлекать разные артисты.
Ваш <link=""#OverseerDiversions_Title""><u>советник по развлечениям</u></link> поможет вам оценить потребности ваших жителей. Большинство артистов обучается своему ремеслу в <link=""#TrainingCenters_Title""><u>учебных центрах</u></link>. Жонглёры учатся в школе жонглёров, музыканты практикуются в музыкальной школе, а танцовщицы изучают новые движения школе танцев. Пройдя обучение, актёры отправятся от учебного центра к площади для выступлений.
Хозяева домов сенета не обучаются в центре. Жители получают доступ к развлечениям, когда мимо их домов проходят артисты (см. статью о <link=""#Walkers_Title""><u>служащих</u></link>). Работники развлечений выходят из работающих центров развлечений. Музыканты, жонглёры и танцовщицы также выходят на улицы, когда идут от учебного центра к месту выступлений.
Помните об этом, когда будете располагать свои здания. Если разместить развлекательную площадку и учебный центр в противоположных концах жилого квартала, то идущий к своей площадке артист развлечёт всех жителей домов, мимо которых он пройдёт. Однако не размещайте учебные центры слишком далеко от площадок. Чем дольше будет идти артист, тем меньше времени останется на само выступление, и площадка для выступлений будет пустовать, не предоставляя никаких развлечений.
Для работы домов сенета и зоопарков необходимы поставки товаров. Дому сенета необходимо <link=""#Brewery_Title""><u>пиво</u></link> для утоления жажды своих завсегдатаев, а зоопарку — <link=""#GrainFarm_Title""><u>солома</u></link> и <link=""#FoodFarming_Title""><u>мясо дичи</u></link> для прокорма животных."
Guide/#Entertainment_Title,Text,,Развлечения
Guide/#FestivalSquare_Content,Text,,"Перед тем, как провести праздник (см. <link=""#Religion_Title""><u>Религия</u></link> для более подробной информации о праздниках), необходимо на пересечении дорог построить праздничную площадь. Праздничной площади не нужны работники. У города может быть только одна праздничная площадь, и она является очень <link=""#HousingDesirability_Title""><u>привлекательным</u></link> местом для соседских районов. Пока не проводятся праздники, площадь выглядит покинутой, хотя это никак не влияет на дороги, поверх которых она была построена. Как только начнётся праздник, люди со всего города соберутся на площади, дабы отметить это знаменательное событие."
Guide/#FestivalSquare_Title,Text,,Праздничная площадь
Guide/#Firehouse_Content,Text,,"Некоторые здания в городе могут загореться. Вероятнее всего это будут жилые и производственные постройки (например, гончарная мастерская). Если ничего не предпринимать, огонь перекинется на весь город, разом уничтожая целые кварталы. Чтобы этого не допустить, постройте пожарные посты неподалёку от мест, где могут возникнуть пожары. Пожарные из поста будут патрулировать город (см. <link=""#Walkers_Title""><u>Служащие</u></link>) и снижать риск возгорания у зданий, мимо которых они будут проходить. Если огонь всё-таки разгорится, ближайшие пожарные устремятся к месту возгорания и потушат его.
Однако, если пожарный пост находится далеко, огонь может распространиться дальше, нанося городу серьёзный урон. Пожарным постам необходим доступ к дороге и рабочей силе. Жителям не нравится, когда рядом с их жилищами находится пожарный пост."
Guide/#Firehouse_Title,Text,,Пожарный пост
Guide/#FishingWharf_Content,Text,,"Если вы видите, как из воды периодически выпрыгивает рыба, то рыбаки смогут выловить её. Для лова рыбы городу необходимы рыбацкие лодки, которые швартуются у рыбацких причалов. Эти причалы должны быть построены на ровном участке берега, причём половина постройки должна находиться на воде. Убедитесь также, что рыбацкая лодка может свободно причаливать к причалу: если вы разместите его в узкой протоке, лодки не смогут к нему добраться. Это может застопорить всю вашу водную промышленность, так как верфи будут постоянно строить лодки, которые, не найдя выхода к своему причалу, будут затапливаться.
Если в городе есть рабочая <link=""#Shipwright_Title""><u>верфь</u></link>, то после создания рыбацкого причала рабочие верфи сразу же начнут работы по постройки лодки. Для её создания не нужны никакие материалы. Количество рыбных место ограничено, но невозможно выловить оттуда всю рыбу. Город с большим населением вряд ли будет расти, если будет полагаться только на рыбу. Рыбацкие причалы распространяют плохой запах, делая близлежащие жилые районы <link=""#HousingDesirability_Title""><u>непривлекательными</u></link>."
Guide/#FishingWharf_Title,Text,,Рыбацкий причал
Guide/#FoodFarming_Content,Text,,"Путь к сердцам граждан лежит через их желудки. Большое количество еды и её разнообразие в равной мере улучшают <link=""#PopulationGrowth_Title""><u>настроения в городе</u></link> и <link=""#Health_Title""><u>здоровье горожан</u></link>. Есть много видов продовольственных ферм, включая по выращиванию <link=""#GrainFarm_Title""><u>зерна</u></link>, <link=""#Fruit_Title""><u>гранатов</u></link>,<link=""#Fruit_Title""><u>нута</u></link>, <link=""#Fruit_Title""><u>латука</u></link> и <link=""#Fruit_Title""> <u>инжира</u></link>.
Также есть два типа земледелия: пойменное и луговое. Для обоих типов ферм требуется доступ к дороге и рабочей силе, но на этом сходство заканчивается. Но земледелие — не единственный источник пищи. <link=""#HuntingLodge_Title""><u>Охота</u></link>,<link=""#FishingWharf_Title""><u>рыбная ловля</u></link> и <link=""#CattleRanch_Title""><u>разведение скота</u></link> также участвуют в наполнении амбаров города.

Пойменное земледелие: чтобы понять, как работают пойменные фермы, нужно понять циклы разливов Нила. Каждый год, обычно в период с июня по сентябрь, Нил выходит из берегов, затопляя поймы. Через несколько месяцев Нил начинает отступать, оставляя после себя плодородный ил. Пойма снова появляется, и на ней можно управлять фермами. Нил не разливается одинаково и в одно и то же время. Некоторые разливы лучше, чем другие. Жрецы используют Нилометр, чтобы определить, насколько сильным будет следующий разлив, и сообщают о своих выводах вашему <link=""#ChiefOverseer_Title""><u>главному советнику</u></link>. Уделите особое внимание Осирису, богу земледелия и разлива Нила (см. статью <link=""#Religion_Title""><u>Религия</u></link>), чтобы обеспечить лучшие разливы в каждый год. Строить фермы (а также дороги и оросительные каналы) на пойме можно в любое время, кроме времени разлива. При размещении пойменной фермы появится только поле без построек, поскольку разлив разрушит всё на своём пути. Крестьянам необходимо место для сбора и распределения на работу. Эту функцию выполняют <link=""#WorkCamp_Title""><u>рабочие лагеря</u></link>, которые отправляют рабочих на фермы для посева и сбора урожая; без рабочего лагеря фермы будут простаивать. Существует предел тому, как далеко крестьяне могут пройти, поэтому не размещайте рабочие лагеря слишком далеко от полей. Лучшее время для постройки ферм — вскоре после отступления разлива, тогда вы сможете в полной мере использовать время до следующего разлива, а ферма даст максимальный урожай. Фермы, размещённые в любое другое время, дадут меньший урожай. Другим фактором, который следует учитывать при размещении ферм, является плодородность почвы. Чем темнее земля и пышнее трава, тем плодороднее почва. Самые плодородные земли обычно находятся в непосредственной близости от реки, становясь менее плодородными по мере удаления от реки. Фермы, расположенные на самой плодородной почве, дают самые высокие урожаи.
Вы можете построить оросительные каналы на удалённых от реки поймах, тем самым улучшая плодородие земли, которая в ином случае может остаться сухой во время слабого разлива. Из-за годового ритма Нила пойменные фермы могут давать только один урожай в год. Жизнь города может зависеть от достаточного количества рабочих для сбора урожая и достаточного места в хранилищах для приёма урожая.

Луговое земледелие: пойма — не единственная плодородная земля, хотя она и составляет большую часть доступной пахотной земли. Фермы можно размещать на лугах, обозначенных жёлтыми цветами. Чем больше этих цветов, тем плодороднее земля и выше урожай. На таких фермах есть рабочие постройки, поэтому им не нужны крестьяне из трудового лагеря. Поскольку земля не затапливается, эти фермы продолжают работать в течение всего года. Тем не менее, луговые земли менее плодородны, чем поймы, и фермы на лугах, как правило, дают меньше урожая. Луговые фермы почти всегда выигрывают от подведённых оросительных каналов.

Охота и рыбная ловля: охотники и рыбаки пользуются природными дарами Египта. Они отправляются со своих баз и возвращаются назад с добычей. Охотники отправляются из охотничьих хижин в поисках страусов, птиц или антилоп. Если вы заметили стаи этих животных, разместите рядом охотничью хижину. Рыбаки собираются на рыбацких причалах, где рассказывают друг другу небылицы о размерах пойманной рыбы. Причалы, разумеется, находятся на воде, а рыбакам нужна верфь для постройки лодки. Как только она будет готова, они отправятся в путь. Не каждый город может поддерживать охоту или рыбную ловлю. Если вы заметили выпрыгивающую из воды рыбу, в городе может быть рыболовецкая промышленность. Численность диких животных и рыбы ограничено. Охота и рыбная ловля могут обеспечить небольшое население достаточным количеством пищи, но большое население не сможет прокормиться исключительно рыбой или дичью.

Разведение скота: разведение крупного рогатого скота может быть отличным источником дополнительной пищи. Скотоводческие фермы можно размещать на любом типе земли, а не только на плодородной почве. Скот потребляет солому, побочный продукт <link=""#GrainFarm_Title""><u>зернового хозяйства</u></link>. Количество скотоводческих ферм ограничено только количеством соломы, которое город может использовать для прокорма скота.

Распределение пищи: <link=""#Granary_Title""><u>амбары</u></link> и <link=""#Bazaar_Title""><u>базары</u></link> являются посредниками между производителями продуктов питания и жителями города. В амбарах хранятся продукты, предназначенные для потребления людьми, а базары разносят их по домам. Как только у производителя появляется готовый продукт, доставщик относит еду в амбар. Закупщицы с базара идут в амбары, чтобы достать еду, которую просят их клиенты. Они могут нести более одного вида пищи одновременно. После того, как закупщицы возвращаются на базар с товарами, торговки начинают ходить по окрестностям, доставляя еду населению.
Важно иметь достаточно амбаров и базаров. Если все амбары заполнены, доставщик отвезёт еду на <link=""#StorageYard_Title""><u>склад</u></link>, если тому разрешено принимать провизию. Базарные закупщицы не будут закупать продукты местного производства на складах (хотя они будут забирать оттуда другие товары и импортные продукты). Базарные закупщицы получают большую часть еды из амбаров. Размещение базаров и амбаров может стать сложной задачей. Амбары должны быть близко к производителям еды, чтобы доставщикам не приходилось далеко ходить.
Базары должны быть рядом с амбарами, чтобы закупщицы могли беспрепятственно снабжать свои базары. Базары должны находиться рядом с домами, которые они будут обслуживать. Все эти постройки плохо влияют на привлекательность, поэтому их размещение всегда связано с компромиссами. По мере роста города вам, возможно, придётся строить амбары всё дальше от производителей, чтобы обеспечить отдалённые базары. Используйте специальные приказы амбаров, чтобы они гарантированно получали еду.

Импорт продуктов питания: некоторые города не могут производить достаточно пищи, чтобы прокормить себя, и поэтому им приходится импортировать продукты питания из других городов. Импортные продукты доставляются на склады, где базарные закупщицы могут их забрать и доставить на базар."
Guide/#FoodFarming_Title,Text,,Пища и земледелие
Guide/#FortCompany_Content,Text,,"Каждый солдат в армии закреплён за отрядом, и у каждого отряда есть свой форт. В городе может быть не более шести фортов. Типы отрядов и фортов:
Пехотинцы: пехотинцы составляют основу большинства армий. Они умело сражаются в ближнем бою на переднем крае битвы. Они покидают <link=""#Recruiter_Title""><u>вербовщика</u></link> с копьями в качестве оружия. Вы не можете построить форт пехотинцев, если не можете построить оружейную мастерскую или импортировать оружие. Вы можете улучшать своих воинов, снабжая их созданных мастером щитами из шкуры антилоп, добываемыми охотниками.
Лучники: лучники могут обстреливать врага с дальней дистанции, но в ближнем бою они крайне неважны и не продержатся долго, если противник атакует их напрямую. Лучники сами изготавливают себе луки и стрелы, поэтому вы можете строить форты лучников, даже если в вашем городе нет оружейной мастерской. Вы можете улучшать лучников с помощью составных луков, но для этого потребуется мастер по изготовлению луков и запас древесины.
Колесницы: нет ничего страшнее для воинов, чем шеренги колесниц, несущихся на них. Колесницы крайне важны для пробивания защитных построений ваших врагов, ведь разбитый строй легче сокрушить. Каждый колесничий получает колесницу при выходе от вербовщика, при условии, что в вашем городе есть изготовитель колесниц и запасы дерева и меди.

Форты не нуждаются ни в дорогах, ни в рабочих. Они крайне негативно влияют на привлекательность местности, поэтому форты лучше всего размещать на окраинах города.
Прочтите статью о <link=""#War_Title""><u>войне</u></link> для получения дополнительной информации."
Guide/#FortCompany_Title,Text,,Форт и отряды
Guide/#Fruit_Content,Text,,"Фрукты и овощи так же способны поддерживать здоровую жизнь, как и любой другой тип пищи, и обеспечивают разнообразие в любой диете. В разных частях Египта выращивают разные культуры. Среди культур, которые могут быть доступны вашим жителям, есть гранаты, инжир, нут и салат. Фруктовые и овощные фермы работают так же, как и другие продовольственные фермы. Они не выращивают никаких продуктов, кроме продуктов питания. Обратитесь к разделу <link=""#FoodFarming_Title""><u>Пища и земледелие</u></link>, чтобы получить подробные рекомендации по планированию ферм для получения наибольшей выгоды. Оба типа ферм требуют доступа к рабочей силе и дорогам для выращивания урожая.
Для ферм в пойме эта рабочая сила поступает из <link=""#WorkCamp_Title""><u>рабочих лагерей</u></link>, поэтому не забудьте создать один или несколько рабочих лагерей рядом с фермами."
Guide/#Fruit_Title,Text,,Фермы по выращиванию фруктов и овощей
Guide/#Garden_Content,Text,,"Обилие пищи и услуг — это хорошо, но горожане не полюбят свои дома, если вы не сделаете их окрестности красивыми. Плитки, сады и статуи улучшают атмосферу района и повышают стоимость недвижимости. Ни для одной из структур благоустройства не требуется рабочая сила.
Сады — прекрасное место, где люди могут расслабиться после тяжёлого рабочего дня. Чем больше земли будет отведено садам, тем роскошнее они становятся. Садам не нужен доступ к дороге, однако вы можете изменить внешний вид садов в настройках, чтобы размещать их как статуи.
Статуи напоминают вашим горожанам о славе Древнего Египта. Они бывают трёх размеров: малые, средние и большие. Чтобы построить их, просто выберите подходящий размер и найдите хорошее место. Когда вы наведёте курсор на точку, нажмите клавишу «R» на клавиатуре для поворота статуи в нужном направлении. Статуям не нужен доступ к дороге.
Плитки — это красивые <link=""#Roads_Title""><u>дороги</u></link>. Их можно строить только на вымощенных дорогах. Горожане мостят дороги, когда их район достаточно <link=""#HousingDesirability_Title""><u>привлекателен</u></link>, и плитки повысят его привлекательность её выше. Строительство плиток очень похоже на строительство дорог. Нажмите на кнопку «Плитка», затем нажмите на вымощенную дорогу, которую вы хотите покрыть плиткой. Плитка никак не меняет функцию или пропускную способность дороги. Вы можете охватить большие области за раз, перетаскивая курсор мыши, но следите за стоимостью."
Guide/#Garden_Title,Text,,"Сады, плитки и статуи"
Guide/#GemstoneMine_Content,Text,,"Самоцветы добываются из скальных обнажений. По виду скалы нельзя сказать, можно ли из неё добывать самоцветы или нет. Если самоцветы можно добывать, то на вкладке производственных построек будет доступна возможность постройки рудников самоцветов. Как и <link=""#StoneQuarries_Title""><u>карьеры</u></link>, рудник самоцветов должен быть размещён рядом со скалами, и для их работы требуется доступ к рабочей силе и дорогам. Также они подвержены обвалам, так что не забудьте построить рядом <link=""#Architect_Title""><u>пост архитектора</u></link>. Рудники самоцветов производят много пыли, из-за чего жители не хотят жить рядом с ними."
Guide/#GemstoneMine_Title,Text,,Рудник самоцветов
Guide/#GoldMine_Content,Text,,"Золото и медь являются ценными металлами. Городу, рядом с которым есть металлические жилы, крупно повезло. Золото является редким и драгоценным ресурсом, который нужно добывать при первой же возможности. Золото — это <link=""#Money_Title""><u>деньги</u></link>, и золотой рудник даёт городу возможность их производить. В отличие от других товаров, золото никогда доставляется на <link=""#StorageYard_Title""><u>склад</u></link>. Вместо этого золото отправляют прямиком во <link=""#Palace_Title""><u>дворец</u></link>, где из его чеканят дебены, которые добавляются в городскую казну.
Медь так же ценна, как золото, хотя может использоваться традиционным способом. Медь является единственным ресурсом, за продажу которого можно получить большую прибыль. В тяжёлые времена медь является ценным сырьём, необходимым для изготовления <link=""#Weaponsmith_Title""><u>оружия</u></link>, которое, в свою очередь, тоже можно очень выгодно продать. Подчас вашему собственному городу может понадобиться оружие для вооружения пехотинцев. Для более подробной информации см. статью <link=""#War_Title""><u>война</u></link>.
Рудники должны быть размещены рядом со скалами с металлическими прожилками. Для работы обоих типов рудников требуется доступ к рабочей силе и дорогам. Рудники являются очень непривлекательными для соседних жилых кварталов."
Guide/#GoldMine_Title,Text,,Золотые и медные рудники
Guide/#GrainFarm_Content,Text,,"Зерно ничем не отличается от другой пищи, за исключением одной детали: фермы, выращивающие зерно, производят также побочный продукт — солому. Солома служит кормом для скота в <link=""#CattleRanch_Title""><u>скотоводческой ферме</u></link> и является одним из необходимых ингредиентов для изготовления <link=""#Brickworks_Title""><u>кирпича</u></link>. Солома (вместе с мясом дичи) также служит кормом для животных в <link=""#Zoo_Title""><u>зоопарке</u></link>. Солома собирается одновременно с зерном. Разносчик доставит её напрямую в скотоводческую ферму, кирпичную мастерскую, зоопарк или на <link=""#StorageYard_Title""><u>склад</u></link> в то же время, пока его коллега будет доставлять урожай зерна в амбар или на склад. Фермы зерна являются нежелательными соседями и снижают привлекательность находящихся рядом жилищ.
Другими полезными статьям по этой теме могут быть <link=""#FoodFarming_Title""><u>Пища и земледелие</u></link>, <link=""#Bazaar_Title""><u>Базар</u></link> и <link=""#Granary_Title""><u>Амбар</u></link>."
Guide/#GrainFarm_Title,Text,,Ферма зерна
Guide/#Granary_Content,Text,,"В амбарах хранится еда, которую едят горожане. <link=""#Bazaar_Title""><u>Закупщицы с базара</u></link> забирают продукты из амбара для их распределения среди населения. Для работы амбару необходим доступ к дорогам и рабочей силе. Вы можете увидеть, что хранится в амбаре, заглянув в его засыпные горловины. Щёлкните правой кнопкой мыши по амбару, чтобы точно увидеть, сколько в нём содержится каждого вида еды. <link=""#FoodFarming_Title""><u>Фермы</u></link>, <link=""#FishingWharf_Title""><u>рыбацкие причалы</u></link>, <link=""#CattleRanch_Title""><u>скотоводческие фермы</u></link> и <link=""#HuntingLodge_Title""><u>охотничьи хижины</u></link> используют доставщиков для отправки своей продукции в амбары.
Как правило, лучше располагать амбары рядом с производителями продуктов питания. Если доставщику приходится идти так далеко, что за время его отсутствия постройка успевает произвести ещё одну партию продуктов, то производство пищи будет простаивать до тех пор, пока не вернётся доставщик и не заберёт скопившуюся там еду. Если все амбары в городе заполнены, доставщики будут ждать, пока в них не освободится место (если только вы не дали указания <link=""#StorageYard_Title""><u>складу</u></link> принимать определённые виды еды). Чтобы управлять распределением продуктов в городе, отдавайте амбарам особые указания.
Для начала нажмите по амбару. В появившемся окне будут представлены все товары, которые может хранить амбар. Вы можете изменить наполнение конкретного амбара следующим образом:
Принимать: чтобы ограничить количество определённого вида пищи, используйте указание «Принимать», представленное цветным кругом. Вы можете приказать амбару заполнять только 1/4, 1/2 или 3/4 от общей вместимости. Если вы не хотите ограничивать амбар, убедитесь, что напротив соответствующего товара находится полный зелёный круг. Этот выбор полезен, когда необходимо, чтобы амбар хранил равное количество нескольких видов пищи.
Не принимать: используйте это указание, чтобы запретить амбару вообще принимать определённый тип пищи. Амбар перестанет принимать новые поставки этого типа, но закупщицы с базара и доставщики из других амбаров смогут забрать остатки, пока запасы не будут полностью исчерпаны. Используйте эту возможность, чтобы перенаправить доставщиков на другой, более далёкий амбар или чтобы еда, которую вы собираетесь экспортировать, не потреблялась городом.
Получить: если в амбаре заканчивается определённая еда, а вы хотите, чтобы в нём был некоторый запас, используйте указание «Получить». Доставщик амбара будет искать её в других амбарах или на складах города до тех пор, пока не выполнит указание. Вы можете указать амбару заполнить до 1/4, 1/2, 3/4 или весь доступный объём. Эта возможность позволит амбарам, расположенным далеко от пищевых производств, поддерживать запасы еды.
Опустошить: при этом указании доставщики амбара попытаются опустошить запас еды, доставляя её в другие амбары и на склады, которым разрешено принимать данный тип пищи. Амбар с действующим указанием «Опустошить» не будет принимать новые партии продуктов. Используйте это указание, если решили снести амбар или удалить определённый тип пищи, находящийся в его хранении.
Принимать всё/Принимать ничего: используйте это указание, чтобы быстро переключать поведение амбара, принимающим всё или отказывающимся от всего. Поведение по умолчанию — принимать всё, однако это можно изменить в настройках игрового процесса.
Зернохранилища пыльные, часто заражены паразитами и совсем не приветствуются соседями. Горожанам не нравится жить рядом с ними."
Guide/#Granary_Title,Text,,Амбар
Guide/#Health_Content,Text,,"Плохое здоровье в городе может препятствовать приезду переселенцев и даже может стать причиной смерти жителей города. Примите меры, чтобы самочувствие ваших горожан было хорошим, иначе, если не принять соответствующих мер, на них может обрушиться целый ряд недугов. Чтобы жители были здоровы, обеспечьте им доступ к обильной пище и <link=""#Physician_Title""><u>услугам лекаря</u></link>. Чем больше видов еды едят ваши горожане, тем здоровее они себя чувствуют. Доступ к <link=""#Mortuary_Title""><u>моргам</u></link> также улучшает общее здравоохранение города.
Чистая питьевая вода из <link=""#WaterSupply_Title""><u>источника</u></link> и наличие <link=""#Apothecary_Title""><u>аптек</u></link> снижает риск малярии. Общее здравоохранение города определяется здоровьем каждого его жителя, поэтому обязательно обеспечьте приемлемый доступ к медицинскому обслуживанию всех горожан. Наряду с малярией, город могут поразить болезни и страшная чума. При тщательном планировании и постоянном внимании к здоровью горожан этих проблем можно избежать.

Болезнь: болезни возникают в домах, в которых отсутствуют постоянные запасы питьевой воды и давно не было лекаря. Болезнь поражает дома индивидуально и дальше не распространяется. Однако, если у всего жилого района особенно плохой доступ к лекарям и еде, то может заболеть сразу несколько домов. Постройте больше зданий лекарей в таких районах и убедитесь, что <link=""#Bazaar_Title""><u>базары</u></link> снабжают дома пищей.

Малярия: малярия является одним из негативных факторов жизни у воды. Наибольшему риску подвержены дома, расположенные недалеко от реки и заросших тростником болот. Как и болезнь, малярия поражает отдельные дома. Однако при этом болезнь может перекинуться на соседние дома. Для борьбы с малярией стройте больше аптек в районах риска и убедитесь, что дома в этих районах снабжаются свежей водой из источника.

Чума: эпидемии чумы происходят при всеобщем низком уровне здоровья в городе, независимо от здоровья конкретных домов. Единственное, что вы можете сделать, чтобы избежать чумы, — это приложить все усилия на поддержание хорошего здравоохранения в городе в целом. Не путайте чуму с <link=""#MajorPlagues_Title""><u>казнями египетскими</u></link>, которые вызываются не зависящими от вас факторами, а не низким уровнем здоровья города. Эпидемия чумы начинается с одного дома. Один из заражённых жителей в горячке будет бродить по улицам и заражать дома, мимо которых будет проходить. Через месяц его заберёт болезнь. Аптекарь быстро уберёт с улиц любого встреченного им чумного жителя. Никакие слои не покажут вам, где именно укоренился источник чумы, потому что болезнь не связана с условиями жизни в конкретном доме или районе.

Все жители поражённого любой из перечисленных болезнью дома погибают. Дом останется заражённым в течение двух месяцев, и никто из поселенцев или бродяг не будет заселяться туда. После этого дом очищается и снова становится пригодным для жилья. Все товары, находившиеся во владении предыдущих жителей, останутся нетронутыми. Хотя дом стоматолога считается медицинским учреждением, он влияет на привлекательность района, а не на его уровень здоровья.
Ваш <link=""#OverseerHealth_Title""><u>советник по здравоохранению</u></link> поможет поддерживать здоровье ваших жителей на должном уровне."
Guide/#Health_Title,Text,,Здоровье
Guide/#HousingDesirability_Content,Text,,"Первым шагом к строительству жилого района является разметка жилых домов. Помните, что всё жильё должно быть в пределах двух клеток от дороги. Как только вы разметите территорию, начнут прибывать переселенцы и обоснуются в простых хижинах. Для простого выживания им достаточно того, что они могут найти в окружающей местности, однако со временем горожане начнут полагаться на услуги города. По мере того, как потребности жильцов удовлетворяются, они начинают улучшать свои дома. Качество жилья влияет на <link=""#Ratings_Title""><u>рейтинги</u></link> города, удерживает жителей и привлекает новых переселенцев.
Самые примитивные потребности горожан — это доступ к чистой <link=""#DrinkingWater_Title""><u>воде</u></link> и <link=""#FoodFarming_Title""><u>пище</u></link>, поставляемой с <link=""#Bazaar_Title""><u>базаров</u></link>. Как только вы обеспечите эти две потребности, вы заметите, что хижины превращаются в более привлекательные лачуги и дома. После еды и воды горожане начинают требовать различные товары и услуги. Их дома необходимо снабжать <link=""#Potter_Title""><u>керамикой</u></link>, <link=""#Brewery_Title""><u>пивом</u></link> и <link=""#Weaver_Title""><u>тканью</u></link>. Самые богатые граждане также потребуют поставки различных <link=""#Jeweler_Title""><u>предметов роскоши</u></link>, например, украшений. По мере того как их вкусы становятся более утончёнными, они потребуют ещё один предмет роскоши, закупаемый у торговцев.
В дополнение к этим товарам жителям также необходим доступ к излюбленным услугам, таким как <link=""#Religion_Title""><u>религия</u></link>, <link=""#Entertainment_Title""><u>развлечения</u></link>, <link=""#Education_Title""><u>образование</u></link> и <link=""#Health_Title""><u>здравоохранение</u></link>. Предоставление всех этих товаров и услуг вдохновляет жителей на превращение своих домов в большие и величественные сооружения. Жители также хотят жить в привлекательных районах. Вы можете разбить прекрасные <link=""#Garden_Title""><u>сады</u></link> и возвести <link=""#Garden_Title""><u>статуи</u></link> или украсить мощёные дороги <link=""#Garden_Title""><u>плиткой</u></link>.
Горожане оценят усилия, которые вы приложите для благоустройства их окрестностей, и, скорее всего, улучшат своё жилье. Следствием желания жить в привлекательном окружении является нежелание жить в непривлекательном. Горожанам не нравится, когда их дома находятся слишком близко к производствам или фермам. Они предпочитают жить вдали от громкого шума и сильного зловония, которые часто исходят от этих построек. Кроме того, большинство жителей считают промышленные сооружения бельмом на глазу. Если вам необходимо разместить жильё рядом с производственными постройками (а иногда это приходится делать, чтобы обеспечить их необходимой рабочей силой), постарайтесь компенсировать это неудобство садами, статуями и плитками и обеспечьте максимально лёгкий доступ к товарам и услугам. Однако в конечном счёте вам, вероятно, придётся смириться с тем, что прекрасный вид города портят трущобы у производств. Преимуществ качественного жилья много.
Высокоразвитое жилье положительно влияет на <link=""#Ratings_Title""><u>рейтинг благополучия</u></link>. Развитое жилье также вмещает больше жильцов, что позволяет увеличивать население города и, возможно, рабочую силу, не создавая новые жилые районы. Как только жилые дома достигают высоких уровней, их жильцы становятся <link=""#Scribes_Title""><u>писцами</u></link>, которые платят много налогов, но перестают быть частью рабочей силы города. Чтобы узнать, что нужно для развития конкретного жилища, нажмите на него. Его жители не постесняются объяснить вам, чего они хотят."
Guide/#HousingDesirability_Title,Text,,Дома и привлекательность
Guide/#HuntingLodge_Content,Text,,"Стройте охотничью хижину, которая будет отправлять охотников за добычей: страусов, птиц и антилоп. Охотничью хижину можно построить где угодно, хотя лучше размещать её рядом с местами, где обитает добыча; обычно это цветущие поля. Охотничьим хижинам для своей работы необходим доступ к дорогам и рабочей силе. Если у хижины есть всё необходимое, вы увидите в ней тренирующегося охотника. Охотники покидают хижину в места, где обитает добыча.
После успешной охоты охотник возвращается с добычей назад в хижину, где из неё выделывают мясо, пригодное к употреблению. Набрав необходимое количество, доставщик отправляется с мясом к <link=""#Granary_Title""><u>амбарам</u></link> или <link=""#StorageYard_Title""><u>складам</u></link> (если они принимают мясо дичи).
Если охотники охотятся на антилоп, то назад в хижину они также приносят ценные шкуры, которые можно использовать для изготовления щитов, которые усилят ваших <link=""#FortCompany_Title""><u>пехотинцев</u></link>.
Мясо дичи может стать важным составляющим диеты ваших жителей, внося разнообразие в рацион. Однако город вряд ли сможет процветать, полагаясь только на дичь. Пригодных для охоты животных ограниченное количество, так что охота не сможет обеспечить всех мясом. Для того, чтобы узнать, как прокормить ваших людей, см. статью о <link=""#FoodFarming_Title""><u>пище и земледелии</u></link>.
Дичь (вместе с <link=""#GrainFarm_Title""><u>соломой</u></link>) также необходима для прокорма диких животных в <link=""#Zoo_Title""><u>зоопарках</u></link>. Охотничьи хижины негативно влияют на <link=""#HousingDesirability_Title""><u>привлекательность</u></link>."
Guide/#HuntingLodge_Title,Text,,Охотничья хижина
Guide/#Industry_Content,Text,,"Производства, вероятно, являются самыми крупнейшими работодателями в городе. Жители используют часть создаваемой ими продукции для улучшения уровня жизни. Остальные товары можно с большой выгодой <link=""#Trade_Title""><u>продавать</u></link>. Хотя в городе может существовать различные производства, все они имеют общие признаки. Всем им необходим доступ к рабочей силе, причём эффективность конкретного производства снизится, если оно не досчитается нескольких рабочих в своём штате. Всем производствам также нужен доступ к дорогам, чтобы работники могли добираться до них. Некоторые производства вырабатывают сырье, которое может быть переработано в готовую продукцию в мастерских.
Сюда входят <link=""#ClayPit_Title""><u>глиняные карьеры</u></link>, <link=""#GemstoneMine_Title""><u>рудники самоцветов</u></link>, <link=""#GoldMine_Title""><u>медные рудники</u></link>, <link=""#WoodCutter_Title""><u>лесорубы</u></link> и <link=""#WoodCutter_Title""><u>сборщики тростника</u></link>. Фермы по выращиванию <link=""#Barley_Title""><u>ячменя</u></link>, <link=""#_BarleyTitle""><u>хны</u></link> и <link=""#Barley_Title""><u>льна</u></link> также производят сырьё для промышленности. <link=""#GrainFarm_Title""><u>Зерновые фермы</u></link> помимо производства продуктов питания также производят побочный продукт — солому. Одного заготовщика сырья обычно достаточно, чтобы поддерживать работу двух мастерских по изготовлению готовой продукции. Сырьё можно продавать, однако оно стоит не так дорого, как готовый продукт.

К производствам, перерабатывающим сырьё в готовые товары (или «мастерским»), относятся <link=""#Brewery_Title""><u>пивоварни</u></link>, <link=""#Jeweler_Title""><u>ювелирные</u></link>, <link=""#Weaver_Title""><u>ткацкие</u></link>, изготовители <link=""#PapyrusMaker_Title""><u>папируса</u></link>, <link=""#Potter_Title""><u>гончарные</u></link> и <link=""#Brickworks_Title""><u>кирпичные</u></link> мастерские, <link=""#LampMaker_Title""><u>ламп</u></link> и <link=""#PaintMaker_Title""><u>красок</u></link>, <link=""#Weaponsmith_Title""><u>оружейные кузницы</u></link>, изготовители <link=""#Weaponsmith_Title""><u>щитов</u></link>, <link=""#Weaponsmith_Title""><u>луков</u></link> и <link=""#Weaponsmith_Title""><u>колесниц</u></link>. Произведённые ими товары могут использоваться городом или продаваться на рынке.
<link=""#StoneQuarries_Title""><u>Карьеры</u></link> и <link=""#GoldMine_Title""><u>золотые рудники</u></link> отличаются от других производств, поскольку они вырабатывают сырьё, также являющееся готовым продуктом. <link=""#Shipwright_Title""><u>Верфи</u></link> производят готовый продукт (корабли) из сырья (дерева и иногда меди), но корабли нельзя продавать на открытом рынке.

Доставщики отвозят товары туда, где они необходимы. Сырьё всегда будут пытаться доставлять в ближайшие мастерские. Если сырьё не требуется ни для одного производства, доставщик направится к ближайшему <link=""#StorageYard_Title""><u>складу</u></link>, где есть место для его товаров. Если на складах нет доступного места, доставщик сделает перерыв, пока не появится свободное место. Единственными доставщиками сырья, которые не ведут себя подобным образом, являются доставщики золотого рудника и доставщики карьеров. Первые отвезут своё золото прямиком во дворец, а не на склад, а вторые — на склад, поскольку камень нельзя превратить в какой-либо другой товар.

Некоторым городским зданиям для своей работы нужны готовые товары. К ним относятся <link=""#Library_Title""><u>библиотеки</u></link>, <link=""#ScribalSchool_Title""><u>школы писцов</u></link>, <link=""#SenetHouse_Title""><u>дома сенета</u></link>, <link=""#Recruiter_Title""><u>вербовщики</u></link>, <link=""#Mortuary_Title""><u>морги</u></link>, артели <link=""#ConstructionGuilds_Title""><u>художников</u></link> и <link=""#ConstructionGuilds_Title""><u>плотников</u></link>. Доставщик от производящей постройки пытается отправить готовую продукцию в одно из зданий, которое в ней нуждается. Если таких построек нет, он отправит товар на склад или будет бездействовать, пока не освободится место. Доставщикам нравятся такие импровизированные праздники, потому что за фактическое бездействие они по-прежнему получают жалование и паёк.
Щёлкните на производящем здании, чтобы узнать о его текущем статусе. В открывшейся панели можно увидеть информацию о рабочей занятости и прогрессе производства. Если есть какие-либо проблемы, эта панель сообщит вам, в чем они заключаются."
Guide/#Industry_Title,Text,,Производство
Guide/#Irrigation_Content,Text,,"Шадуфы и оросительные каналы приносят пользу Нила на более широкий круг земель. Орошение сельскохозяйственных угодий повышает их плодородие. Чтобы орошать ферму, проложите оросительный канал в пределах двух клеток от неё. Эффекты орошения не суммируются; пока в пределах двух клеток фермы есть оросительный канал, ферма полностью орошается. Пойменные фермы находятся на уровне воды, где оросительные каналы могут быть соединены непосредственно с Нилом. Луговые фермы, однако, находятся не на уровне воды; чтобы их орошать, необходимо построить шадуф.
Шадуфы поднимают воду на один уровень. Они могут быть построены на земле, прилегающей к воде или пойме. Для шадуфов, построенных рядом с поймой, необходимо провести оросительный канал от шадуфа к Нилу. Соедините оросительный канал с шадуфом для орошения луговых ферм. Оросительные каналы автоматически проходят под дорогами. Повышение плодородия почвы увеличит урожай с фермы, но не влияет на продолжительность выращивания урожая. Даже орошаемые фермы все равно должны строиться на пахотных землях: орошение может повысить плодородие земли, но не может сделать бесплодную землю плодородной.
В разделе <link=""#FoodFarming_Title""><u>Пища и земледелие</u></link> содержится дополнительная информация."
Guide/#Irrigation_Title,Text,,Орошение
Guide/#Jeweler_Content,Text,,"Используя <link=""#GemstoneMine_Title""><u>самоцветы</u></link>, ювелиры изготавливают украшения, один из предметов роскоши. Самоцветы либо добываются в рудниках, либо закупаются у <link=""#Trade_Title""><u>торгового партнёра</u></link>. Для ювелирных мастерских требуется доступ к дороге и рабочей силе. Они отрицательно влияют <link=""#HousingDesirability_Title""><u>привлекательность</u></link>. Украшения — не очень привлекательный товар для продажи. Большую часть цены ввозимых предметов роскоши составляет стоимость перевозки, а не сама ценность товара. Таким образом, закупка предметов роскоши в других городах обойдётся вашей казне в крупную сумму, с которой не сравнится выручка от продажи украшений. Украшения — лишь один из предметов роскоши, к которой стремятся граждане. Самые богатые из них потребуют ещё один вид роскоши, ввозимый издалека."
Guide/#Jeweler_Title,Text,,Ювелирная мастерская и предметы роскоши
Guide/#LampMaker_Content,Text,,"Изготовитель ламп производит лампы, необходимые при работах в тёмных коридорах <link=""#RoyalTomb_Title""><u>царских гробниц</u></link>. Для своей работы изготовителям ламп необходимы поставки керамики и масла. Керамику можно произвести в <link=""#Potter_Title""><u>гончарной мастерской</u></link> или купить у <link=""#Trade_Title""><u>торгового партнёра</u></link>. Масло можно только закупать.
Изготовителю необходим доступ к дороге и рабочей силе. Как только изготовитель получит всё необходимое, вы увидите, как мастера займутся работой, заполняя горшки маслом и изготовляя лампы. Изготовители ламп отрицательно влияют на <link=""#HousingDesirability_Title""><u>привлекательность</u></link>, так что не размещайте их рядом с жилыми кварталами."
Guide/#LampMaker_Title,Text,,Изготовитель ламп
Guide/#Library_Content,Text,,"Взыскательным жителям необходим доступ к библиотекам. Библиотеки повышают стоимость собственности и вносят свой вклад в <link=""#Ratings_Title""><u>культурный рейтинг</u></link> города. Библиотеки будут бесполезны, если полки для папируса будут пусты. Для постройки библиотеки необходим некоторый запас <link=""#PapyrusMaker_Title""><u>папируса</u></link> на <link=""#StorageYard_Title""><u>складах</u></link>. После постройки для функционирования библиотеке потребуются поставки папируса, а также доступ к дороге и рабочей силе. Получив всё необходимое, библиотека отправит библиотекаря в обход по жилым кварталам. Каждый раз, выходя из библиотеки, библиотекарь заберёт немного папируса, чтобы поделиться литературными произведениями с людьми.
Чтобы узнать количество библиотек в городе, посетите своего <link=""#OverseerLearning_Title""><u>советника по образованию</u></link>."
Guide/#Library_Title,Text,,Библиотека
Guide/#Lighthouse_Content,Text,,"Впечатляющий Фаросский маяк в Александрии днём и ночью помогает морякам ориентироваться на опасных отмелях гавани. Фаросский маяк можно построить только на скалистом грунте острова Фарос в гавани Александрии. Выберите «Фаросский маяк» из списка монументов, а затем наведите курсор на каменистую землю возле входа во внешнюю гавань. Когда проекция монумента полностью станет зелёной, значит, вы нашли подходящее место, которое выдержит громадный вес этого сооружения. Как только земля будет расчищена, вам понадобятся поставки импортного белого мрамора. Этот товар можно получить через <link=""#Trade_Title""><u>торговый путь</u></link> с другим городом. <link=""#ConstructionGuilds_Title""><u>Каменотёсы</u></link> аккуратно уложат белый мрамор, который чернорабочие из <link=""#WorkCamp_Title""><u>рабочего лагеря</u></link> доставят со <link=""#StorageYard_Title""><u>склада</u></link>, как только там окажется как минимум четыре блока. Также понадобятся <link=""#ConstructionGuilds_Title""><u>плотники</u></link> с запасом <link=""#WoodCutter_Title""><u>древесины</u></link> для возведения строительных лесов.
Щёлкните по Фаросскому маяку, пока он строится, чтобы просмотреть отчёт о ходе работ от его <link=""#ConstructionForeman_Title""><u>прораба</u></link>."
Guide/#Lighthouse_Title,Text,,Фаросский маяк
Guide/#MajorPlagues_Content,Text,,"Множество бедствий может обрушиться на город, не взирая на размеры и богатства, и казни египетские — самые страшные из них. Это не какая-то <link=""#Health_Title""><u>чума</u></link>, которая возникает из-за плохого здравоохранения. Казни египетские случаются без каких-либо причин. Все крупные бедствия обычно приводят к снижению <link=""#PopulationGrowth_Title""><u>настроения в городе</u></link>, но каждое из них ведёт к определённым ужасным последствиям.

Река крови: когда Река крови поражает город, все воды на несколько месяцев превращаются в кровь и становятся непригодными к <link=""#DrinkingWater_Title""><u>питью</u></link> и иному использованию. Та вода, что была запасена в домах, также станет непригодной, и те, кто живёт ближе всего к реке, в большей мере испытают это несчастье. Люди, живущие у воды, подвергнутся ещё большему риску заболеваний и малярии (см. статью <link=""#Health_Title""><u>Здоровье в городе</u></link>). <link=""#FishingWharf_Title""><u>Рыбацкие причалы</u></link>, <link=""#Irrigation_Title""><u>шадуфы</u></link>, <link=""#WoodCutter_Title""><u>сборщики тростника</u></link>, <link=""#Well_Title""><u>колодцы</u></link> и <link=""#WaterSupply_Title""><u>источники воды</u></link> прекратят свою работу на время бедствия.

Жабы: когда на ваш город обрушивается нашествие жаб, бесчисленные множества лягушек вторгаются в ваши границы и заселяют все дома, мимо которых они проходят. Никто не в состоянии жить вместе с лягушками, поэтому жители таких домов вынуждены бежать, и в течение нескольких месяцев никто не сможет вернуться обратно. Можно попытаться сдержать нашествие жаб, отгородившись от них стенами или стратегически расположив здания.

Град: смертоносный град способен убить любого, кто находится в вашем городе. Град без разбора может убить солдат (в том числе вражеских) и животных так же легко, как и обычных жителей. Град также вызывает сильное волнение в водах, и многие из ваших кораблей могут пойти ко дну.

Саранча. Саранча спускается на землю и пожирает все культуры, что произрастают на ваших <link=""#FoodFarming_Title""><u>фермах</u></link>. Посевы как в пойме, так и на лугах будут полностью уничтожены непосредственно перед сбором урожая, что лишит город урожая за весь год."
Guide/#MajorPlagues_Title,Text,,Казни египетские
Guide/#Mansion_Content,Text,,"Постройте великолепный дом в городе, чтобы укрепить свою власть и престиж. В вашем особняке хранится богатство вашей семьи, и вы не сможете получать <link=""#Money_Title""><u>жалование</u></link>, пока не построите для себя дом. Жители города должны быть уверены в вашем постоянном участии в жизни общества, прежде чем они позволят вам получать деньги. Ваше жалование устанавливается в соответствии с вашим опытом. Если вы чувствуете, что заслуживаете больше или меньше денег, вы можете установить свой собственный уровень жалования. Однако имейте в виду: если вы будете платить себе больше, чем того стоите, то это отрицательно скажется на вашем <link=""#Ratings_Title""><u>рейтинге в Царстве</u></link>. Вы также можете установить свою личное жалование, посетив своего <link=""#OverseerTreasury_Title""><u>советника по казне</u></link>.
Для вашей резиденции необходим доступ к дороге и свежей воде. Следовательно, хотя бы часть особняка должна находиться на покрытой травой земле. Все хотят быть вашими соседями, поэтому ваш дом значительно повышает привлекательность района. В зависимости от вашего ранга и возможностей города вы можете построить Личный особняк, Семейный особняк или роскошный Особняк династии."
Guide/#Mansion_Title,Text,,Особняк
Guide/#Mastaba_Content,Text,,"Мастабы — это прекрасные гробницы, построенные для знати. Иногда вам даже придётся строить мастабу для своего собственного упокоения. Чтобы построить мастабу, вам понадобятся большой запас <link=""#Brickworks_Title""><u>кирпичей</u></link> и <link=""#ConstructionGuilds_Title""><u>артель каменщиков</u></link>, а также чернорабочие из <link=""#WorkCamp_Title""><u>рабочих лагерей</u></link>. Первым шагом к постройке мастабы является выбор места. Вы поймёте, что выбрали подходящее место, когда увидите зелёную проекцию мастабы. Если на зелёной проекции есть красные ромбы, то какая-то часть ландшафта мешает строительству. Нажмите на левую кнопку мыши, когда проекция станет зелёной, и ограниченная колышками строительная площадка под мастабу будет зафиксирована. После этого каменщики будут укладывать кирпичи, доставляемые чернорабочими на салазках. На полях Иалу усопшему понадобится много вещей, поэтому вам, вероятно, придётся снабдить мастабу <link=""#Burial_Title""><u>погребальными принадлежностями</u></link>. Ваш <link=""#OverseerMonuments_Title""><u>советник по монументам</u></link> сообщит вам, какие товары необходимы. Пообщайтесь с <link=""#ConstructionForeman_Title""><u>прорабом</u></link>, чтобы узнать о статусе строительства мастабы.
Щёлкните <link=""#MonumentConstruction_Title""><u>сюда</u></link>, чтобы узнать больше о строительстве монументов."
Guide/#Mastaba_Title,Text,,Мастаба
Guide/#Mausoleum_Content,Text,,"Мавзолеи — это большие гробницы, используемые для погребения фараонов и знати. Чтобы построить мавзолей, необходимы запасы песчаника и дерева, а также как минимум по одной артели <link=""#ConstructionGuilds_Title""><u>плотников</u></link> и <link=""#ConstructionGuilds_Title""><u>каменотёсов</u></link> и <link=""#WorkCamp_Title""><u>рабочий лагерь</u></link>.
Перед размещением мавзолея необходимо, чтобы в городских <link=""#StorageYard_Title""><u>складах</u></link> хранилось большое количество песчаника. Как только будет накоплено достаточно камня, выберите мавзолей из списка монументов и разместите его, ориентируясь на цвет проекции (зелёная проекция означают, что вы можете разместить структуру, красные ромбы означают, что некоторые элементы ландшафта не позволяют построить её там).
После того, как вы обозначили место для постройки, чернорабочие из рабочего лагеря расчистят землю и заложат фундамент. После этого к работе приступят каменотёсы. Всякий раз, когда на складе накапливается четыре блока песчаника, чернорабочие грузят его на салазки и тащат на строительную площадку. Каменотёсы уложат камень на место, пока не возведут первый этаж.
После этого плотники установят деревянные пандусы, чтобы каменотёсы смогли работать над вторым этажом мавзолея. Когда второй этаж будет завершён, мавзолей будет закончен."
Guide/#Mausoleum_Title,Text,,Мавзолей
Guide/#Money_Content,Text,,"Невозможно построить город без денег, а богатая городская казна является верным признаком успешности города. Город получает деньги за счёт взимания налогов, экспорта товаров, подарков и (если это доступно городу) добычи золота. Эти сравнительно очевидные темы будут объяснены к концу данной статьи. А сперва следует узнать о тонкостях управления капиталом.

Долг: когда ваша казна впервые опустошится, правители Египта могут предоставить вам помощь в виде дополнительных дебенов. Это никоим образом не наказывает вас, и они не ожидают возврата средств. Однако, следует воспринимать этот дар как предупреждение о том, что вашему городу следует перестать бесконтрольно тратить средства. Если вы истратили весь спасательный капитал или не получили подобного подарка, ваша казна может накопить ещё 5000 дебенов долга. Короткие и случайные выходы в отрицательный баланс порой неизбежны и не смогут навредить, если вы сможете быстро восстановить положительный баланс. Но долгосрочная задолженность может стоить вам игры.

Последствия долга: каждый месяц дефицита в казне будет стоить вам выплат процентов долгу, которые будут начисляться к общей сумме. Чем выше долг, тем больше процентов придётся платить, и от этого долг будет расти быстрее. Если вы не сможете добиться положительного баланса казны (пусть даже ненадолго) в течение 12 месяцев после появления долга, ваш рейтинг Царства начнёт падать, так как другие египетские правители начнут терять веру в вашу способность управлять городом. Первая «годовщина долга», пусть и унизительная, скорее всего, не нанесёт вам большого вреда. Но если второй год подряд не удастся добиться положительных цифр в балансе, рейтинг Царства упадёт ещё сильнее, и последующие годы будут ещё хуже.

Избавление от долга: долг, безусловно, является серьёзной проблемой, и если вам не удаётся его избежать, погасите его как можно скорее. Способы привлечь дополнительные средства перечислены ниже, но также следует воздерживаться от расходования оставшихся средств на что-либо, что в конечном итоге не будет приносить денег. Конторы сборщиков налогов, производства экспортируемых товаров и новые торговые пути к городам, что будут их покупать, могут быть разумными расходами.

Налоги: налоги взимаются с горожан за все услуги, что город им предоставляет. Жители не будут проявлять недовольства, если ставка налога будет в разумных пределах. Первоначально ставка составляет 9 процентов, и является хорошим ориентиром, но вы можете повысить и понизить её в любой момент, посетив своего советника по казне или щёлкнув по своему дворцу. Понижение ставки налога принесёт вам радость и признательность горожан. Повышение ставки может вызвать недовольство и привести к массовому исходу жителей из города, но иногда без этого не обойтись. Если ваш город вот-вот попадёт в долги, то вы можете повысить налоги, чтобы временно решить эту проблему. Однако нужно будет найти долгосрочное решение денежной проблемы. Высокая ставка быстро ухудшит <link=""#PopulationGrowth_Title""><u>настроения в городе</u></link>.
Жители не против платить налоги, но против того, чтобы проблемы города решались за их счёт. Для сбора налогов необходимо иметь <link=""#Palace_Title""><u>дворец</u></link>. После этого постройте <link=""#TaxCollector_Title""><u>конторы сборщиков налогов</u></link>, которые и будут собирать налоги. Советнику по казне известна доля жителей, обязанных платить налоги, и количество недополученных налогов из-за недостатка сборщиков. Справедливо распределяйте налогообложение в городе: если часть районов совершенно не платит налогов, <link=""#PopulationGrowth_Title""><u>настроения в городе</u></link> упадут и возникнет <link=""#Crime_Title""><u></u>преступность</link>.

Торговля: прибыль от экспорта товаров будет, скорее всего, основным источником доходов города. Открывайте торговые пути как можно раньше. Крайне важно понимать, как экспортировать товары, так что обязательно прочтите статью <link=""#Trade_Title""><u>Торговля</u></link>, если с ней у вас возникают проблемы.

Добыча золота: некоторые города могут чеканить собственные деньги. Золото превращается в дебены, основную валюту Египта. Если вы заметите вкрапления металла в выходящей на поверхность горной породе, значит, вы сможете строить <link=""#GoldMine_Title""><u>золотые рудники</u></link>. Но не радуйтесь слишком сильно: в этих же местах можно добывать <link=""#GoldMine_Title""><u>медь</u></link>, которая ценится гораздо выше, хоть и не востребована так сильно, как золото. Золотые рудники работают так же, как и прочие <link=""#Industry_Title""><u>производства</u></link>, однако их производимый товар отправляется не на склады, а прямиком во дворец, где из него чеканят дебены.

Фамильные сбережения и жалование: Как и город, вы тоже можете зарабатывать деньги. Вам платят за ваши усилия в качестве городского правителя, и вы сможете получать жалование, как только построите собственный <link=""#Mansion_Title""><u>особняк</u></link>. Ваше жалование выплачивается из городской казны, и она соразмерна с вашим опытом. Вы можете изменить размер жалования, но если вы будете платить себе больше положенного вашему рангу, <link=""#Ratings_Title""><u>рейтинг Царства</u></link> может упасть. Вы также можете платить себе меньше денег или вообще отказаться от жалования, что может произвести впечатление на людей и повысить рейтинг Царства. Если ваш город испытывает финансовые трудности, не платить себе жалование — хороший способ сократить расходы. Также можно перевести семейные сбережения в городскую казну — хороший способ погасить или предотвратить долг.
Однако вы никогда не сможете перевести деньги из казны на свой семейный счёт. Это было бы хищением! На ваши семейные сбережения можно также приобрести «подарок для Египта». Такие пожертвования народу Египта или, на усмотрение вашего советника, другим египетским правителям немедленно повысят рейтинг Царства. Однако будьте осторожны с этим. Начав раздавать подарки, вы приучите получателей к ним, и они станут воспринимать их как должное. Внезапное прекращение отправки подарков может навредить вашему рейтингу."
Guide/#Money_Title,Text,,Деньги
Guide/#MonumentConstruction_Content,Text,,"Для успешного выполнения большинства миссий вам потребуется построить один или несколько монументов. Их можно строить любом порядке. В большинстве случаев мастера из <link=""#ConstructionGuilds_Title""><u>строительных артелей</u></link> будут ждать на месте строительной площадки чернорабочих из <link=""#WorkCamp_Title""><u>рабочего лагеря</u></link>, доставляющих необходимые материалы со <link=""#Storage Yard_Title""><u>склада</u></link>. Чернорабочие будут идти столько, сколько им нужно, чтобы добраться до монумента. Возведение <link=""#Sphinx_Title""><u>сфинкса</u></link> и <link=""#Obelisk_Title""><u>обелиска</u></link> устроено немного по-другому.
Рабочие вашего города могут работать над несколькими памятниками одновременно, и у вас может возникнуть соблазн приказать им это сделать. Однако имейте в виду, что такой план может оказаться не таким уж хорошим. Проблемы могут возникнуть, когда <link=""#ConstructionGuilds_Title""><u>каменотёсы</u></link> и грузчики не смогут скоординировать свою работу: пока мастера без дела будут ждать на одной площадке, чернорабочие будут осуществлять доставку строительных материалов на другую. Эта ситуация глубоко расстраивает <link=""#OverseerMonuments_Title""><u>советника по монументам</u></link>, и очень сложно согласовать непреклонные приказы грузчиков с независимым поведением каменотёсов. Лучше вообще избегать такого конфликта, возводя монументы последовательно, а не одновременно.
Кроме того, некоторые монументы возводятся внутри скал, например <link=""#AbuSimbel_Title""><u>Абу-Симбел</u></link> и <link=""#RoyalTomb_Title""><u>царские гробницы</u></link>. Чтобы узнать больше о монументах, прочитайте отдельные статьи о каждом из них."
Guide/#MonumentConstruction_Title,Text,,Строительство монументов
Guide/#Mortuary_Content,Text,,"Бальзамировщики в моргах готовят тело усопшего к путешествую в загробную жизнь. Морги улучшают <link=""#Health_Title""><u>городское здравоохранение</u></link>, должным образом заботясь об умерших. Как и остальным зданиям, моргам необходим доступ к дороге и рабочей силе. В дополнение к этому, им необходимы поставки <link=""#Weaver_Title""><u>ткани</u></link>, которую можно произвести в городе или купить у <link=""#Trade_Title""><u>торгового партнёра</u></link>. Бальзамировщики используют ткань для оборачивания тел усопших после завершения процесса бальзамирования. Хотя жители могут требовать доступ к моргам, жить рядом с ними они не захотят: морги славятся своим неприятным запахом.
<link=""#OverseerHealth_Title""><u>Советник по здравоохранению</u></link> предоставляет ценную информацию по работе моргов в вашем городе."
Guide/#Mortuary_Title,Text,,Морг
Guide/#Obelisk_Content,Text,,"Обелиск символизирует лучи солнца, на его гранях запечатлены великие дела и достижения. Обелиски изготавливаются из большого количества <link=""#StoneQuarries_Title""><u>гранита</u></link>, хранящегося на городских <link=""#StorageYard_Title""><u>складах</u></link>, причём на складах должен быть весь необходимый для строительства гранит. Наведите указатель мыши на землю, чтобы выбрать место для обелиска. Монумент можно будет установить, если у него будет зелёная проекция. Если в проекции присутствуют красные ромбы, то какая-то часть ландшафта на этом месте не позволяет построить обелиск.
После выбора площадки начинается укладка гранита. Затем <link=""#ConstructionGuilds_Title""><u>плотники</u></link> возводят строительные леса вокруг монумента, а <link=""#ConstructionGuilds_Title""><u>каменотёсы</u></link> вырезают на гранях замысловатые узоры. Для строительства обелиска не нужны чернорабочие.
Щёлкните по монументу, чтобы посетить <link=""#ConstructionForeman_Title""><u>прораба</u></link>. Он сообщит вам о ходе строительства монумента."
Guide/#Obelisk_Title,Text,,Обелиск
Guide/#OverseerCommerce_Content,Text,,"Ваш торговый советник следит за городскими <link=""#Industry_Title""><u>производствами</u></link> и <link=""#StorageYard_Title""><u>складами</u></link> и оценивает спрос, предложение и цены на товары со всего мира. Он знает, сколько каждого товара хранится в городе. Ваш торговый советник также информирует вас о текущем статусе каждого производства и помогает налаживать торговые потоки.
Он определяет, какие товары можно закупать или продавать, основываясь на установленных торговых путях. Ему можно указать, какими товарами необходимо торговать, сколько их должно храниться на складах, либо можно положиться на его мнение и позволить ему самому закупать и продавать товары по своему усмотрению. Советник достаточно опытен в этих вопросах и принимает разумные решения о том, сколько каждого товара должно быть в наличии в вашем городе. При закупках советник будет закупать товар до указанного вами уровня (или, если он руководствуется своими соображениями, будет закупать ровно столько, чтобы поддерживать небольшой излишек на складах). При продажах советник будет продавать товары при превышении заданного вами уровня, иначе, предоставленный самому себе, он оценит, нужен ли городу каждый товар для своих собственных целей, и отказывается продавать больше, чем то количество, которое, по его мнению, нужно для бесперебойной работы. Советник скрупулёзно отслеживает численность населения и пересматривает свои решения каждый раз, когда она растёт или падает.
Для того, чтобы постичь все секреты успешной торговли, обратитесь к статьям <link=""#Industry_Title""><u>Производство</u></link>, <link=""#FoodFarming_Title""><u>Пища и земледелие</u></link> и <link=""#Trade_Title""><u>Торговля</u></link>."
Guide/#OverseerCommerce_Title,Text,,Торговый советник
Guide/#OverseerDiversions_Content,Text,,"Ваш советник по развлечениям всегда знает, сколько в городе выступлений жонглёров, певцов и танцовщиц. Количество площадок для выступления важнее, чем количество <link=""#Booth_Title""><u>помостов</u></link>, <link=""#Bandstand_Title""><u>эстрад</u></link> и <link=""#Pavilion_Title""><u>сцен</u></link>, поэтому он не тратит время на их подсчёт.
Он также может сообщить количество <link=""#SenetHouse_Title""><u>домов сенета</u></link> и <link=""#Zoo_Title""><u>зоопарков</u></link>, развлекающих народ. Он определяет, сколько людей получило удовольствия от городских площадок, зоопарков и домов сенета и примерно подсчитывает удовлетворённость жителей каждым видом развлечений.
См. статью <link=""#Entertainment_Title""><u>Развлечения</u></link> для более подробной информации."
Guide/#OverseerDiversions_Title,Text,,Советник по развлечениям
Guide/#OverseerGranaries_Content,Text,,"Продовольствие и население — зависящие друг от друга термины. Советник по продовольствию ведёт подсчёт городского населения и потребляемой им пищи. Он также может представить информацию о населении в виде трёх графиков.
График «История» отображает изменение численности вашего населения. Если дела в городе идут хорошо, график будет демонстрировать рост населения.
График «Перепись» отображает ваше население в разрезе возраста, что может быть полезным для прогнозирования роста или сокращения количества <link=""#Workers_Title""><u>рабочей силы</u></link>. Дети и старики не работают, но при этом потребляют пищу, пьют пиво и разбивают посуду!
График «Общество» отображает достаток ваших жителей, измеряемый в качестве их жилья. Очень зажиточные люди (<link=""#Scribes_Title""><u>писцы</u></link>) не утруждают себя ручным трудом, поэтому с ростом благосостояния вашего города будет падать количество рабочей силы. Хотя писцы не формируют фонд рабочей силы, они платят много налогов в казну вашего дворца.
Ниже графиков есть некоторая очень полезная информация. Первая строка сообщает о том, сколько людей при текущем уровне миграции и производства пищи сможет прокормить город. Советник также знает, сколько ещё город может вместить жителей, сколько пищи припасено в амбарах и сколько переселенцев прибыло в предыдущем месяце.
Важность советника по продовольствию могут также прояснить статьи <link=""#PopulationGrowth_Title""><u>Население</u></link> и <link=""#FoodFarming_Title""><u>Пища</u></link>."
Guide/#OverseerGranaries_Title,Text,,Советник по продовольствию
Guide/#OverseerHealth_Content,Text,,"Ваш советник по здравоохранению сообщает о текущем здоровье в городе. Он подсчитывает количество работающих домов <link=""#Physician_Title""><u>лекарей</u></link> и <link=""#Dentist_Title""><u>дантистов</u></link>, <link=""#Apothecary_Title""><u>аптек</u></link> и <link=""#Mortuary_Title""><u>моргов</u></link>. Советник по здравоохранению осведомлён о возможных рисках появления малярии или болезней. Также он отслеживает общее отношение населения к предоставляемым медицинским услугам.
Статья <link=""#Health_Title""><u>Здоровье</u></link> поможет понять воздействие состояния здоровья на ваш город."
Guide/#OverseerHealth_Title,Text,,Советник по здравоохранению
Guide/#OverseerLearning_Content,Text,,"Ваш советник по образованию извещает вас состоянии образования в городе. Он сообщает количество действующих <link=""#ScribalSchool_Title""><u>школ писцов</u></link> и <link=""#Library_Title""><u>библиотек</u></link>, и сколько людей могут получать услуги образовательных учреждений. Он также оценивает доступность образования и отчитывается о нуждах граждан в сфере образования.
См. статью <link=""#Education_Title""><u>образование</u></link> для дополнительной информации."
Guide/#OverseerLearning_Title,Text,,Советник по образованию
Guide/#OverseerMilitary_Content,Text,,"Военный советник ведёт учёт городских <link=""#FortCompany_Title""><u>отрядов</u></link>, <link=""#Warship_Title""><u>военных</u></link> и <link=""#TransportShip_Title""><u>транспортных</u></link> кораблей. Он предоставляет вам отчёты как по армии, так и по флоту. В отчёте по армии советник кратко информирует вас о количестве и состоянии каждого отряда города. Он следит за их боевым духом и подготовкой, а также может выделить отряд для службы Царству, и, если кто-то запрашивает военную помощь, отослать отряд.
Щёлкните по вкладке состояния флота, чтобы просмотреть по нему отчёт. В нём приводится вся необходимая информация о военных и транспортных кораблях. Советник также может отправить военные корабли на помощь фараону или другому городу, если это необходимо.
Ваш военный советник также держит вас в курсе о боевых действиях рядом с городом. Он сообщит вам о приближении врагов или о запросе войск или кораблей. См. также статью <link=""#War_Title""><u>Война</u></link> для дальнейшей информации."
Guide/#OverseerMilitary_Title,Text,,Военный советник
Guide/#OverseerMonuments_Content,Text,,"Ваш советник по монументам может рассказать, что в данный момент мешает строительству монумента. Он также может организовать отправку необходимых <link=""#Burial_Title""><u>погребальных принадлежностей</u></link> в любую гробницу. Чтобы получить отчёт о ходе строительства, щёлкните по проекту и посетите <link=""#ConstructionForeman_Title""><u>прораба стройки</u></link>."
Guide/#OverseerMonuments_Title,Text,,Советник по монументам
Guide/#OverseerPolitical_Content,Text,,"Ваш советник по политике управляет вашими связями с остальным Египтом. Он отслеживает все запросы на товары от других городов или фараона, знает, сколько запрошенного товара город имеет на своих <link=""#StorageYard_Title""><u>складах</u></link>, и сообщит, когда вы сможете выполнить запрос. Затем вы можете приказать советнику по политике отправить товар. Как правило, рекомендуется выполнять запросы от фараона или других городов как можно быстрее. Полное игнорирование запроса может навредить <link=""#Trade_Title""><u>торговле</u></link> или даже спровоцировать нападение на город. Отправка товара с опозданием лучше, чем не отправка вовсе.
Советник по политике также помогает управлять семейными сбережениями. Ему известно, сколько на данный момент у вас сбережений и какой размер вашего жалования. Семейные сбережения переносятся от миссии к миссии, пока центральное правительство Египта не рухнет (что происходит между сменами периодов правления). По вашему приказу советник может изменить ваше жалованье, но имейте в виду, что ваши соотечественники неодобрительно относятся к тем, кто платит себе больше положенного по рангу. Траты семейных сбережений также контролируются советником по политике. Вы можете отправить подарок Египту (другим политическим лидерам или жителям других городов) или передать средства в казну своего города. Отправка подарка Египту может повысить ваш <link=""#Ratings_Title""><u>рейтинг царства</u></link>. Если у вашей семьи достаточно сбережений, вы можете выбрать один из трёх подарков для отправки. Однако не будьте слишком щедры. Если вы отправляете подарки слишком часто, получатели начнут злиться, если дары перестанут приходить. Они также склонны ожидать, что каждое подношение будет более ценным, чем предыдущее. Когда вы решите отправить подарок, советник по политике позаботится о том, чтобы он был доставлен в целости и сохранности.
Вы также можете пожертвовать свои семейные сбережения в городскую казну. Это может быть хорошей идеей, особенно в условиях, когда город находится на грани долга, который может обойтись очень дорого. Царство даст деньги взаймы городу, но ссуды дорого обходятся. Чтобы узнать больше о деньгах вашего города, щёлкните <link=""#Money_Title""><u>сюда</u></link>. Наконец, ваш советник по политике знает рейтинг Царства и общее отношение Египта к вам. Лучшим источником информации о рейтингах является ваш <link=""#OverseerRatings_Title""><u>советник по рейтингу</u></link>."
Guide/#OverseerPolitical_Title,Text,,Советник по политике
Guide/#OverseerRatings_Content,Text,,"Ваш советник по рейтингу отображает текущие городские рейтинги культуры, процветания, монументов и Царства, а также ваши цели по уровню населения. Щёлкнув по рейтингу, вы получите подсказку от советника о том, как лучше всего повысить этот рейтинг или что его сдерживает. Вы можете увидеть, как далеко ваш город продвинулся в достижении своих целей, просмотрев столбцы над каждым рейтингом. Несмотря на то, что вы, возможно, достигли рейтинга монументов, цель не будет достигнута, пока советник по монументам не отправит все необходимые погребальные принадлежности.
Чтобы получить более подробную информацию о рейтингах и их роли в игре, нажмите <link=""#Ratings_Title""><u>сюда</u></link>."
Guide/#OverseerRatings_Title,Text,,Советник по рейтингу
Guide/#OverseerTemple_Content,Text,,"Ваш советник по храмам знает, каким богам поклоняются в городе, есть ли у города бог-покровитель и, что самое важное, он также отслеживает отношение каждого бога. Советник сообщит, сколько святынь, храмов и храмовых комплексов работает в городе и требуют ли люди большего доступа к религиозным объектам. Он также может помочь спланировать праздник — нажмите для этого на кнопку «Провести новый праздник».
Выберите, в честь какого бога и какого размаха будет праздник. Имейте в виду, что для проведения праздника в вашем городе должна быть построена <link=""#FestivalSquare_Title""><u>праздничная площадь</u></link>. Для проведения грандиозного праздника в городе также должны быть запасы пива. Советник по храмам также расскажет вам о конкретных опасениях горожан относительно религии в городе.
Прочитайте о <link=""#Religion_Title""><u>религии</u></link>, чтобы узнать больше о ценности умилостивления богов."
Guide/#OverseerTemple_Title,Text,,Советник по храмам
Guide/#OverseerTreasury_Content,Text,,"Ваш советник по казне отслеживает каждый дебен, проходящий через городскую казну. Изучив его подсчёты, вы сможете понять, где можно сократить расходы или увеличить доход. Здесь также можно установить ставку налога. Значение по умолчанию в 9 процентов считается жителями разумным. Повышение ставки намного выше 9 процентов может разозлить жителей, снизить приток новых поселенцев или даже побудить людей уехать. Чем дольше налоги будут на высоком уровне, тем злее становятся люди. Чтобы узнать больше о настроениях в городе, щёлкните <link=""#PopulationGrowth_Title""><u>сюда</u></link>.
В сводке также указывается, сколько налогов собрано, сколько горожан учтено как налогоплательщики и сколько денег не было собрано из-за недостаточного количества сборщиков налогов. Используйте слой налогов, чтобы найти районы, в которых не платят налоги. Кроме того, имейте в виду, что люди очень волнуются, когда одни районы платят налоги, а другие — нет.
Смотритель также представляет вам балансовую ведомость. Строки в верхней части таблицы отражают доход города за счёт выплаты налогов, подношений и прибыли от продажи товаров. Под этим скудным списком  находится более длинный список городских расходов. Как правило, затраты на жалование и строительство будут самыми большими статьями расходов, хотя закупка товаров также может стать довольно затратной. В левой части списка для сравнения показаны результаты предыдущего года. Вы можете увидеть, не вышли ли те или иные расходы из-под контроля по сравнению с предыдущим годом. Статья <link=""#Money_Title""><u>Деньги</u></link> содержит дополнительные советы по бюджету. Статья <link=""#TaxCollector_Title""><u>Сборщики налогов</u></link> будет также полезной.
На панели советника вы увидите размер жалования, выплачиваемого рабочим, и жалования, которую выплачивают в остальном Египте. Если вы платите своим жителям больше, чем в других городах Египта, это может способствовать росту <link=""#PopulationGrowth_Title""><u>настроений в города</u></link> и стимулировать приток новых жителей. Заплатив меньше, город сэкономит деньги, но испортит настроение горожанам и спровоцирует отток жителей."
Guide/#OverseerTreasury_Title,Text,,Советник по казне
Guide/#OverseerWorkers_Content,Text,,"Ваш советник по рабочей силе отслеживает всё, что касается вашей <link=""#Workers_Title""><u>рабочей силы</u></link>: количество вакансий в разрезе отраслей и количество безработных. Он поможет вам решить проблемы, связанные с вашими работниками. Вы можете обратиться к советнику, чтобы расставить приоритеты для распределения работников. Если этого не делать, то советник назначит работников по своему усмотрению.
Чтобы выставить высший приоритет для определённой отрасли, например военной, нажмите на строку «Военные сооружения» и установите её приоритет равным 1. Вы можете назначить приоритет каждой отрасли. Но будьте осторожны: при установке приоритета советник переместит всех рабочих, чтобы заполнить конкретно эту отрасль. Это может оставить некоторые отрасли без работников. Ваш город долго не протянет, если какая-либо из его отраслей останется без рабочих. В случае нехватки рабочей силы вам, возможно, придётся часто менять приоритеты, чтобы ни одна отрасль не простаивала слишком долго.
Также можно установить приоритеты внутри категории для каждого типа здания. После выбора категории соответствующие здания будут показаны справа с теми же настройками приоритета."
Guide/#OverseerWorkers_Title,Text,,Советник по рабочей силе
Guide/#PaintMaker_Content,Text,,"Изготовителям красок для производства необходимы поставки <link=""#Barley_Title""><u>хны</u></link>. Измельчённые листья и стебли хны используются для изготовления различных красителей, которые необходимы для изготовления красок. Хну можно выращивать на фермах либо завозить через <link=""#Trade_Title""><u>торговые пути</u></link>. Как только изготовитель красок получит доступ к рабочей силе и дороге и будет снабжён хной, вы увидите как мастера изготавливают краску.
Как только она будет готова, её отправляют на <link=""#StorageYard_Title""><u>склад</u></link>. Оттуда её доставят <link=""#ConstructionGuilds_Title""><u>художникам</u></link> для росписи стен <link=""#RoyalTomb_Title""><u>царских гробниц</u></link>. Из-за неприятного запаха и постоянного шума мастерские изготовителей красок делают соседние жилые районы <link=""#HousingDesirability_Title""><u>непривлекательными</u></link>."
Guide/#PaintMaker_Title,Text,,Изготовитель красок
Guide/#Palace_Content,Text,,"Дворец является средоточием власти в городе. Дворец является ценным ресурсом в вашем городе, и его следует строить как можно раньше. В городе может быть только один дворец. В зависимости от вашего ранга и статуса города вы можете построить Дворец деревни, Дворец поселения или Дворец города. Чтобы иметь возможность собирать <link=""#Money_Title""><u>налоги</u></link>, в городе должен быть дворец. В дворцовых хранилищах хранится часть казны города.
Если вашему городу посчастливилось находиться в районе <link=""#GoldMine_Title""><u>золотодобычи</u></link>, дворец выполняет ещё одну жизненно важную функцию: в него прямо из рудников доставляется золотая руда, где из неё чеканят деньги. Полученные дебены добавляются непосредственно в городскую казну. Золото никогда не продаётся и ни никуда больше, кроме дворца, не доставляется. Если фараон почтит ваш город царским визитом, он поселится во дворце. Резиденция правительства — одно из самых красивых и уважаемых зданий в вашем городе. Людям нравится жить поблизости — некоторые считают, что это укрепляет их положение в обществе. Дворцу необходим доступ к дороге и рабочей силе для выполнения своей работы. Ему также необходим доступ к подземным водам на случай визита царской особы. Следовательно, хотя бы одна часть здания должна располагаться на покрытой зелёной травой земле."
Guide/#Palace_Title,Text,,Дворец
Guide/#PapyrusMaker_Content,Text,,"Мастерским папируса необходимы доступ к рабочей силе и дорогам и поставки <link=""#WoodCutter_Title""><u>тростника</u></link> от сборщиков или <link=""#Trade_Title""><u>торгового партнёра</u></link>. Изготовители могут хранить небольшой запас тростника у себя между поставками для того, чтобы производство не останавливалось. Когда очередная тележка с папирусом будет готова, разносчик отвезёт её в <link=""#ScribalSchool_Title""><u>школу писцов</u></link> или <link=""#Library_Title""><u>библиотеку</u></link>. Если папирус никому не нужен, разносчик доставит припасы на <link=""#StorageYard_Title""><u>склад</u></link>, откуда их можно с выгодой <link=""#Trade_Title""><u>продать</u></link>. Жителям не нравится жить рядом с мастерской папируса. От постоянных ударов болит голова."
Guide/#PapyrusMaker_Title,Text,,Мастерская папируса
Guide/#Pavillion_Content,Text,,"Сцены являются самым крупными развлекательными площадками, имеющими три сцены: для выступлений жонглёров, музыкальных концертов и танцевальных представлений. Никто из горожан не будет жаловаться из-за проживания рядом со сценой. Сцены размещаются на пересечении дорог — на обычном или Т-образном перекрёстке. Для своей работы и обслуживания артистов им нужны работники, а также обученные жонглёры, музыканты и танцовщицы. Исполнители проходят обучение в <link=""#TrainingCenters_Title""><u>учебных центрах</u></link>. Домам нужен доступ к <link=""#Entertainment_Title""><u>развлечениям</u></link> для дальнейшего <link=""#HousingDesirability_Title""><u>развития</u></link>, а артисты приносят пользу всем домам, мимо которых проходят. Наличие сцены по соседству также повышает привлекательность района.
Активные сцены также влияют на <link=""#Ratings_Title""><u>рейтинг культуры</u></link> города. Чтобы узнать, сколько жонглёров, музыкантов и танцовщиц работает в городе, посетите <link=""#OverseerDiversions_Title""><u>советника по развлечениям</u></link>."
Guide/#Pavillion_Title,Text,,Сцена
Guide/#Physician_Content,Text,,"Лекари поддерживают хорошее <link=""#Health_Title""><u>здравоохранение</u></link> в городе. Их визиты помогают снизить риск заболеваний. Жителям нравится, когда дом лекаря находится неподалёку, а <link=""#HousingDesirability_Title""><u>развитие домов</u></link> без него ограничено. Лекарям необходим доступ к дорогам и рабочей силе."
Guide/#Physician_Title,Text,,Лекарь
Guide/#PoliceStation_Content,Text,,"Стражники контролируют уровень преступности, патрулируя жилые районы. Стражники располагаются на постах городской стражи, для которых нужен доступ к дороге и рабочей силе. Когда городская стража работает, над зданием будет развеваться флаг. Присутствие стражника в районе снижает вероятность возникновения преступлений. Если же профилактика не удалась, стражник перейдёт к непосредственной борьбе с преступниками.
Обнаружив вора на улице, стражник обезвреживает его и предотвращает его гнусные планы. Хотя ни один житель не захочет жить в районе, где нет патрулирующих стражников, рядом с постом городской стражи тоже никто не хочет селиться: часто мимо домов стражники тащат за собой очень неприятных персонажей."
Guide/#PoliceStation_Title,Text,,Городская стража
Guide/#PopulationGrowth_Content,Text,,"Переселенцы охотно будут прибывать в ваш недавно основанный город вместе со своими скудными пожитками в поисках новых возможностей. По мере того, как город становится более развитым, ему необходимо предоставлять больше удобств, чтобы привлечь ещё больше переселенцев и удержать старых жителей, а для этого необходимо поддерживать хорошие настроения в городе.

Настроения в городе учитывают несколько аспектов, наиболее важными из которых являются:
- Налогообложение: если превысить рекомендованную ставку налога в 9%, это навредит настроениям в городе. К этому следует прибегать только в том случае, если вы способны компенсировать негативный эффект. С другой стороны, снижение ставки налогообложения повысит настроения в городе.
- Жалование: если платить рабочим меньше установленного в Египте жалования, это навредит настроениям в городе. Более высокое жалование будет способствовать росту настроений, но до определённого порога.
- Занятость: большое количество вакансий никак не влияет на настроения (люди, как правило, охотно переселяются туда, где есть работа), но высокая безработица определённо повредит настроениям в городе. Старайтесь удерживать безработицу на уровне 10%, чтобы не было значительного негативного эффекта.
- Трущобы: как только в городе появятся более респектабельные горожане (начиная с жильцов обычных поместий), люди, живущие в грубых и крепких хижинах, будут менее счастливы, и это повредит настроениям в городе. Как можно скорее развейте эти поселения, чтобы нормализовать ситуацию.

Неспособность удовлетворить потребности горожан может вызвать массовый отток жителей. Этот отток может стать началом порочного круга: люди покидают город из-за отсутствия услуг и вызывают нехватку рабочей силы, из-за чего страдает ещё больше городских служб.
Следует любой ценой избегать возникновения настолько плохих условий в городе, из-за которых люди начали его массово покидать. Численность населения также может меняться в результате рождаемости и смертности. Сверьтесь с вашим <link=""#OverseerGranaries_Title""><u>советником по продовольствию</u></link>, чтобы отслеживать средний возраст населения в городе. Как только работники достигают определённого возраста, они уходят в отставку, и нехватка рабочих может возникнуть совершенно внезапно, если большая часть вашего населения достигнет престарелого возраста. Если вы заметили, что население начинает стареть, примите меры для привлечения новых переселенцев, которые обычно моложе. Помимо оттока населения, плохие настроения в городе провоцируют появление <link=""#Crime_Title""><u>преступности</u></link>.
Если нужно быстро исправить плохие настроения в городе, устройте роскошный или великий <link=""#OverseerTemple_Title""><u>праздник</u></link>. Он отвлечёт людей от забот, а веселье вызывает у горожан приятные чувства. Однако праздники — это лишь временное решение. Если не устранить проблемы, что стали причиной плохих настроений в городе, настроение горожан снова ухудшится."
Guide/#PopulationGrowth_Title,Text,,Рост населения и настроения в городе
Guide/#Potter_Content,Text,,"Гончарным мастерским нужен запас глины для своей работы. Некоторые города могут добывать собственную глину в <link=""#_Title""><u>глиняных карьерах</u></link>, иначе её придётся закупать у торгового партнёра (щёлкните <link=""#Trade_Title""><u>сюда</u></link>, чтобы узнать больше о торговле). Доставщики привозят глину гончарам из глиняных карьеров (если они есть в городе) или со <link=""#StorageYard_Title""><u>складов</u></link>. Гончарная мастерская хранит немного глины у себя про запас на случай, если поставки глины прервутся.
Ей также нужен доступ к дороге и рабочей силе. Мастерская наиболее продуктивна, если полностью укомплектована работниками, хотя при нехватке рабочей силы она тоже будет работать (пусть и с меньшей эффективностью). Когда мастерская занята работой, вы увидите, как в ней гончар усердно работает над глиняной посудой. Нанятые мастерской доставщики отвозят готовую керамику на склад или к <link=""#LampMaker_Title""><u>изготовителю ламп</u></link> (которому нужны глиняная посуда и масло для производства ламп).
Керамика — важный товар в городе. <link=""#HousingDesirability_Title""><u>Жилым домам</u></link> нужен запас глиняной посуды, чтобы развиться на более респектабельный уровень, и этот запас необходимо постоянно пополнять, чтобы дома не опускались на более низкие уровни. Спрос на керамику никогда не прекращается: домохозяйства постоянно заменяют разбитые или изношенные изделия. См. статью <link=""#Bazaar_Title""><u>Базары</u></link>, чтобы узнать больше о том, как доставляется готовая продукция горожанам. Керамика также является важной частью строительства <link=""#RoyalTomb_Title""><u>царских гробниц</u></link>. Когда изготовитель ламп наполняет глиняную посуду маслом, она становится отличной лампой, позволяющей строителям гробниц выполнять свою работу.
Керамику также можно закупать и продавать. См. статью <link=""#Trade_Title""><u>Торговля</u></link>, чтобы узнать, как устанавливать торговые пути. Если ваш город занимается торговлей керамикой, помните о потребностях горожан. Сообщите своему <link=""#OverseerCommerce_Title""><u>торговому советнику</u></link>, сколько гончарных изделий должно храниться на складах для использования горожанами, или доверьтесь его оценке необходимого количества. Люди не хотят жить слишком близко к шумной и пыльной гончарной мастерской, плохо влияющей на привлекательность жилых районов."
Guide/#Potter_Title,Text,,Гончарная мастерская
Guide/#Ratings_Content,Text,,"Рейтинги — это показатели того, насколько хорош ваш город или насколько хороший вы правитель. Для измерения успешности города используются четыре разных рейтинга: культуры, благополучия, Царства и монументов.

Культура: Рейтинг культуры оценивает, насколько хорошо ваши жители удовлетворены доступом к <link=""#Entertainment_Title""><u>развлечениям</u></link>, <link=""#Education_Title""><u>образованию</u></link>, <link=""#Health_Title""><u>здравоохранению</u></link> и <link=""#Religion_Title""><u>религии</u></link>.
Рейтинг культуры измеряет не только количество имеющихся в наличии построек, но и разнообразие вариантов. Чтобы достичь высокого уровня рейтинга культуры, предоставьте жителям множество вариантов. Сюда входят доступ к разным формам увеселения, услугам здравоохранения (за исключением аптек — они не влияют на рейтинг культуры) и религии. Для дальнейшего роста рейтинга богатым жителям также нужен доступ к библиотекам и школам писцов, но это недостаточно. Люди лучше учатся лучше в тихих и малочисленных заведениях, и ваш рейтинг культуры будет отражать качество образования с помощью подсчёта количества людей, пользующихся услугами школ и библиотек.
Возможна ситуация, когда в городе достаточно учебных заведений для каждого дома, но при этом они будут переполнены. Чтобы достичь высокого рейтинга культуры (выше 75), вам также придётся построить <link=""#Zoo_Title""><u>зоопарк</u></link>.

Благополучие: рейтинг благополучия определяет богатство города и его финансовое состояние. Однако рейтинг не ограничивается только размером городской казны, он также учитывает богатство горожан на основе стоимости их собственности и уровень безработицы. Если на протяжении нескольких лет город получает прибыль, рейтинг благополучия будет расти (если в городе нет других сдерживающих факторов). Высокая безработица, низкое качество жилья и низкое жалование отрицательно сказываются на рейтинге. Неспособность выплачивать дань Царству также снижает рейтинг. Если в городе есть храмовый комплекс или дом сенета, его благополучие растёт, потому что жителям нравится жить там, где есть столь значимые сооружения. Завершение монумента также приводит к незначительному росту рейтинга. Если город заканчивает год в долгах или в убытках, рейтинг благополучия падает. Однако, если затраты шли в основном на строительство, это никак не влияет на рейтинг, так как эти затраты считаются вкладом в развитие города.

Царство: рейтинг Царства отражает вашу репутацию среди людей остального Египта. Быстрое реагирование на запросы о помощи союзников улучшает рейтинг, а неспособность их выполнять — сильно ему вредит. Если рейтинг Царства упадёт слишком низко, ваша незавидная репутация станет причиной нападения армии фараона или соседнего города. Обычно вы начинаете каждую миссию с рейтингом 50, отражающим нейтральный статус. Люди за пределами вашего города едва знают о вас, а те, что знают, ещё не сформировали о вас определённого мнения. Со временем, если ничего не предпринимать, рейтинг Царства будет падать, так как людская молва разнесёт по всей стране весть, что за пределами своего города вы не представляете никакой важности. Рейтинг упадёт ещё сильнее, если вы проиграете или проигнорируете далёкую битву, не сможете выполнить запрос о предоставлении товаров, исполнить иные требования или окажетесь в <link=""#Money_Title""><u>долгах</u></link> на протяжении нескольких лет к ряду. Слишком высокое жалование, не соответствующее вашему рангу, также не помогает укрепить рейтинг.
Чтобы повысить рейтинг Царства, вовремя выполняйте запросы фараона и других египетских городов, особенно когда им нужна военная помощь. Победа в битве творит подлинные чудеса в вашим рейтингом. Иногда даже поражение в битве может повысить рейтинг, так как вы по крайней мере попытались спасти своих соотечественников в час большой нужды. Чтобы быстро поправить рейтинг, используйте фамильные накопления для приобретения подарков Египту. Ваш советник по политике отправит выбранный подарок фараону или другим египетским правителям, дабы заверить их в ваших искренних намерениях, и рейтинг Царства сразу же вырастет на несколько пунктов. Но не отправляйте подарки слишком часто, так как от этого снижается их эффективность, а получатели начнут воспринимать их как должное. В конце концов, рейтинг может даже упасть, если вы перестанете отсылать подарки или станете присылать более дешёвые дары, чем в прошлый раз.
Эффективность подарка более одного раза в год является сомнительной и может даже привести к обратному результату. Естественное снижение рейтинга Царства немного замедляется, если вы платите себе меньше жалования. Отсутствие жалования означает, что вы являетесь самоотверженным служителем общества, что хорошо сказывается на репутации, однако это вряд ли повысит благосостояние вашей династии!

Монументы: рейтинг монументов высчитывается из размеров и количества монументов в городе, и растёт по мере того, как эти монументы строятся. Закончите строительство всех монументов и отправьте все полагающиеся им погребальные принадлежности для загробной жизни усопшего, и у вас не будет никаких проблем с этим рейтингом.

Ваш <link=""#OverseerRatings_Title""><u>советник по рейтингам</u></link> может наглядно продемонстрировать вам текущее состояние. Щёлкнув по конкретному рейтингу, вы получите совет о том, как его улучшить."
Guide/#Ratings_Title,Text,,Рейтинги
Guide/#Recruiter_Content,Text,,"Мужчины, готовые сражаться за свой город, отправляются к вербовщику, чтобы записаться на военную службу. Для дополнительного обучения они могут поступить в военную школу. И вербовщику, и военной школе необходим доступ к дороге и рабочей силе. Работа вербовщика очень проста: он набирает людей в <link=""#FortCompany_Title""><u>армию</u></link> города и снабжает их необходимым оружием.
Чтобы экипировать будущих пехотинцев, вербовщику нужен запас оружия, закупленного у <link=""#Trade_Title""><u>торгового партнёра</u></link> или изготовленного в <link=""#Weaponsmith_Title""><u>оружейной кузнице</u></link>. Чтобы завербовать колесничих, рекрутеру нужны колесницы от <link=""#Weaponsmith_Title""><u>изготовителя колесниц</u></link> или торгового партнёра.
Мужчины, желающие стать лучниками, изготавливают себе лук и стрелы самостоятельно. Вербовщик также назначает рекрутов для караула на городских стенах и в городских <link=""#_Title""><u>башнях</u></link>, если это необходимо. Новые воины покидают вербовщика с оружием в руках и мечтами о славе, но не более того. Военная школа обучает этих ещё неопытных пехотинцев, лучников и колесничих премудростям военного дела. Часовые учатся своим навыкам на посту и не посещают школу. После завершения учёбы воины отправляются в форты своих отрядов. Если в городе нет военной школы, то воины отправятся от вербовщика прямиком в форт. Из-за грубых и невоспитанных вояк, вербовщик и военная школа отрицательно влияют на <link=""#HousingDesirability_Title""><u>привлекательность</u></link>."
Guide/#Recruiter_Title,Text,,Вербовщик и военная школа
Guide/#Religion_Content,Text,,"В Египте есть пять основных богов: Осирис (бог земледелия и разлива Нила), Птах (бог ремесленников), Ра (бог царства), Сет (бог разрушения) и Баст (богиня домашнего очага). Умилостивления богов могут принести выгоду, а игнорирование — несчастья. Вашему <link=""#OverseerTemple_Title""><u>советнику по храмам</u></link> известны настроения богов, так что почаще его навещайте. У многих городов есть бог-покровитель, который ожидает от горожан большего внимания по сравнению с другими богами, имеющих статус местных божеств. Последние не так требовательны по сравнению с богом-покровителем города, однако их влияние на города, будь то благословения или болезни, тоже следует учитывать. Некоторые боги могут быть неизвестны городу, и поэтому их можно совершенно игнорировать.

Лучший способ умилостивить богов — посвятить им множество <link=""#ShrineTemple_Title""><u>храмов и святилищ</u></link>. Богу-покровителю может понадобиться гораздо больше храмов и святилищ, чем другим местным богам, однако последним также необходимы места поклонений, причём не меньше, чему у других местных богов. Бога также можно умилостивить с помощью праздника, чем роскошнее праздник, тем лучше. Устройте праздник в честь разозлённого бога, и на некоторое время он успокоится, а тем временем вы сможете построить в честь него ещё больше храмов и святилищ.
Для подготовки праздника посетите своего <link=""#OverseerTemple_Title""><u>советника по храмам</u></link>, однако помните, что для проведения праздника необходим наличие праздничной площади. Для проведения великих праздников также необходимо наличие достаточного количества <link=""#Brewery_Title""><u>пива</u></link> на городских <link=""#StorageYard_Title""><u>складах</u></link>. Ввиду того, что на подготовку необходимо затратить много сил, город за год может провести не больше двух праздников. Помимо храмов и святилищ, вы также можете построить храмовый комплекс, обычно посвящённый богу-покровителю.
Иногда у вас появится возможность возводить храмовый комплекс и для местного бога, если его роль в жизни города становится очень важной. Но будьте осторожны: бог-покровитель может начать завидовать другому богу, в честь которого был возведён храмовый комплекс. Храмовые комплексы весьма дороги, но всегда оправдывают такие затраты. Действующий комплекс даёт городу множество преимуществ и повышает его <link=""#Ratings_Title""><u>рейтинг процветания</u></link>. К комплексу также можно достроить алтарь и оракула.

Возможно возведение следующих комплексов и дополнений к ним:
<link=""#TempleComplex_Title""><u>Храмовый комплекс Осириса</u></link> с алтарём Себека и оракулом Мина
<link=""#TempleComplexRa_Title""><u>Храмовый комплекс Ра</u></link> с алтарём Маат и оракулом Гора
<link=""#TempleComplexPtah_Title""><u>Храмовый комплекс Птаха</u></link> с алтарём Амона и оракулом Тота
<link=""#TempleComplexSeth_Title""><u>Храмовый комплекс Сета</u></link> с алтарём Анубиса и оракулом Сехмет
<link=""#TempleComplexBast_Title""><u>Храмовый комплекс Баст</u></link> с алтарём Исиды и оракулом Хатхор

Создание для жителей множества мест поклонения нескольким богам повышает <link=""#Ratings_Title""><u>культурный рейтинг</u></link> города."
Guide/#Religion_Title,Text,,Религия
Guide/#Roadblock_Content,Text,,"Заграждения помогают контролировать пути <link=""#Walkers_Title""><u>блуждающих служащих</u></link>. Столкнувшись с заграждением, блуждающий по городу служащий развернётся. Заграждения не влияют на служащих, имеющих место назначения. Стройте заграждение в местах, куда не следует попадать блуждающим служащим, например, на дороге к производствам.
Однако будьте осторожны: то же заграждение, что удерживает торговку с базара от хождения по производственному кварталу, также разворачивает архитекторов, пожарных и стражников. Оно также не позволит нанимателям попадать из промышленной зоны в ваш жилой квартал, где живут потенциальные рабочие.
Когда вы устанавливаете новое заграждение рядом с существующим зданием, последите некоторое время за зданием, чтобы убедиться, что его служащий появляется на правильной стороне от заграждения. Иногда работники здания не улавливают ваших намерений и отправляют служащего не в том направлении. Это может быть особенно досадно для тех, кто нуждается в работниках, поскольку в здании могут посчитать, что у них есть доступ рабочей силе, но заграждение не позволяет служащим добраться до неё. Единственный выход — построить заграждение подальше.
Заграждения не нуждаются в рабочих, и их единственное ограничение состоит в том, что они должны размещаться на дорогах. Они никак не влияют на привлекательность."
Guide/#Roadblock_Title,Text,,Заграждение
Guide/#Roads_Content,Text,,"Сначала дороги представляют из себя грунтовые дорожки. По мере того, как условия в городе будут улучшаться, его жители станут мостить дороги. На мощёной дороге можно разместить <link=""#Garden_Title""><u>плитку</u></link>. Хорошо распланированные дороги имеют большое значение для обеспечения бесперебойной работы вашего города. <link=""#Walkers_Title""><u>Служащим</u></link>, которые оказывают услуги в вашем городе, легче передвигаться по длинным прямым участкам, а не по коротким извилистым дорогам с множеством перекрёстков. Почти все строения в вашем городе нуждаются в доступе к дорогам. Исключением являются сады, статуи и форты. Святыням, стенам и жилым домам не нужен прямой доступ к дороге, но они должны находиться в пределах двух клеток от дороги, чтобы получать выгоду от служащих.
Служащие могут пересекать границу между поймой и сушей только там, где есть дорога. Эта насыпь крутая, грязная и коварная, но дорога позволяет безопасно её пройти. Все дороги имеют одинаковую пропускную способность, и пешеходы движутся с одинаковой скоростью независимо от того, мощёные они или нет.

Царский тракт: дорога, проходящая через ваши земли в начале миссии, называется Царским трактом и имеет особый статус. Торговые караваны и переселенцы прибывают и покидают город по Царскому тракту. Всем районам вашего города необходим доступ Царскому тракту. Если изолировать какую-то часть города, то она будет застаиваться. Любые служащие, находящиеся на пути к теперь изолированному району, остановятся до тех пор, пока не будет восстановлен доступ. Это не означает, что все улицы города должны физически соединены с Царским трактом, просто у всех зданий должен быть расчищенный доступ к нему, хоть по дороге, хоть по полю. Вероятно, это всё, что вам нужно знать о Царском тракте.

Строительство на двух дорогах: иногда вы можете разместить здание рядом с двумя дорогами, которые либо не связаны друг с другом, либо связаны далеко от здания. Это не позволит служащим выходить или заходить в здание с обеих дорог. Каждое здание может иметь только одну точку входа и выхода и, следовательно, только одну активную дорогу. Например, предположим, что вы строите склад с дорогой на южной стороне. Производители, караваны и базарные закупщицы к югу от склада будут взаимодействовать с ним, как и следовало ожидать. Но что будет, если построить дорогу к северу от склада? Можно предположить, что производства с северной стороны будут взаимодействовать со складом, используя северную дорогу, а с южной — используя южную. Однако, так как у здания есть только одна точка доступа, северные постройки никогда не получат доступ к складе, если только вы не соедините северную и южную дороги. Когда к зданию примыкает более двух дорог, оно выберет точку доступа, обходя здание по часовой стрелке, начиная с северного угла.
Чтобы избежать непредсказуемого поведения, не стройте здания, которые касаются двух не связанных между собой дорог. Либо соедините эти дороги, либо имейте в виду, что только одна из них будет фактически обслуживать здание. Наведите указатель мыши на здание, чтобы увидеть актуальные точки доступа."
Guide/#Roads_Title,Text,,Дороги
Guide/#RoyalTomb_Content,Text,,"Начиная с периода Нового царства, древние египтяне стали хоронить своих фараонов и другую знать во всё более сложных гробницах, вырубленных в скалах в малодоступной долине. Чтобы начать работу над царской гробницей, сначала нужно найти подходящее место. Выберите «Царская гробница» из списка монументов, после чего появится её проекция. Основная часть монумента должна располагаться внутри скал, за исключением небольшого входа, выступающего сбоку. Перемещайте проекцию по скалам, пока не найдёте подходящее место. В таком месте проекция полностью станет зелёной. Любая красная часть проекции означает, что текущее место не подходит для монумента. Возможно, вам будет проще разместить царскую гробницу, воспользовавшись «плоским режимом».
После того, как место было выбрано, на место строительства должна быть доставлена партия ламп, которые производятся <link=""#LampMaker_Title""><u>изготовителем ламп</u></link> и закупаются у <link=""#Trade_Title""><u>торгового партнёра</u></link>. Как только на <link=""#StorageYard_Title""><u>складе</u></link> накопится 400 ламп, чернорабочие потащат салазки, гружёные лампами, на строительную площадку. На месте лампы будут использоваться для освещения работ  <link=""#ConstructionGuilds_Title""><u>каменотёсов</u></link>, прорубающих в твёрдой породе многочисленные комнаты гробницы.
После завершения работ за дело возьмутся профессиональные <link=""#ConstructionGuilds_Title""><u>художники</u></link> для нанесения штукатурки и покраски стен. Для этого потребуются запасы <link=""#ClayPit_Title""><u>глины</u></link> и <link=""#PaintMaker_Title""><u>изготовителя ламп</u></link>. Товары будут доставляться непосредственно в артель художников либо самими производителями, либо со склада. Если ваш город не может производить один или оба этих товара, вы можете <link=""#Trade_Title""><u>импортировать</u></link> их.
Нажмите на монумент царского гробницы, чтобы получить от <link=""#ConstructionForeman_Title""><u>прораба</u></link> отчёт о ходе работ."
Guide/#RoyalTomb_Title,Text,,Царская гробница
Guide/#ScribalSchool_Content,Text,,"Школы писцов обучают детей города грамоте. Для своей работы им требуется доступ к дороге и рабочей силе. Им также требуются поставки <link=""#PapyrusMaker_Title""><u>папируса</u></link>. Функционирующая школа отправляет учителей на улицы для обучения детей на дому. Каждый раз, как учитель выходит на поиски учеников, он берёт некоторое количество папируса, чтобы ученики могли практиковаться в написании иероглифов. Каждая школа может хранить у себя небольшой запас папируса. Чтобы уроки шли без перерывов, убедитесь, что в городе налажено производство по изготовлению папируса, или закупайте папирус у <link=""#Trade_Title""><u>торговых партнёров</u></link>.
Ваш <link=""#OverseerLearning_Title""><u>советник по образованию</u></link> знает, сколько школ писцов работает в городе. Школы писцов также участвуют в формировании <link=""#Ratings_Title""><u>культурного рейтинга</u></link> города."
Guide/#ScribalSchool_Title,Text,,Школа писцов
Guide/#Scribes_Content,Text,,"Усердно работающие в поте лица <link=""#Workers_Title""><u>рабочие</u></link>, что берегут свои дебены, в конце концов становятся писцами. Писцы — весьма состоятельные граждане, которые не будут заниматься ручным трудом. Они живут в просторных и роскошных жилищах, и посвящают свою жизнь развлечениям и образованию. Для них требуется качественно иной уровень услуг, чем для рабочих, но при этом они также платят гораздо больше налогов. Благодаря значительному количеству писцов городская казна может существенно пополниться деньгами. Однако, если в городе будет слишком много писцов, то некому будет работать.
А если не удастся поддерживать высокий уровень жизни писцов, то они в конце концов снова станут рабочими, а такое писцу может привидеться только в самом страшном кошмаре. И хотя город получит рабочих, он потеряет источник доходов, а рейтинг процветания понизится."
Guide/#Scribes_Title,Text,,Писцы
Guide/#SenetHouse_Content,Text,,"Дом сенета — это место, где люди могут отдохнуть за увлекательной игрой в сенет, олицетворяющий путешествие к загробному миру. За кружкой пива и игрой жители проводят часы напролёт, ведя непринуждённые дружеские беседы. Помимо доступа к дороге и рабочей силе, дому сенета необходимы поставки <link=""#Brewery_Title""><u>пива</u></link> для обслуживания посетителей. Проверьте у <link=""#OverseerDiversions_Title""><u>советника по развлечениям</u></link>, сколько домов сенета есть в городе. Людям не нравится жить рядом с домом сенета (см. статью <link=""#HousingDesirability_Title""><u>Дома и привлекательность</u></link> для дальнейшей информации).
Клиенты склонны громко кричать и шуметь — особенно те, кто проиграл крупную сумму за игрой в сенет."
Guide/#SenetHouse_Title,Text,,Дом сенета
Guide/#Shipwright_Content,Text,,"Верфи строят как коммерческие лодки, так и военные корабли. Они строят лодки для <link=""#FishingWharf_Title""><u>рыбацких причалов</u></link>, корабли для <link=""#WarshipWharf_Title""><u>военных</u></link> и <link=""#TransportWharf_Title""><u>транспортных</u></link> причалов. Верфь следует строить на прямом участке береговой линии. Вы узнаете, когда выбрали подходящее место, когда увидите зелёную проекцию верфи на карте. Верфи также следует размещать на судоходном месте — на берегу Нила или моря. Верфи, размещённые в узких протоках и внутренних водоёмах, не смогут отправить построенные корабли к ожидающим их причалам. Это может застопорить всю вашу водную промышленность, так как верфи будут постоянно строить лодки, которые, не найдя выхода к своему причалу, будут затапливаться.
Верфям необходим доступ к дорогам и рабочей силе, а также запас древесины для постройки транспортных кораблей и меди — для военных. Для постройки рыбацких лодок ничего не нужно. Верфь получает заказ на постройку корабля прямо с пристани. Как только тот будет готов, он отправится от верфи к причалу приписки. Если время позволяет, то одна верфь сможет обеспечить все потребности города.
Верфь не строит лодки для <link=""#WaterCrossings_Title""><u>паромной переправы</u></link>. У паромщиков есть свои лодки для пассажиров, а переселенцы пересекают реку самостоятельно. Верфь производит много шума, поэтому жить рядом с ней никто не желает."
Guide/#Shipwright_Title,Text,,Верфь
Guide/#ShrineTemple_Content,Text,,"Невозможно умилостивить богов без святилищ и храмов. И местные божества, и боги-покровители требуют внимания, а жителям необходим доступ к религиозным заведениям. Дополнительную информацию о влиянии богов на ваш город см. в статье <link=""#Religion_Title""><u>Религия</u></link>. Для получения информации об особенностях храмового комплекса каждого бога, выберите:
<link=""#TempleComplex_Title""><u>Храмовый комплекс Осириса</u></link>
<link=""#TempleComplexRa_Title""><u>Храмовый комплекс Ра</u></link>
<link=""#TempleComplexPtah_Title""><u>Храмовый комплекс Птаха</u></link>
<link=""#TempleComplexSeth_Title""><u>Храмовый комплекс Сета</u></link>
<link=""#TempleComplexBast_Title""><u>Храмовый комплекс Баст</u></link>

Святыни — это небольшие памятники, посвящённые определённому богу. Им не нужен прямой доступ к дороге, но они должны находиться в пределах двух шагов от неё, чтобы за ними могли следить пожарные и архитекторы. Они не нуждаются в рабочих и не выпускают служащих, и следовательно, они не дают доступа к религиозным заведениям. Их главная цель — умилостивить богов. Чтобы предоставить людям места для поклонения и ещё больше задобрить богов, стройте храмы.

Для храмов необходим доступ к дорогам и рабочей силе для найма жрецов. Когда храм работает, вы увидите жрецов, несущих религию вашим людям. Как и святыни, храмы посвящены определённому богу. И храмы, и святилища улучшают <link=""#HousingDesirability_Title""><u>привлекательность</u></link> районов, в которых они расположены, а также влияют на <link=""#Ratings_Title""><u>культурный рейтинг</u></link> города."
Guide/#ShrineTemple_Title,Text,,Святилища и храмы
Guide/#Sphinx_Content,Text,,"Сфинкс — это мастерски вырезанный из камня и раскрашенный защитник пирамид. Для постройки сфинкса сначала необходимо найти подходящую площадку. При размещении места под строительство появится проекция площадки. Перемещая её по карте, добейтесь того, чтобы все ромбы стали зелёными. Когда вся проекция будет зелёной, значит, вы нашли подходящее скрытое месторождения камня. Щёлкните левой кнопкой мыши, и обнаружится камень. Если в проекции останутся красные ромбы, значит, какой-то изъян в ландшафте мешает постройке сфинкса.
После размещения площадки за работу могут взяться <link=""#ConstructionGuilds_Title""><u>каменотёсы</u></link> и <link=""#ConstructionGuilds_Title""><u>плотники</u></link> (при условии, что у них уже есть запасы древесины). Плотники начнут возводить леса, на которых каменотёсы начнут высекать сфинкса.
Щёлкните по сфинксу, чтобы посетить <link=""#ConstructionForeman_Title""><u>советника по монументам</u></link> и узнать о ходе строительства."
Guide/#Sphinx_Title,Text,,Сфинкс
Guide/#SteppedPyramid_Content,Text,,"Ступенчатые пирамиды, первые пирамиды, построенные в Египте, представляют собой гигантские лестницы к солнцу. Они полностью сделаны из <link=""#StoneQuarries_Title""><u>камня</u></link>, хотя для подъёма камня на более высокие уровни пирамиды необходимо возводить пандусы из древесины. Для строительства пандусов и укладки камня необходимы артели <link=""#ConstructionGuilds_Title""><u>плотников</u></link> и <link=""#ConstructionGuilds_Title""><u>каменотёсов</u></link>. Для доставки камня на огромных салазках также нужен труд чернорабочих.
Как только на <link=""#StorageYard_Title""><u>складе</u></link> накопится четыре каменных блока, рабочие отправятся в трудный путь к монументу. Ступенчатые пирамиды могут быть пяти размеров: малые, средние, большие, комплекс пирамид и комплекс великих пирамид.
Посетите <link=""#ConstructionForeman_Title""><u>прораба</u></link> и <link=""#OverseerMonuments_Title""><u>советника по монументам</u></link> для дополнительной информации. Статья о <link=""#MonumentConstruction_Title""><u>строительстве монументов</u></link> также может быть полезной."
Guide/#SteppedPyramid_Title,Text,,Ступенчатая пирамида
Guide/#StoneQuarries_Content,Text,,"Рабочие карьеров выдалбливают большие блоки четырёх разных типов: камень, известняк, гранит и песчаник.
Если в районе города есть обширные скальные выходы, то, вероятно, будет возможность строить карьеры для добычи камня. Однако в некоторых районах есть скалы, которые не подходят ни для строительства, ни для добычи. В таких местах скалы являются просто досадной помехой, поскольку их нельзя расчистить и на них невозможно строить дороги и здания. Карьеры необходимо строить рядом скалистыми выходами. Выбрав подходящее место, вы увидите зелёную проекцию возводимого карьера. В противном случае вы увидите красный блок. Камень не может быть переработан в другие товары, однако он является является строительным материалом для монументов, и для завершения даже небольших монументов требуется значительное количество камня.
Карьеры, вырытые в стороне от скалистых выходов, склонны к обрушению. Не забудьте построить <link=""#Architect_Title""><u>пост архитектора</u></link> рядом с карьерами, чтобы предотвратить катастрофу. Карьеры нуждаются в доступе к рабочей силе и дороге. Из-за шума от постоянных ударов о камни карьеры являются непривлекательными соседями."
Guide/#StoneQuarries_Title,Text,,Каменные карьеры
Guide/#StorageYard_Content,Text,,"Склады являются хранилищем для всей готовой продукции и излишков сырья. Они также хранят еду, если вы прямо прикажете им об этом (см. Особые указания ниже), и помогают торговать импортируемыми и экспортируемыми товарами (см. статью <link=""#Trade_Title""><u>Торговля</u></link>).
Для работы складам необходим доступ к дорогам и рабочей силе. Склады наиболее эффективны, когда полностью укомплектованы рабочими. Они могут работать при нехватке работников, но при этом не смогут эффективно доставлять товары.
Каждый склад разделён на восемь секций и может хранить до восьми различных типов товаров. Каждая секция может принимать только определённый товар, хотя один и тот же товар может храниться в нескольких секциях. Количество хранимого товара зависит от его размеров. Чем больше товар, тем меньшее его количество может хранить склад. Например, в одной секции склада может храниться гораздо больше керамики, чем каменных блоков.
Многим постройкам необходим быстрый доступ к складам. <link=""#Industry_Title""><u>Производства</u></link> доставляют товары на ближайший склад, а базарные закупщицы отправляются на ближайший склад за товарами, которые нужны их клиентам. Склады, в свою очередь, будут доставлять сырьё и другие необходимые материалы в первую очередь в ближайшие постройки. Доставщики со складов в случае необходимости будут неохотно преодолевать большие расстояния, но при этом производства могут простаивать в ожидании необходимых поставок. Целесообразно располагать склады рядом со всеми объектами, которые в них нуждаются.
Нажмите на склад, чтобы точно узнать, сколько каждого товара имеется в наличии на нём и может ли он принять больше товаров. Вы можете контролировать поступление и отправку товаров с помощью особых указаний. Нажмите на предмет, чтобы сообщить складу, как с ним обращаться. Возможны следующие указания:
Принимать: чтобы ограничить количество определённых товаров, используйте команду «Принимать», представленную цветным кругом. Вы можете приказать складу заполнить 1/4, 1/2 или 3/4 от общей вместимости. Если вы не хотите ограничивать размещение товара на складе, убедитесь, что напротив него изображён полный зелёный круг. Этот выбор полезен, когда нужно, чтобы на складе хранилось равное количество нескольких товаров, или чтобы на складе хранились товары на экспорт.
Не принимать: используйте эту команду, чтобы сообщить складу, чтобы он вообще прекратил принимать данный тип товаров. Склад не будет принимать новые поставки этого товара, но закупщицы с базара, торговые партнёры и производства в городе могут использовать оставшиеся на складе запасы данного товара. Используйте эту возможность, чтобы доставщики обходили ближайший склад в пользу другого, расположенного дальше. Если не указать обратное, склады не будут принимать пищу, поэтому еда будет доставляться в амбары.
Получить: если на складе заканчивается определённый товар, который вы хотели бы иметь под рукой, используйте команду «Получить». Доставщик со склада будет искать этот товар на других складах, пока не выполнит указание. Вы можете указать складу получить до 1/4, 1/2, 3/4 или полную вместимость склада. Эта возможность позволяет дальним складам оставаться заполненными.
Опустошить: при использовании этого указания доставщик со склада попытается опустошить запас определённого товара, доставив его на производства или другие склады. Используйте это указание, если вы решили снести склад или хотите убрать один вид товаров, находящийся на этом складе.
Принимать всё/Принимать ничего: используйте это указание, чтобы быстро переключать поведение склада, принимающим всё или отказывающимся от всего. Поведение по умолчанию — принимать всё, однако это можно изменить в настройках игрового процесса.
Склады являются ключом в доставке товаров жителям города. <link=""#Bazaar_Title""><u>Базары</u></link> получают необходимые горожанам товары непосредственно со складов. Склады также важны для торговли. Все импортные товары хранятся на складах, а все товары, предназначенные для продажи, хранятся там до тех пор, пока за ними не приедут торговцы из других городов."
Guide/#StorageYard_Title,Text,,Склад
Guide/#SunTemple_Content,Text,,"Храмы Солнца воздают особую честь культу Солнца, которым очень дорожат фараоны. Чтобы возвести храм Солнца, необходимы <link=""#StoneQuarries_Title""><u>песчаник</u></link> и <link=""#WoodCutter_Title""><u>древесина</u></link>, а также услуги артелей <link=""#ConstructionGuilds_Title""><u>плотников</u></link> и <link=""#ConstructionGuilds_Title""><u>каменотёсов</u></link> и <link=""#WorkCamp_Title""><u>рабочих лагерей</u></link>.
Храмы Солнца начинаются с обелиска из песчаника. Для его возведения необходимо, чтобы на городских <link=""#StorageYard_Title""><u>складах</u></link> было достаточно песчаника. Как только необходимое количество блоков песчаника будет достигнуто, станет возможным размещение храма Солнца. После укладки камня плотники возведут вокруг обелиска строительные леса, а каменотёсы начнут украшать стороны обелиска. Закончив работу над обелиском, они начнут возведение остальной части храма Солнца. Сначала строится вестибюль, а затем — каменные стены. Закончив стены, каменотёсы построят передний храм. Для этих работ каменотёсам необходимы поставки песчаника, доставляемого на салазках чернорабочими. Работая над передним храмом, стенами и вестибюлем, каменотёсы будут облицовывать их декоративными плитками. Как только передний храм будет построен и будут уложены все плитки, храм Солнца будет считаться законченным.
Посещайте <link=""#ConstructionForeman_Title""><u>прораба</u></link> и <link=""#OverseerMonuments_Title""><u>советника по монументам</u></link> для получения новостей о строительстве."
Guide/#SunTemple_Title,Text,,Храм Солнца
Guide/#TaxCollector_Content,Text,,"Сборщики налогов обходят улицы и контролируют поступление средств от жителей города. Сборщики работают из конторы, для которой нужен доступ к дороге и рабочей силе. В добавок к этому, в городе должен быть <link=""#Palace_Title""><u>дворец</u></link>. Часть богатств города хранится в конторе сборщиков. Установление ставки налога может быть сложным делом. Вам придётся балансировать между нуждами города и терпением его жителей. Людям не нравится слишком долго платить высокие налоги, и при первой возможности они покинут город в поисках лучшей доли. Если часть населения платит высокие налоги, а другая часть — нет, <link=""#PopulationGrowth_Title""><u>настроение города</u></link> может резко упасть, что приведёт к росту <link=""#Crime_Title""><u>уровня преступности</u></link>.
Посетите своего <link=""#OverseerTreasury_Title""><u>смотрителя по казне</u></link> и прочитайте статью о <link=""#Money_Title""><u>деньгах</u></link> для совета по установлению ставки налога."
Guide/#TaxCollector_Title,Text,,Сборщик налогов
Guide/#TempleComplexBast_Content,Text,,"Строительство храмового комплекса Баст приносит удачу любому городу. Баст помогает горожанам быть счастливыми, заставляя их довольствоваться меньшим. В результате её благосклонности скорость, с которой ваши жители потребляют еду и товары, снижается, а эффекты артистов, учителей и врачей длятся дольше. Её сестры-богини также улучшают жизнь ваших горожан:
Алтарь Исиды, богини исцеления: через жриц Баст Исида возлагает свои исцеляющие руки на население города, удаляя с улиц больных чумой и очищая все заражённые дома, мимо которых проходят жрицы. Исида также позаботится об общем улучшении здравоохранения вашего города.
Оракул Хатор, богини радости, любви и праздника: Хатор, польщенная созданным вами оракулом, улучшит настроение горожан, что приведёт к улучшению <link=""#PopulationGrowth_Title""><u>настроений в городе</u></link>.
Людям нравится жить рядом с храмовым комплексом. Чтобы узнать больше о религии, нажмите <link=""#Religion_Title""><u>сюда</u></link>."
Guide/#TempleComplexBast_Title,Text,,Храмовый комплекс Баст
Guide/#TempleComplexPtah_Content,Text,,"После постройки храмового комплекса честь Птаха он ускоряет производство многих отраслей промышленности вашего города, включая золотые и медные рудники, рудники драгоценных камней, глиняные карьеры, верфи, ювелиров и ткачей. Алтарь и оракул в храмовом комплексе Птаха ускоряют производство других отраслей и улучшают способности преподавателей:
Алтарь Амона, бога Солнца: польщённый вашим вниманием, Амон побуждает каменоломни, лесорубов и кирпичные мастерские работать быстрее.
Оракул Тота, бога мудрости и учения: цель Тота — нести свет учения как можно большему количеству людей. После постройки оракула Тота библиотекари и учителя используют меньше папируса для обучения жителей города.
Людям нравится жить рядом с храмовым комплексом. Чтобы узнать больше о религии, нажмите <link=""#Religion_Title""><u>сюда</u></link>."
Guide/#TempleComplexPtah_Title,Text,,Храмовый комплекс Птаха
Guide/#TempleComplexRa_Content,Text,,"Ра улыбается городу, посвятившему ему храмовый комплекс, и он следит за тем, чтобы другие в Царстве также радовались вашему городу. Строительство храмового комплекса для Ра повышает рейтинг в Царстве и, если город окажется в долгах, позволяет платить более низкую процентную ставку. Постройка алтаря и оракула в храмовом комплексе Ра поможет вам управлять городскими делами:
Алтарь Маат, богини справедливости: через жрецов Ра Маат оказывает успокаивающее воздействие на ваш город. Проходя мимо домов, жрецы Ра отговаривают жителей от воровства. Простое присутствие алтаря снижает общий риск возникновения преступности в городе.
Оракул Гора, бога фараонов: этот оракул увеличивает преданность жителей своему городу и Царству, поощряя их соглашаться на более низкую заработную плату без влияния на их настроение.
Людям нравится жить рядом с храмовым комплексом. Чтобы узнать больше о религии, нажмите <link=""#Religion_Title""><u>сюда</u></link>."
Guide/#TempleComplexRa_Title,Text,,Храмовый комплекс Ра
Guide/#TempleComplexSeth_Content,Text,,"Когда в городе есть храмовый комплекс, посвящённый Сету, он вселяет жестокую волю в воинов города, давая им больше опыта и защищая их в бою. Дополнения к храмовому комплексу Сета:
Алтарь Анубиса, бога смерти: Анубис облегчает горожанам доступ к вечной жизни. С его благословения моргам требуется меньше ткани для подготовки тел к вечности.
Оракул Сехмет, богини войны: Сехмет наделяет жрецов Сета силой снижать риск преступности в домах, мимо которых они проходят, и обезвреживать преступников в городе.
Людям нравится жить рядом с храмовым комплексом. Чтобы узнать больше о религии, нажмите <link=""#Religion_Title""><u>сюда</u></link>."
Guide/#TempleComplexSeth_Title,Text,,Храмовый комплекс Сета
Guide/#TempleComplex_Content,Text,,"Когда вы построите храмовый комплекс Осириса, бог склонен из года в год насылать лучшие разливы. Вы можете построить следующие дополнения к храмовому комплексу Осириса:
Алтарь Себека, бога плодородия: Себек наделяет жрецов Осириса силой увеличивать запасы еды и товаров в городе. Пока жрецы Осириса ходят по вашему городу, люди в домах, мимо которых они проходят, вдруг довольствуются меньшим.
Оракул Мина, бога возрождения: когда ваш город чествует Мина оракулом, он ускоряет отрастание деревьев и тростника, увеличивает скорость размножения дичи и увеличивает производительность от рыбалки и охоты.
Людям нравится жить рядом с храмовым комплексом. Чтобы узнать больше о религии, нажмите <link=""#Religion_Title""><u>сюда</u></link>."
Guide/#TempleComplex_Title,Text,,Храмовый комплекс Осириса
Guide/#TombRobber_Content,Text,,"Где есть гробница, там есть и сокровища! Расхититель гробниц — это преступник, который появляется, если <link=""#PopulationGrowth_Title""><u>настроения в городе</u></link> становятся крайне низкими. Однако он нанесёт удар по городу только в том случае, если есть сокровища, которые можно разграбить. Так что если в вашем городе нет гробниц (пирамид, <link=""#Mastaba_Title""><u>мастаб</u></link>, <link=""#Mausoleum_Title""><u>мавзолеев</u></link> или <link=""#RoyalTomb_Title""><u>царских усыпальниц</u></link>), то он никогда не появится в вашем городе. Он также не будет беспокоиться, если в них не будет никаких <link=""#Burial_Title""><u>погребальных принадлежностей</u></link> (в случае, если они не требуются для завершения гробницы или вы ещё не успели их отправить).
Иногда расхитители гробниц появляются даже тогда, когда в городе нет признаков преступности. Если профессиональные расхитители получат известие от своих дружков о том, что в гробницах вашего города есть особенно ценные погребальные принадлежности, они поднимут волну преступности, и у вас нет никакой возможности предсказать, когда она произойдёт. Все расхитители преследуют одну цель: лишить вечно спящего фараона богатств и сокровищ, хранящихся в его гробнице для использования в загробной жизни. Для достижения этой цели расхититель должен проникнуть в гробницу и не попасться силам поддержания правопорядка. Если на пути к гробнице его повстречает стражник или воины, его обычно тихо и эффективно «обезвреживают», хотя у чрезвычайно проворного вора иногда всё же есть возможность сбежать.
Если расхититель гробниц успешно доберётся до монумента, он скроется с некоторыми ранее отправленными погребальными принадлежностями, что негативно скажется на вашем <link=""#Ratings_Title""><u>рейтинге Царства</u></link>, ведь никто не захочет быть подданным того, кто не способен защитить могилы предков.
Расхитители гробниц не привередливы в выборе гробниц. Они вполне могут попытаться осквернить монумент, который уже существовал до начала вашего правления. К счастью, эти гробницы хорошо запечатаны, и расхититель ничего не сможет оттуда украсть, однако люди Египта будут настолько поражены тем, что одной из древнейших гробниц угрожала опасность, что рейтинг Царства резко упадёт. Будьте внимательны! Если расхититель сумеет скрыться с частью погребальных принадлежностей, вам придётся возместить похищенное, чтобы завершить миссию.
Чтобы узнать больше о преступности в вашем городе, щёлкните <link=""#Crime_Title""><u>сюда</u></link>."
Guide/#TombRobber_Title,Text,,Расхититель гробниц
Guide/#TopPanel_Content,Text,,"Эта панель пользовательского интерфейса отображает следующую информацию:
Количество <link=""#Money_Title""><u>дебенов</u></link> в городской казне.
Численность <link=""#PopulationGrowth_Title""><u>населения</u></link> вашего города. Помните, что не все, кто живёт в вашем городе, являются рабочими — вы можете узнать эту информацию, наведя указатель мыши на число.
Текущий месяц и год. Для удобства используется современный календарь. Если для вас время течёт слишком быстро или слишком медленно, используйте настройки скорости на верхней левой панели.
Нилометр, который представлен стрелкой, указывающей вниз. Если вы нажмёте на неё, откроется новая панель и покажет, каковы прогнозы для следующего разлива."
Guide/#TopPanel_Title,Text,,Верхняя панель
Guide/#Trade_Content,Text,,"Ни один город не является полностью самодостаточным. Торговля доставляет в ваш город товары, которые он не может произвести сам. Экспорт товаров приносит много денег — подчас больше, чем город может заработать на налогах. Из-за этого ваш город должен начать торговлю, как только сможет удовлетворить потребности своих жителей. На <link=""#Worldmap_Title""><u>карте мира</u></link> показано, какие города могут торговать с вами. Нажмите на один из этих городов, чтобы узнать, какие товары он может покупать и продавать. Нажмите кнопку «Открыть торговый путь», чтобы оплатить создание нового партнёрства.
Открытие торгового пути может быть дорогостоящим, но в долгосрочной перспективе оно окупится. После этого посетите своего <link=""#OverseerCommerce_Title""><u>торгового советника</u></link>, чтобы настроить торговые отношения. Вы можете заметить, что товары продаются за меньшую цену, чем они стоят вам. Разница в ценах покрывает расходы торговца на приезд в ваш город.

Импорт: Чтобы начать импорт, нажмите на нужный товар. После выбора у вас есть два варианта. Либо выбрать, какое количество товара вы хотите иметь на складах города и поручить своему советнику ограничивать закупки соответствующим образом. Либо позволить торговому советнику самому решать, сколько денег должно быть в наличии у города. Он будет продолжать импортировать товар до тех пор, пока городские запасы находятся ниже установленного уровня или пока не будет достигнут годовой лимит торгового партнёра. Некоторые требуемые вашему городу товары можно только закупать. К ним относятся белый мрамор для строительства монументов и масло для изготовления <link=""#LampMaker_Title""><u>ламп</u></link>. Для развития городского <link=""#HousingDesirability_Title""><u>жилья</u></link> до самого высокого уровня также придётся импортировать предметы роскоши. Импорт может стать довольно дорогим, поэтому внимательно следите за <link=""#_Title""><u>городской казной</u></link>. Если вы заметите, что склады полны определённым импортным товаром, сэкономьте деньги и прекратите закупку, пока запасы не будут исчерпаны. Кроме того, импорт сырья всегда дешевле, чем импорт готовой продукции. В долгосрочной перспективе город сэкономит деньги, если у него будут собственные производства, способные превращать импортное сырье в готовый продукт.

Экспорт: Чтобы начать экспорт, нажмите на товар, который хотите продавать. Затем решите, сколько должно быть в наличии у города, или пусть решение принимает торговый советник. Излишки будут продаваться в пределах годового лимита партнёра. Имейте в виду, что некоторые экспортные товары также нужны горожанам, поэтому убедитесь, что у вас достаточно запасов для их нужд. Почаще проверяйте свои базары и жилые дома, чтобы узнать, есть ли у них запас товаров, которыми вы торгуете. Кроме того, убедитесь, что у зданий, которым нужна готовая продукция, есть определённый запас. Если жилые дома и другие здания испытывают трудности со снабжением, возможно, город слишком много экспортирует.

Иногда город может и продавать, и покупать определённый товар. Это даёт вам больше гибкости при планировании городских производств. Чтобы увеличить доход города, распределите рабочую силу на производство товара и экспорт торговому партнёру. Если вы хотите использовать рабочую силу города для других целей, вместо производства импортируйте готовый продукт. Город никогда не может одновременно импортировать и экспортировать товар, и нет никакой выгоды перепродавать импортный товар другому городу. Стоимость закупки будет выше стоимости продажи, поэтому город-посредник будет только терять деньги. С другой стороны, импорт сырья и экспорт готовой продукции часто является очень выгодным решением.
Торговцы прибывает к вашему городу либо с караваном, либо с торговым кораблём. Прежде чем вы сможете торговать с торговцем любого типа, у вас должен быть работающий склад. А если к вам прибывают торговые корабли, также ещё понадобится <link=""#Dock_Title""><u>пристань</u></link>. Торговые корабли ведут все свои дела в пристанях, и всё необходимое для торговли со складов привозят туда доставщики."
Guide/#Trade_Title,Text,,Торговля
Guide/#TrainingCenters_Content,Text,,"Чтобы научиться своему ремеслу, жонглёры, танцовщицы и музыканты должны обучаться в учебном центре. У каждой специализации есть своё место обучения: жонглёры учатся трюкам в школах жонглёров, музыканты учатся в консерваториях, а танцовщицы тренируются в танцевальных школах. Для каждого из этих зданий требуется доступ к дороге и рабочей силе. После завершения обучения артисты отправляются к ближайшему месту, где нужны их услуги. Проходя мимо домов, артисты также развлекаются их жильцов.
Прибыв к месту выступлений, исполнители устраивают представление в течение нескольких дней. Щёлкнув по любому развлекательному заведению, вы можете узнать, какие исполнители и сколько ещё дней будут развлекать публику. По окончании представления артисты возвращаются домой. Пока не появятся новые артисты, развлекательная площадка будет пустовать, никак не развлекая жителей. Люди не против жить рядом со школой жонглёров, ведь их трюки во время тренировок так же забавны, как и во время выступлений.
Однако никому не нравится жить рядом с танцевальными школами и консерваториями. Репетирующие танцовщицы и музыканты издают не самые приятные звуки."
Guide/#TrainingCenters_Title,Text,,Учебные центры
Guide/#TransportShip_Content,Text,,"Транспортные корабли перевозят ваши отряды через реку или море к далёким берегам. Транспортный корабль может вместить в себя любой отряд, но только один. Так что убедитесь, что построили достаточно кораблей, чтобы помочь вашим соседям в случае нападения! Транспортный корабль швартуется на <link=""#TransportWharf_Title""><u>транспортном причале</u></link>."
Guide/#TransportShip_Title,Text,,Транспортный корабль
Guide/#TransportWharf_Content,Text,,"Транспортные причалы обслуживают транспортные корабли. Первым делом новый причал заказывает транспортный корабль на <link=""#Shipwright_Title""><u>верфи</u></link>. Транспортному причалу необходим доступ к дороге и рабочей силе. Он должен располагаться на прямом участке берега, к которому корабли могут свободно подплыть. Горожане не захотят жить рядом с транспортным причалом.
Подробнее см. статью о <link=""#TransportShip_Title""><u>транспортных кораблях</u></link>."
Guide/#TransportWharf_Title,Text,,Транспортный причал
Guide/#TruePyramid_Content,Text,,"Правильная пирамида состоит из <link=""#StoneQuarries_Title""><u>каменной</u></link> основы, облицованной отполированным <link=""#StoneQuarries_Title""><u>известняком</u></link>. <link=""#ConstructionGuilds_Title""><u>Каменотёсы</u></link> укладывают камень и обрабатывают поверхность, а <link=""#ConstructionGuilds_Title""><u>плотники</u></link> готовят пандусы по мере роста пирамиды.
Когда на <link=""#StorageYard_Title""><u>складе</u></link> накапливается четыре блока камня, их на салазках отвозят рабочие к строительной площадке. Правильные пирамиды могут быть малых, средних и больших размеров и образовывать комплекс пирамид и великий комплекс пирамид.
Обратитесь к статьям <link=""#MonumentConstruction_Title""><u>Строительство монументов</u></link>, <link=""#OverseerMonuments_Title""><u>Советник по монументам</u></link> и <link=""#ConstructionForeman_Title""><u>Прораб</u></link> для более детальной информации."
Guide/#TruePyramid_Title,Text,,Правильная пирамида
Guide/#Walkers_Content,Text,,"Практически все люди, бродящие по улицам вашего города, преследуют какую-то цель. Некоторые перемещают товары из одного места в другое. Другие обслуживают жилые дома или другие постройки, мимо которых они проходят. Третьи только прибывают в ваш город или покидают его. Лишь очень немногие представители элиты могут позволить себе роскошь свободного времени, праздно шатаясь без всякого дела. Таких служащих можно разделить на два основных типа: служащие с явным местом назначения и блуждающие служащие. Каждый тип при этом ведёт себя особым образом.

Служащие с местом назначения: такие служащие покидают своё место работы для выполнения определённой задачи. Используя городскую сеть дорог, они определяют кратчайший маршрут к месту назначения. Используя карту дорог вашего города, они определяют кратчайший путь к месту назначения. К этому типу относятся базарные закупщицы, переселенцы и доставщики.

Бродячие служащие: такие служащие бродят по городу и приносят пользу вашим горожанам, проходя в пределах двух клеток от жилья. Некоторые также оказывают ценные услуги постройкам в городе. Бродячие служащие покидают свои здания, не имея конкретного места назначения. Каждый раз они пытаются отправиться в случайном направлении и их маршрут может быть совершенно непредсказуемым. Каждый раз, когда служащий попадает на пересечение дорог, он решает случайным образом, в какую сторону повернуть. Он не принимает одно и то же решение каждый раз, поэтому ранее посещённые дома могут не посещаться снова в течение некоторого времени. Лучшим способом сдерживать таких служащих в определённой области является хорошее планирование городской застройки. Поскольку перекрёстки дают служащим много свободы, сведение их к минимуму помогает отсылать людей в нужном направлении.

Ещё одним эффективным способом контроля бродячих служащих являются <link=""#Roadblock_Title""><u>заграждения</u></link>. Встретившись с заграждением, служащий разворачивается. Служащие с местом назначения не обращают на заграждения никакого внимания. К бродячим служащим относятся базарные торговки, водоносы, жрецы и врачи. Некоторые бродячие служащие при определённых обстоятельствах ведут себя как служащие с местом назначения, например, отправляющиеся тушить огонь пожарные ведут себя как служащие с местом назначения, но в остальное время они являются бродячими служащими.

У бродячих служащих ограниченный рабочий день. Их обход длится определённое время, после чего они покидают улицы. Если их наниматель полностью укомплектован работниками, очень скоро он отправит нового служащего, иначе будет возникать некоторая задержка. Служащие с местом назначения работают до тех пор, пока их задача не будет выполнена, даже если для этого придётся обойти весь город. У тех работников, которым свойственные черты обоих типов служащих, имеется ограниченное рабочее время. Время, затраченное на дорогу до места назначения, сокращает время, которое они могут потратить, блуждая по улицам города. Это наиболее заметно у артистов, чьи выступления обрываются, если им приходится долго добираться от школы к сцене. Наконец, обратите внимание, что насыпь, отделяющая пойму от суши, крутая, грязная и коварная. Никто не может двигаться к пойме или от неё, если <link=""#Roads_Title""><u>дорога</u></link> не делает эту границу проходимой.

Не всё, что гуляет по городу, дружелюбно. По улицам также могут рыскать опасные звери, убивая всякого, кто попадётся на их пути. Стражники могут попытаться расправиться с такими зверьми. Особенно следует остерегаться гиен, бегемотов, крокодилов, змей, скорпионов и львов."
Guide/#Walkers_Title,Text,,Служащие
Guide/#War_Content,Text,,"Война является постоянной угрозой в Египте. Иногда иноземные захватчики совершают набеги на Египет ради богатой добычи. Иной раз беспорядки в границах Египта вызывают распри между городами или даже гражданскую войну. Иногда сам фараон решает вести войну против заклятых врагов или мятежных союзников. Вы можете сделать многое, чтобы подготовить и защитить город от ужасов войны.
Постройте <link=""#Defensive_Title""><u>оборонительные сооружения</u></link>, чтобы защитить границы города от захватчиков. Также стройте <link=""#FortCompany_Title""><u>форты</u></link>,<link=""#Warship_Title""><u>военные</u></link> и <link=""#TransportShip_Title""><u>транспортные</u></link> корабли, чтобы иметь возможность атаковать любых противников, нарушающих границы города. Ваш <link=""#OverseerMilitary_Title""><u>военный советник</u></link> предупредит вас о надвигающемся нападении, и вы получите сообщения о передвижении вражеских войск.
Будьте осторожны, чтобы не спровоцировать нападение. Если вы плохо управляете городом или разозлили других в Египте, <link=""#Ratings_Title""><u>рейтинг Царства</u></link> упадёт. Когда он упадёт достаточно низко, город может подвергнуться нападению. Война не ограничивается окрестностями вашего города. В разное время Египет вёл сражения в пределах своих границ и по всему миру. Иногда другому городу или фараону могут понадобиться ваши войска или военные корабли для победы над врагом. Отправьте войска на службу Царству, посетив своего военного советника и отправив часть отрядов и кораблей в военный поход."
Guide/#War_Title,Text,,Война
Guide/#WarshipWharf_Content,Text,,"Военные причалы обслуживают боевые корабли. Первым делом новый причал заказывает боевой корабль на <link=""#Shipwright_Title""><u>верфи</u></link>. Военному причалу необходим доступ к дороге и рабочей силе. Он должен располагаться на прямом участке берега, к которому корабли могут свободно подплыть. Горожане не захотят жить рядом с военным причалом: всё-таки не у всех моряков безупречная репутация.
Когда боевой корабль не участвует в сражении, его команда предпочитает вернуться под защиту причала и отдохнуть перед следующим боем.
Подробнее см. статью о <link=""#Warship_Title""><u>боевых кораблях</u></link>."
Guide/#WarshipWharf_Title,Text,,Военный причал
Guide/#Warship_Content,Text,,"Военные корабли патрулируют водные пути, тараня или обстреливая другие корабли, пытающиеся навредить городу. Хотя они стоят недешево, они смогут предотвратить наземное сражение, если уничтожат транспортные корабли в случае нападения с воды."
Guide/#Warship_Title,Text,,Военный корабль
Guide/#WaterCrossings_Content,Text,,"Существует два типа водных переходов: мосты и переправы.
Мосты могут соединять только короткие участки воды. Корабли не могут плавать под мостами, поэтому используйте их только тогда, когда водная преграда, через которую проходит мост, не является местом движения кораблей. Мосты можно ставить только на ровных участках береговой линии, причём противоположный берег также должен быть прямым. Выбрав подходящее место для моста, вы увидите зелёную проекцию вместе со стоимостью (мосты оцениваются за плитку). Если место неподходящее, то вместо проекции будут красные квадраты. Для мостов не нужна рабочая сила, но требуется подвод дороги.
Паромы причаливают к пристаням и работают так же, как мосты, но более удобны. Они не преграждают путь другим лодкам, поэтому всевозможные корабли могут свободно проходить мимо. Как и мосты, паромные переправы должны располагаться на ровном участке береговой линии. Выбрав подходящее место, вы увидите зелёную проекцию. Ответную часть необязательно размещать прямо напротив первого причала, её можно разместить в нескольких местах при условии, что береговая линия прямая. Подходящие места будут подсвечиваться зелёными блоками.
Переселенцы используют собственные лодки, поэтому могут использовать пристани сразу же после того, как их разместят. Однако, чтобы паромная переправа заработала, ей нужен доступ к рабочей силе. <link=""#Walkers_Title""><u>Служащие</u></link> с конкретным местом назначения, например доставщики, базарные закупщицы и идущие к местам выступления артисты, будут использовать паром для переправы. Другие служащие на паром не допускаются. При перевозке переселенцев не нужны дороги, они срежут свой путь по полям, но при перевозке прочих горожан паромам нужен доступ к дороге."
Guide/#WaterCrossings_Title,Text,,Водные переправы
Guide/#WaterSupply_Content,Text,,"Источники воды и водоносы обеспечивают чистой <link=""#DrinkingWater_Title""><u>питьевой водой</u></link> жилые районы города. Вода из источника — это первое требование, которое предъявят к вам горожане, стремящиеся улучшить своё <link=""#HousingDesirability_Title""><u>жильё</u></link>. Источники воды требуют доступа как к дороге, так и к рабочей силе, и должны размещаться на земле с зелёной травой, которая свидетельствует о наличии грунтовых вод. Вы не можете размещать источники в пустыне. Как только источник получает всё необходимое для своей работы, он отправит водоноса для обхода кварталов и снабжения домов водой. Также неплохо время от времени проверять водоносов, дабы районы исправно снабжались чистой водой. Водоносы — это <link=""#walkers_Title""><u>бродячие служащие</u></link>.
Они будут работать усерднее и чаще обходить дома после улучшения источника воды, когда привлекательность района станет достаточно высокой. Вода из источников нужна только жилым домам, и людям <link=""#HousingDesirability_Title""><u>нравится</u></link> жить поблизости с ними."
Guide/#WaterSupply_Title,Text,,Водоснабжение
Guide/#Weaponsmith_Content,Text,,"Оружейники, изготовители колесниц, луков и щитов производят военное снаряжение, необходимое некоторым отрядам.
Оружейник изготавливает оружие из меди, добываемой в <link=""#GoldMine_Title""><u>медном руднике</u></link> или закупаемой у <link=""#Trade_Title""><u>торгового партнёра</u></link>. Готовое оружие отвозится <link=""#Recruiter_Title""><u>вербовщику</u></link>, который использует его для снаряжения <link=""#FortCompany_Title""><u>пехотинцев</u></link>, или на <link=""#StorageYard_Title""><u>склад</u></link>, если у вербовщика в наличии достаточно товаров или если в городе вовсе нет вербовщика.
Изготовитель колесниц использует <link=""#WoodCutter_Title""><u>древесину</u></link> и медь для изготовления превосходных боевых колесниц. Готовый продукт отправляется вербовщику для снаряжения <link=""#FortCompany_Title""><u>колесничих</u></link>. Если у вербовщика уже есть колесницы или если в городе нет вербовщика, колесницы отправляются на склад.
Изготовитель луков использует древесину для изготовления составных луков. Готовая продукция отправляется на склад, где её можно использовать для улучшения лучников в <link=""#FortCompany_Title""><u>фортах</u></link> и часовых в <link=""#Defensive_Title""><u>башнях</u></link>.
Изготовитель щитов использует шкуры антилоп, добытые <link=""#HuntingLodge_Title""><u>охотниками</u></link>, для изготовления великолепных щитов. Щиты хранятся на складах, и их можно использовать для улучшения <link=""#FortCompany_Title""><u>пехотинцев</u></link>.
Всем постройкам нужен доступ к дорогам и источнику рабочей силы. Они являются <link=""#HousingDesirability_Title""><u>непривлекательными</u></link> соседями."
Guide/#Weaponsmith_Title,Text,,Оружейная кузница и мастерские вооружений
Guide/#Weaver_Content,Text,,"Ткачи перерабатывают лён в льняную ткань. Лён может выращиваться на <link=""#Barley_Title""><u>фермах льна</u></link> или закупаться у <link=""#Trade_Title""><u>торгового партнёра</u></link>. Ткачам необходим доступ к дорогам и рабочей силе. Они могут хранить небольшое количество льна в мастерской на случай перебоев поставок. Ткань является важным товаром для города. Она необходима для процесса бальзамирования, и <link=""#Mortuary_Title""><u>моргам</u></link> для непрерывной работы необходимы регулярные поставки. Жителям также нужен небольшой запас ткани в домах для одежды."
Guide/#Weaver_Title,Text,,Ткацкая мастерская
Guide/#Well_Content,Text,,"Колодцы являются примитивными источниками <link=""#DrinkingWater_Title""><u>питьевой воды</u></link>. Только беднейшие районы могут удовлетвориться доступом к колодцу. Для развития более обеспеченных зданий необходим доступ к <link=""#WaterSupply_Title""><u>источникам воды</u></link>. Колодцам не нужен доступ ни к дорогам, ни к рабочей силе. Колодцы располагаются на зелёной траве, которая свидетельствует о наличии водного слоя. У колодцев есть небольшой позитивный эффект на <link=""#HousingDesirability_Title""><u>привлекательность</u></link>."
Guide/#Well_Title,Text,,Колодец
Guide/#WoodCutter_Content,Text,,"Лесорубы и сборщики тростника добывают сырьё, необходимое для других производств. Древесина находит множество применений. Плотникам она нужна для строительства лесов при возведении монументов, изготовители колесниц собирают из неё свои смертоносные машины, изготовители луков — вооружают воинов композитными луками, а верфи — строят военные и транспортные корабли. Тростник используется для изготовления <link=""#PapyrusMaker_Title""><u>папируса</u></link>. Хижина лесорубов может располагаться где угодно, но лучше её размещать рядом с растущими деревьями для экономии времени. Лесорубам необходим доступ к дорогам и рабочей силе. Обеспеченные всем необходимым лесорубы отправятся к лесу для валки леса.

Сборщики тростника работают схожим образом. Их желательно размещать рядом с зарослями тростника, хотя они могут находиться где угодно. Заросли тростника выделяются очень тёмным зелёным цветом со светлыми зелёными и жёлтыми пучками. Получив всё необходимое, сборщики тростника отправятся на болота. Будьте осторожны при планировании зданий. Деревья и тростник со временем отрастают обратно, однако, построив слишком много зданий, вы рискуете истощить естественные запасы. Добывающие постройки будут простаивать до тех пор, пока деревья и тростник не вырастут обратно.

Дерево — один из самых ценных ресурсов в Египте. Не уничтожайте леса с помощью расчистки земли, иначе город лишится очень ценного источника прибыли. Болота невозможно расчистить, и многие целители связывают их наличие с появлением малярии."
Guide/#WoodCutter_Title,Text,,Лесорубы и сборщики тростника
Guide/#WorkCamp_Content,Text,,"Рабочие собираются в лагерях для работы на близлежащих <link=""#FoodFarming_Title""><u>пойменных фермах</u></link> или на стройках <link=""#MonumentConstruction_Title""><u>монументов</u></link>. Во время выращивания урожая большинство рабочих трудится на фермах, и только во время разлива все работают над стройках. Если строительство не ведётся, то во время разлива рабочим ничего не остаётся делать, как играть в сенет. Если в городе мало рабочих лагерей по сравнению с количеством пойменных ферм, вы заметите отчётливый ритм, задаваемый разливами.
Рабочим лагерям нужен доступ к дорогам и рабочей силе. Их лучше всего размещать рядом с фермами и монументами, чтобы рабочим не приходилось далеко ходить: есть предел тому, как далеко они могут зайти, чтобы выполнить свою изнурительную работу. Чем больше рабочих лагерей в городе, тем быстрее можно строить монументы, потому как во время выращивания урожая будет доступно больше рабочих. Количество ферм, которые может поддерживать один рабочий лагерь, в основном зависит от близости. Полностью укомплектованный рабочий лагерь поставляет одного рабочего каждую неделю (четыре в месяц). Этот рабочий идёт к ближайшему необрабатываемому полю, где он будет трудиться полгода. Когда пройдёт половина отведённого времени, на ферме понадобится ещё один рабочий — помните, что обычно период выращивания урожая длится девять месяцев.
Один рабочий лагерь не справится со снабжением рабочими большого количества ферм, и некоторые из них будут простаивать, а работы на стройке монументов будут возможны только во время разлива. Фактически, один рабочий лагерь может непрерывно поддерживать четыре-шесть пойменных ферм и при этом выделять несколько рабочих на строительство монумента. Дополнительные рабочие лагеря распределят нагрузку и выделят больше рабочих для работы над монументом во время выращивания урожая."
Guide/#WorkCamp_Title,Text,,Рабочий лагерь
Guide/#Workers_Content,Text,,"Рабочие являются жизненной силой города. Их совместные усилия превращаются в товары и услуги, которыми пользуются все жители. Обеспечение всем необходимым этих скромных людей является вашей первостепенной обязанностью. Без них городу не выжить. Когда вы строите здания, они отправляют нанимателей в поисках рабочих. Если на их пути окажется заселённый дом, и если в городе достаточно безработных жителей, то здание получит доступ к рабочей силе. Если вам не нравится такая система, то в настройках вы можете сменить её на «Общий фонд рабочей силы», что исключает необходимость в нанимателях.
Хотя рабочие не особо жалуются на свою жизнь (ну ладно, жалуются они обычно часто и помногу), у них есть цели и устремления: они мечтают когда-нибудь стать зажиточными <link=""#Scribes_Title""><u>писцами</u></link>."
Guide/#Workers_Title,Text,,Рабочие
Guide/#WorldMap_Content,Text,,"На карте мира отображаются другие важные города. Возможно, самой важной функцией карты является выявление вероятных <link=""#Trade_Title""><u>торговых партнёров</u></link>. Каждый товар, который город может покупать или продавать, имеет три уровня предложения или спроса. Щёлкните на кнопку «Открыть торговый путь» для начала взаимоотношений. Ваш город сразу же заплатит за открытие торгового пути, после чего станут возможными торговые отношения.
См. статьи <link=""#Trade_Title""><u>торговля</u></link>, <link=""#War_Title""><u>война</u></link> и <link=""#OverseerCommerce_Title""><u>торговый советник</u></link> для информации по использованию мировой карты."
Guide/#WorldMap_Title,Text,,Карта мира
Guide/#Zoo_Content,Text,,"Зоопарки являются популярной формой <link=""#Entertainment_Title""><u>развлечений</u></link> в любом городе. Зоопаркам необходим доступ к дорогам и рабочей силе для ухода за животными и поставок <link=""#GrainFarm_Title""><u>соломы</u></link> и <link=""#HuntingLodge_Title""><u>мяса дичи</u></link>. Солому можно получить в зерновых фермах, а хижины охотников обеспечат мясом. Также вы можете установить <link=""#Trade_Title""><u>торговый путь</u></link> для закупки этих товаров.
Справьтесь со своим <link=""#OverseerDiversions_Title""><u>советником по развлечениям</u></link>, чтобы узнать, сколько в городе зоопарков. Несмотря на уникальное зрелище для жителей, рядом с зоопарком никто не хочет жить: дикие рыки и нестерпимая вонь от животных сильно раздражают культурных египтян."
Guide/#Zoo_Title,Text,,Зоопарк
Encyclo/#AbuSimbel_Content,Text,,"Рамсес Великий (Рамсес II) правил Египтом в период примерно с 1279 по 1212 год до н.э. Прожив долгую жизнь, этот фараон известен множеством храмов и монументов, построенных во время своего правления, самым величественным из которых стал Абу-Симбел. Примерно в 560 км к югу от Уасета (Фив), в Нубии, каменотёсы Рамсеса высекли в возвышающихся над долиной Нила скалах из розового песчаника четыре сидящих статуи фараона. Каждая статуя имеет высоту более 20 метров — выше только Большой сфинкс в Гизе. Сидящие фигуры обрамляют вход в туннель, ведущий во внутреннее святилище, вырезанное в глубине скалы на расстоянии 48 метров от входа.
Храм обращён на восток и спроектирован так, что дважды в год свет восходящего солнца проникает через заднюю стену святилища и освещает три малые статуи Рамсеса, Амона и Ра. Здесь же находится и статуя Птаха, но, поскольку он ассоциировался с загробным миром, она расположена так, чтобы на неё солнечный свет не попадал.
Барельефы внутри храма посвящены военным достижениям Рамсеса, особенно победе в битве при Кадеше, изображения которой также можно увидеть в пяти других храмах. Неподалёку в скале был высечен похожий храм в честь богини Хатхор и первой жены Рамсеса, царевны Нефертари. Весь комплекс был предназначен для того, чтобы внушить нубийским подданным благоговейный трепет и поощрить их на выплату дани. Абу-Симбел был завершён примерно в 1256 году до н.э. На протяжении тысячелетий монумент полностью занесло песками.
В 1817 году его обнаружил археолог Джованни Бельцони. В середине 1960-х годов, когда из-за строительства Асуанского гидроузла возникла угроза затопления комплекса, Абу-Симбел был вырезан из скалы и с большой точностью реконструирован на возвышенности — инженерное чудо, которое, несомненно, произвело бы большое впечатление на древних египтян."
Encyclo/#AbuSimbel_Title,Text,,Абу-Симбел
Encyclo/#Alexandria_Content,Text,,"С момента основания города в устье Нила Александр Македонский надеялся, что Александрия станет центром торговли и культуры всего Средиземноморья. Менее чем через пятьдесят лет после своего основания в 331 году до н.э. процветающая столица превратилась в крупный центр торговли, во многом благодаря своей знаменитой Великой библиотеке.
Вскоре после неожиданной смерти Александра в 323 году до н.э. его обширная империя распалась на три части. Его ближайший сподвижник и способный полководец Птолемей в это время был фактическим правителем Египта. Он захватил власть над древней землёй, в конце концов став фараоном под именем Птолемей I Сотер, и тем самым продолжил начатое Александром греческое влияние в Египте. Птолемей перехватил погребальную процессию с телом Александра, направлявшуюся в Македонию, и доставил его в Александрию для погребения, хотя археологи так и не нашли его могилу.
Помимо личной славы и роскошной жизни, птолемеевские правители, к их чести, также были заинтересованы в процветании культурной жизни их города. Александрия, новая столица Египта, уже была торговым центром всего известного мира; они также хотели, чтобы Александрия стала ещё и интеллектуальной столицей. С этой целью была задумана и построена великая Александрийская библиотека. Она стала первым центром академического обучения и исследований. Блестящие античные умы заложили основы систематического изучения астрономии, географии, литературы, математики, медицины и физики.
Именно здесь Евклид впервые сформулировал основы геометрии, а Эратосфен произвёл первые замеры окружности Земли, утверждая, что в Индию можно добраться, отправившись на запад из Пиренеев. Птолемеи посвятили много времени, сил, а также немалую часть своего состояния, чтобы получить копию с каждой важной рукописи, известной человечеству. Был даже принят закон, согласно которому каждый прибывший в Александрию караван или корабль должен был подвергаться обыску — но не на предмет контрабанды, а на наличие учёных текстов. Любые обнаруженные карты или свитки сдавались в библиотеку, чтобы писцы смогли их переписать. Таким образом академическая гавань Александрии содержала свыше 500 тысяч каталогизированных папирусных свитков, включая считающиеся ныне утерянными шедевры литературы и науки таких авторов, как Гомер, Аристотель, Софокл, Эсхил, и Еврипид.
Но не все произведения были рукописными. На территории легендарной библиотеки также располагались ботанический сад и музей, а также храм девяти муз (греческих богинь-покровительниц искусств и наук). Небольшая прогулка вдоль огороженного сада могла привести к <link=""#Zoo_Title""><u>зоопарку</u></link>, который также мог содержать множество экзотичных животных.
Доподлинно неизвестно, что привело к гибели Великой библиотеки. Большая часть бесценных произведений была, очевидно, уничтожена в результате пожара, произошедшего из-за того, что Юлий Цезарь сжёг в гавани флот брата Клеопатры VII. К IV веку н.э., когда возросло влияние христианства, большая часть оставшихся рукописей библиотеки была уничтожена в попытке искоренить все остатки язычества и ереси. Из 123 пьес Софокла, находившихся в Великой библиотеке, к нашему времени сохранилось только семь."
Encyclo/#Alexandria_Title,Text,,Александрия и её библиотека
Encyclo/#Apothecary_Content,Text,,"Древнеегипетские медицинские и лекарственные практики были хорошо задокументированы. Религия играла важную роль в лечении болезней, и большинство предписываемых лечений сопровождалось молитвами или заклинаниями. Медицинские папирусы описывали конкретные лекарства, некоторые из которых кажутся довольно необычными по нынешним меркам.
Например, для излечения расстройства желудка растирали свиной зуб и смешивали с тестом для четырёх сахарных лепёшек. Пациент должен был съедать по одной такой лепёшке в день, после чего несварение должно было пройти.
Для изготовления лекарства от облысения требовалось изготовить смесь из растёртого позвонка грача, обожжённого ослиного копыта и жира чёрной змеи."
Encyclo/#Apothecary_Title,Text,,Аптека
Encyclo/#Artisans_Content,Text,,"Хотя во многих постройках Древнего Египта использовался труд художников, именно в гробницах Нового Царстве в <link=""#Valley_Title""><u>Долине Царей</u></link> работы художников-мастеров получили истинное признание. Практически каждый квадратный сантиметр внутренних стен и потолков подземных усыпальниц и надземных часовен провозглашал о величии усопшего с помощью искусно написанных иероглифов и изображений.
Несмотря на вычурность и подробность своих работ, у древних художников была довольно ограниченная палитра доступных цветов и кисти, сделанные из <link=""#Reeds_Title""><u>тростника</u></link> или волокон древесины, например из сердцевины пальм. Краски, изготовляемые из натуральных красителей (например, из <link=""#Henna_Title""><u>хны</u></link>) и минеральных пигментов (мел, древесный уголь, окись железа, реальгар, аурипигмент, азурит и малахит), измельчались и смешивались заранее в небольших мастерских. На месте их смешивали со связующим веществом, например, растительной камедью или животным клеем, и наносили на поверхность как краску.
Многие специалисты работали вместе, создавая великолепные барельефы в гробницах. Сначала из смеси <link=""#Clay_Title""><u>глины</u></link>, воды и отбеливателя изготавливали штукатурку, которой выравнивали стены гробницы. После этого на неё наносили основные контуры красной краской. Затем художник уточнял этот контур, обычно в чёрном цвете, за ним следовал художник, вносивший дальнейшие исправления и детали для барельефного скульптора. После этого наносили краску простой техникой, без смешивания цветов. Заключительные штрихи, такие как очертания и детали интерьера, выполнялись другим мастером-художником."
Encyclo/#Artisans_Title,Text,,Художники
Encyclo/#Bast_Content,Text,,"Баст (или, как её называли древние египтяне, Бастет) — богиня домашнего очага и кошек, покровительница беременных женщин. Изображалась в виде женщины с головой кошки или львицы. Она оберегала дом от различных напастей. Также являлась богиней-покровительницей Бубастиса.
Исида — жена <link=""#Osiris_Title""><u>Осириса</u></link> и мать <link=""#Ra_Title""><u>Гора</u></link>. Она собрала части тела Осириса и обернула их в лён, поэтому она считается богиней исцеления. Она выглядела как женщина и часто изображалась вместе со своим сыном.
Хатхор — богиня радости, любви и празднеств. Изображалась в виде коровы и являлась богиней-покровительницей Иунета (Дандары), Мен-нефера (Мемфиса), Киса (Эль-Кусии) и Пер-Хатхора (Гебелейна)."
Encyclo/#Bast_Title,Text,,"Баст, Исида и Хатхор"
Encyclo/#Bazaar_Content,Text,,"Базары были шумными и многолюдными местами. Торговцы и торговки выставляли на обозрение свои товары, которые покупатели обменивали на другие. Базары обычно располагались неподалёку от Нила для быстрой доставки товаров водным путём.
Сцены из базарной жизни часто изображались на стенах гробниц. В гробнице смотрителей царского маникюра Хнумхотепа и Нианххнума времён Пятой династии представлена яркая рыночная сцена с дрессированной обезьяной, кусающей за лодыжку базарного вора."
Encyclo/#Bazaar_Title,Text,,Базар
Encyclo/#Beer_Content,Text,,"Пиво было излюбленным напитком древних египтян. До сих пор идут обсуждения, связанные с производством пива в Египте. Как варили пиво? Добавляли ли в него фрукты? Делалось ли оно из пшеничного или ячменного зерна? Использовался ли солод? Наука пока не дала ответов на эти вопросы.
Судя по изображениям, найденным на стенах гробниц, одним из применявшихся египтянами способов приготовления пива заключался в выпекании особого хлеба, который измельчали и помещали в сито. Затем через сито пропускали воду. Полученную смесь разливали по сосудами и оставляли бродить. На большинстве изображений показано, что варят пиво мужчины, когда как женщины перемалывают зерно в муку. Есть свидетельства, что женщины тоже варили пиво, но скорее всего, это была преимущественно мужская профессия. Из папирусов известно по крайней мере о 17 сортах пива.
Египтяне пили пиво из специально изготовленных под него кружек, снабжённых изогнутой трубкой, немного похожей на соломинку. На конце трубки находился фильтр, отсеивавший любой твёрдый осадок, который мог остаться в пиве. Помимо домашнего потребления, египтяне ходили в специальные заведения, где за кружкой пива играли в <link=""#Senet_Title""><u>сенет</u></link>."
Encyclo/#Beer_Title,Text,,Пиво
Encyclo/#Bricklayer_Content,Text,,"Техника кладки кирпича за прошедшие тысячелетия совершенно не изменилась. Материалы практически те же: <link=""#Bricks_Title""><u>кирпич</u></link> и раствор для скрепления.
В Древнем Египте раствор изготавливался из смеси глины, песка, соломы и мякины. Каменщики распределяли раствор деревянным мастерком и укладывали кирпич на место. Для того, чтобы отстраиваемые стены были прямыми, использовались отвесы."
Encyclo/#Bricklayer_Title,Text,,Каменщики
Encyclo/#Bricks_Content,Text,,"Кирпич являлся идеальным строительным материалом для древних египтян. Благодаря хорошим теплоизоляционным свойствам, внутри дома из кирпича было достаточно прохладно даже жарким летом. Кирпичи изготавливались из  глины с добавлением соломы. Глину увлажняли, смешивали с соломой а затем погружали в воду. В воде солома начинала разлагаться, выделяя при этом слизь, скреплявшую структуру будущего кирпича. Глине придавали прямоугольную форму, а затем оставляли сушиться на солнце.
Готовые кирпичи использовались <link=""#Bricklayer_Title""><u>каменщиками</u></link> для своих работ."
Encyclo/#Bricks_Title,Text,,Кирпичи
Encyclo/#BurialProvisions_Content,Text,,"Гробницы были хорошо оснащены всем, что могло понадобиться усопшему в загробной жизни. Эти предметы, известные как погребальные принадлежности, включали в себя инструменты профессии усопшего, еду, предметы личной гигиены, украшения, музыкальные инструменты, косметику — в основном всё, чем усопший мог когда-либо пользоваться при жизни.
Гробницы также были оборудованы статуэтками ушебти, или «ответчиками». Они помещались в гробницу на тот случай, если на усопшего в загробном мире возлагалась какая-либо работа. Ушебти в этом случае должен был замещать усопшего на этих работах."
Encyclo/#BurialProvisions_Title,Text,,Погребальные принадлежности
Encyclo/#Caesareum_Content,Text,,"Клеопатра VII начала строительство Цезариума дабы почтить память Юлия Цезаря. Первоначально сооружение состояло из храма и алтаря посреди святилища и позднее, возможно, предназначалось для почитания Марка Антония. Однако его самоубийство, за которым вскоре последовала и смерть Клеопатры, означало, что этот монумент был закончен их соперником Октавианом Августом, который посвятил его своей персоне.
Два обелиска, которые часто называют «иглами Клеопатры» (хотя она не имела к ним никакого отношения), на протяжении веков были отличительными ориентирами на береговой линии восточной гавани Александрии. Эти обелиски, по приказу Октавиана привезённые в Александрию из Гелиополя, отмечали вход в Цезариум, даже спустя много лет после того, как само сооружение было разрушено. Оба обелиска были сняты со своего места и перевезены — один ныне стоит в Центральном парке Нью-Йорка, а другой — на берегу Темзы в Лондоне.
Точных сведений об истинном виде строения нет. Современные знания о нём исходят из кратких описаний некоторых античных авторов. Его архитектура, как и другие великие монументы Александрии, была в греческом стиле. Цезариум, очевидно, имел центральное святилище, расположенное посреди двориков под открытым небом и окружённое стоа (галереями-портиками), которые служили, по всей видимости, внешними «стенами» сооружения. Помещения и портики внутри стоа содержали свитки и могли использоваться для собраний или обучения."
Encyclo/#Caesareum_Title,Text,,Цезариум
Encyclo/#Carpenters_Content,Text,,"Плотники изготовляли много необходимых предметов. В Египте редко можно встретить <link=""#Wood_Title""><u>деревья</u></link>, так что плотники весьма экономно обращались с той древесиной, что была у них в наличии. Также использовалась завозимая древесина, но она была так дорога, что её себе могли позволить только богатые жители.
У плотников были топоры, пилы и тёсла, с помощью которых они разделывали брёвна на доски. Топором обрубались все ветки и расщеплялся ствол. Пилами брёвна распиливали на доски, а тёслами стачивали все неровности.
Из дерева изготовлялись разнообразные изделия — сундуки, кровати, двери и дверные проёмы, кресла и, возможно, самое важное — саркофаги. Для скрепления деталей вместо гвоздей использовались шипы. Некоторые столярные изделия были произведениями искусства, с тонкими инкрустациями и рельефной резьбой.
Навыки плотника также требовались при строительстве больших зданий. Своды богатых домов часто поддерживались изящно украшенными деревянными столбами.
Плотницкое ремесло слабо развивалось в Древнем Египте, многие примитивные инструменты использовались без изменений на протяжении всей истории. Одним из немногих нововведений в плотницком деле стало изобретение сверла. Во времена Нового царства для сверления отверстий под шипы использовались лучковая дрель."
Encyclo/#Carpenters_Title,Text,,Плотники
Encyclo/#CattleFish_Content,Text,,"Древние египтяне разводили несколько видов домашнего скота на фермах для получения мяса. Самым распространённым видом животных был длиннорогий скот. Этих животных пасли пастухи, которых на стенах гробниц обычно изображали худыми и небритыми. Скот выгуливали на пастбищах и иногда на недавно убранных полях, чтобы те питались соломой и мякиной.
Также разводили мелкий скот — овец, коз и свиней, а также гусей и других домашних птиц. Лошадей же разводили не для мяса, а для того, чтобы тянуть упряжку колесниц самых знатных египтян. Лошади появились в Египте после нашествия гиксосов, одних из <link=""#Enemies_Title""><u>завоевателей Египта</u></link>.
Рыба служила альтернативным источником пищи, хотя её, скорее всего, ели в основном бедные люди. Древние египтяне ловили рыбу несколькими способами. Некоторые отправлялись на лодках и ловили рыбу с помощью удочки с леской и крючком. Также использовались ловушки на заводях для ловли большого количества рыбы. Однако наиболее эффективным способом ловли являлись рыболовные сети. Поскольку улов мог быть достаточно большим, для ловли обычно использовались две лодки.Рыбацкий промысел сопровождался различным опасностями. У некоторых видов речных сомов на спинном плавнике располагается ядовитый шип, а водах могли находиться бегемоты и крокодилы. Находясь в лодке, рыбаки обычно были в безопасности, но если та переворачивалась, то находящийся рядом крокодил редко уходил без добычи."
Encyclo/#CattleFish_Title,Text,,Скотоводство и рыболовство
Encyclo/#Children_Content,Text,,"Дети были важной частью в жизни Древнего Египта, являясь залогом для продолжения жизни. Ранние браки были обычным явлением, что способствовало большом количеству детей в семьях. Дети из бедных слоёв общества обычно следовали за родителями и помогали им работать в полях. Дети из средних и высших слоёв проводили дни дома с матерью. Более взрослых мальчиков из богатых семей отдавали в школу, а затем передавали в ученики своим отцам.
У древнеегипетских детей были различные игрушки, включая мячи, куклы, волчки и деревянные зверюшки. Они проводили свой досуг за такими играми, как перетягивание каната, а также, как и взрослые, занимались плаванием или рыбалкой.
У детей и их родителей были также домашние животные — обычно собаки и кошки, но встречались также и дрессированные обезьяны, птицы, газели, а у особо богатых и храбрых — даже львы."
Encyclo/#Children_Title,Text,,Дети
Encyclo/#Clay_Content,Text,,"Глина была легкодоступным материалом в Древнем Египте, хотя её качество зависело от региона. Ежегодные разливы Нила привели к тому, что у его берегов образовались богатые залежи, пригодные для изготовления глиняной посуды. В пустынных регионах в известняковой породе можно было найти прожилки мягкого мергеля и глинистого сланца, из которых получались более твёрдые сорта керамики с характерным розовым или зеленоватым оттенком.
Керамика из более мягкой и податливой нильской глины была красной или чёрной. Для изготовления <link=""#Pottery_Title""><u>гончарных изделий</u></link> оба типа глины обрабатывались одинаковым образом."
Encyclo/#Clay_Title,Text,,Глина
Encyclo/#Contents,Text,,Содержание
Encyclo/#Dance_Content,Text,,"Древнеегипетские танцы произошли от ритуалов, проводимых охотниками перед началом охоты. Ведущий танцор или священник-танцор, следил за тем, чтобы танцы исполнялись правильно.
Позднее танцы стали составной частью празднеств и религиозных торжеств, однако сами по себе они также являлись одной из форм увеселения. Труппы профессиональных танцоров проводили выступления на городских площадях и могли быть наняты для частных выступлений. Обычно танцорам аккомпанировала <link=""#Music_Title""><u>музыка</u></link>.
Большинство профессиональных танцоров были женщинами, и у многих на бёдрах были татуировки, изображавшие Беса, бога музыки и танцев. Некоторые египтяне также танцевали в качестве развлечения, хотя такой вид увеселений предназначался преимущественно для низших классов. Чем выше статус египтянина, тем менее вероятнее то, что он будет танцевать. Кроме того, мужчины и женщины никогда не танцевали вместе; женщины танцевали только с другими женщинами, а мужчины — только с другими мужчинами.
По всей видимости, танцевальные движения древних египтян назывались в честь того, что они представляли, например, «погон животного», «успешный захват лодки» и «причудливая курица»."
Encyclo/#Dance_Title,Text,,Танцы
Encyclo/#Defenses_Content,Text,,"Египет защищал свои города и поселения с помощью стен и башен. Стены обычно возводились из кирпича, окружая поселение круглым или прямоугольным периметром. Раскопки в Абу (Элефантина), располагавшемся в южном Египте у нубийской границы, обнаружили толстую изогнутую стену.
Египет защищал свои границы цепью крепостей, самые известные из которых — «Стена Принца», группа из 13 крепостей, построенных вдоль восточного берега Нила."
Encyclo/#Defenses_Title,Text,,Оборонительные сооружения
Encyclo/#Dentistry_Content,Text,,"Стоматология была одной из многих областей, в которых мог практиковать древнеегипетский врач. Останки древних египтян указывают на то, что эти врачи сражались с недугами в неравных условиях. Разрушению зубов способствовал вездесущий песок. Он был повсюду, включая в еде, и от постоянного трения о песок зубы древних египтян быстро стачивались. Изнашивание зубов часто вызывало абсцессы, которые могли привести к выпадению зуба и даже смерти.
Медицинские папирусы подробно описывают действия стоматологов для лечения конкретных проблем. Например, если выпадал зуб, стоматолог привязывал его к соседнему зубу золотой или серебряной проволокой. Существует даже рецепт применения пломбы, состоящей из смолы и малахита, но археологам так и не удалось найти останки зубов с неповреждёнными пломбами.
Археологи обнаружили инструменты, которые, по их мнению, использовались в качестве зубных щёток. До сих пор нет свидетельств, что древние египтяне могли использовать зубную нить."
Encyclo/#Dentistry_Title,Text,,Стоматология
Encyclo/#Education_Content,Text,,"Обучение в Древнем Египте было очень практичным. Каждому ученику прочилась определённая карьера. Для многих обучением являлось ученичество, сыновья поступали в ученики своим отцам дабы научиться секретам профессии. Некоторых девочек также обучали, дабы те стали танцовщицами, певицами или ткачихами, но чаще всего девочки обучались ведению домашнего хозяйства.
Писцы получали формальное образование. Школы писцов, называемые пер-анх («дом жизни»), были связаны прежде всего с храмами, но писцов также могли обучать и при царском дворце. Будущие писцы изучали письменность, сначала иератическую, а затем и демотическую, которые использовались в повседневных делах. Некоторые обучались тайным иероглифам. Писцы учились своему ремеслу, переписывая рукописи на остраконы, или глиняные черепки. Только когда они осваивали в совершенстве своё ремесло, им доверяли папирус.
Практиковались строжайшая дисциплина и физические наказания. Обучение писцов обычно происходило в возрасте от 10 до 20 лет."
Encyclo/#Education_Title,Text,,Школы и образование
Encyclo/#Embalmers_Content,Text,,"Бальзамирование занимает центральное место в древнеегипетских погребальных обычаях. Ка, или дух умершего, нуждался в месте для жизни в загробном мире и, следовательно, нуждался в его теле. В процессе бальзамирования тело сначала ополаскивали в водах Нила, что символизировало возрождение. Затем из трупа извлекали внутренние органы и помещали их в ёмкости, называемые канопами. Единственным выбрасываемым органом был мозг (который удаляли через нос), потому что древние египтяне считали, что он бесполезен.Канопы хоронили вместе с телом усопшего.
После удаления внутренних органов бальзамировщик заполнял полости тела духами, маслами и льняной тканью и закрыл тело. Затем тело покрывали натроном, особой разновидностью соли. Через 70 дней тело ополаскивали, заворачивали в ткань и смазывали битумом, который убивал бактерии и грибки, способствовавшие разложению тела.
Из-за дороговизны процесса бальзамирования его могли себе позволить только самые состоятельные граждане."
Encyclo/#Embalmers_Title,Text,,Бальзамировщики
Encyclo/#Enemies_Content,Text,,"Взаимоотношения между Египтом и соседними народами не всегда были дружественными. За свою долгую историю Египет несколько раз подвергался вторжению, и в некоторых случаях им правили чужеземцы, которые, однако, принимали титул фараона. Вплоть до персидского завоевания египтянам всегда удавалось отвоёвывать свою землю. Не всегда Египет подвергался нападениям: так, во время Нового царства государство стремилось расширить свои границы и само вторгалось в соседние земли.
Среди народов, против которых египтяне постоянно вели войны, были нубийцы и кушиты. Египет вторгся в Нубию довольно рано (примерно в 2900-х годах до н.э.), в основном, ради богатых залежей золота и меди. Однако во время Третьего переходного периода (около 747-656 годов до н.э.) Нубия одержала верх, и Египтом правило несколько нубийских фараонов.
На Синайском полуострове, в Леванте, жило несколько народов, с которыми Египет также вёл войны. Среди них был ханаанеи, филистимляне, митаннийцы, ассирийцы, бедуины (из территории современной Сирии) и хетты. Однако наиболее известными из левантийских народов являются гиксосы, правившие Египтом во время Второго переходного периода. Они переняли большинство культурных обычаев египтян и ввели множество нововведений, например колесницы, запряжённые лошадьми. Гиксосы правили Египтом около 200 лет, после чего фараон Яхмос I из Южного Египта победил их и вновь объединил Верхний и Южный Египет.
На западе Египет вёл войны с ливийскими племенами, особенно с техену и темеху. Оба племени пытались переселиться в дельту Нила, но были решительно опрокинуты фараоном Сети I. Дабы сдерживать переселение племён, на западной границе строились <link=""#Defenses_Title""><u>крепости</u></link>.
Наконец, могущество Римской империи достигло берегов Египта во времена правления Птолемеев. Богатая казна и зернохранилища (не говоря уже об обворожительной красоте Клеопатры VII) при слабеющих военных силах Египта вполне естественно привлекали алчные взоры Юлия Цезаря и его преемников. Прибытие римских легионов Цезаря на египетскую землю ознаменовало крупный сдвиг власти в Средиземноморье, который в конечном итоге превратил некогда независимый и могущественный Египет в римскую провинцию.
Чтобы узнать больше о вооружённых силах Египта, нажмите <link=""#Military_Title""><u>сюда</u></link>."
Encyclo/#Enemies_Title,Text,,Враги
Encyclo/#Entertainment_Content,Text,,"У древних египтян был большой выбор развлечений. Спорт, особенно водный, был обычным явлением, например, гребля и плавание (богатые граждане могли заниматься им в уединении в собственных бассейнах). Также известно, что египтяне расценивали рыбную ловлю как способ отдыха.
Кулачные бои были популярным и зрелищным видом спорта, которые устраивались специально для развлечения фараона. Другие виды спорта включали в себя игру в мяч, некий прообраз хоккея на траве, гимнастику, стрельбу из лука и поднятие тяжестей.
Чтение было популярным развлечением для грамотных людей, и первый известный рассказ был написан именно в Древнем Египте. Поэзия также была популярна, но нет никаких явных свидетельств того, что египтяне ставили пьесы, хотя ими можно считать постановки религиозных рассказов во время фестивалей, таких как история Осириса. Дополнительную информацию о чтении, письме и литературе см. в статье <link=""#Literature_Title""><u>Библиотеки</u></link>.
<link=""#Festival_Title""><u>Праздники</u></link> также были важной частью в жизни древних египтян."
Encyclo/#Entertainment_Title,Text,,Развлечения
Encyclo/#Farming_Content,Text,,"Земледелие и сельское хозяйство составляли основу египетской экономики. Обильные урожаи позволяли Египту активно <link=""#Trade_Title""><u>торговать</u></link> с соседями, поставляя на внутренние рынки новые товары.
Секретом успешного земледелия были ежегодные разливы Нила, происходящие в период, называемый «ахет» («время половодья»), когда полноводная река удобряла почву плодородным илом. Покуда разливы происходили на постоянной основе, египтяне могли рассчитывать на богатый урожай. В годы низкого разлива или вовсе отсутствия разлива Египет поражал массовый голод, которого в иной раз было достаточно для свержения правительства.
Дабы в полной мере воспользоваться дарами ежегодного разлива, вокруг ферм возводились дамбы для сбора воды по мере её подъёма. Когда Нил отступал (этот период назывался «перет» — «время всходов»), вода, богатая плодородным илом, медленно впитывалась почвой. Примерно через шесть недель земледелец открывал дамбы и давал лишней воде стечь. Конечно, от постоянного контакта с водой почва становилась слишком мягкой для возделывания. Прежде чем начать посев, земледелец дожидался, пока почва подсохнет и станет достаточно твёрдой.
Наконец, в период «шему» («время засухи») собирали урожай. Та часть, что предназначалась для потребления, хранилась в <link=""#Granary_Title""><u>амбарах</u></link>. Продовольствие на экспорт хранилось на <link=""#StorageYard_Title""><u>складах</u></link>, откуда его грузили на баржи.
Государственные фермы и фермы, принадлежащие владельцам поместий, нанимали рабочих для самых тяжёлых работ на земле. Сельское хозяйство было непростым делом, и большая часть работы выполнялась вручную. Из инструментов, которые были доступны земледельцам, можно назвать мотыгу, ручной плуг и серп. Одомашненный крупный скот частично облегчал пахоту.
Сельское хозяйство производило как сырье, так и продукты питания. <link=""#Grain_Title""><u>Зерно и ячмень</u></link> были основным продовольственными культурами, а <link=""#Flax_Title""><u>лён</u></link>, из которого прялась <link=""#Linen_Title""><u>ткань</u></link>, был самой важной сырьевой культурой.
Сельское хозяйство и земледелие также были неотъемлемой частью загробной жизни Египта. После того, как усопший попадал в загробный мир, он начинал возделывать землю на бескрайних полях Иалу («полях тростника»)."
Encyclo/#Farming_Title,Text,,Земледелие
Encyclo/#Festival_Content,Text,,"Древнеегипетские праздники были радостными торжествами, сопровождаемыми обильным количеством еды и пива. Их устраивали по разным причинам: чтобы воздать честь богу, в ознаменование хорошего урожая и в честь долгого правления фараона. Последние пять дней египетского календаря посвящались праздникам, но в течение года проходило множество других торжеств.
Во время празднеств в честь бога все люди имели более широкий доступ к богам-покровителями государства, чем обычно. В центре торжества шла процессия, посвящённая определённому богу, чью статую, обычно находившуюся в храме вдали от глаз обычных людей, несли жрецы в церемониальной ладье. Жрецы периодически отдыхали, и в это время совершались различные обряды. Во времена Нового царства горожане могли задавать богу различные вопросы. Отдыхавшие в это время жрецы толковали положительный ответ бога поклонами, а отрицательный — отступлением назад. По окончании торжества бог возвращался в свой храм.
Иногда боги путешествовали довольно далеко и перевозились на лодках. Например, во время праздника Опет Амон отправлялся по Нилу в лодке из Карнака в свою южную часовню в Луксоре. Опет был одним из самых весёлых праздников и длился от 11 до 27 дней.
Традиционно, когда правление фараона длилось уже 30 лет, он праздновал свой хеб-сед, или юбилейный праздник. Затем он праздновался каждые три-четыре года. Во время одного из ритуалов, проводимых во время этого праздника, фараон совершал ритуальный забег, чтобы доказать, что он или она все ещё в состоянии править. Некоторые фараоны не дожидались 30-летия своего царствования, чтобы отметить свой хеб-сед, и праздновали его гораздо раньше.
Несомненно, египтяне любого сословия приветствовали праздники как время есть и пить. Фестивали также давали передышку от повседневной рутины."
Encyclo/#Festival_Title,Text,,Праздники
Encyclo/#Flax_Content,Text,,"Лён выращивался для производства <link=""#Linen_Title""><u>льняной ткани</u></link>, основной материи Древнего Египта. Поскольку стебель был самой важной частью, каждое растение приходилось вырывать с корнем, а не срезать, что делало уборку льна трудоёмким процессом. У собранных растений удалялись корни и семенные коробочки, а стебли раскладывались для сушки. Затем стебли погружали в воду на две недели, после чего их отбивали о камни и разделяли на волокна. Эти волокна отправлялись ткачу для изготовления ткани."
Encyclo/#Flax_Title,Text,,Лён
Encyclo/#FruitsVeggies_Content,Text,,"<link=""#Grain_Title""><u>Пшеница</u></link> и ячмень составляли основу рациона древних египтян, но они также выращивали различные фрукты и овощи. Очень популярны были фасоль, нут, чечевица и зелёный горошек, как и чеснок, лук, лук-порей, салат и огурцы. Из фруктов употреблялись инжир, финики, виноград и гранаты. В частности, финики были популярны среди низших классов и использовались в качестве вкусовой добавки к <link=""#Beer_Title""><u>пиву</u></link>.
Египтяне также приправляли свою еду корицей, кориандром, тмином, укропом и горчицей."
Encyclo/#FruitsVeggies_Title,Text,,Фрукты и овощи
Encyclo/#Gardens_Content,Text,,"Сады были весьма популярны в Древнем Египте, а к некоторым домам примыкали собственные сады. В дополнение к выращиванию <link=""#FruitsVeggies_Title""><u>фруктов и овощей</u></link> для разнообразия рациона, сады использовались в качестве места для защиты от солнца. Во многих садах тщательно ухаживали за деревьями, дающими тень от дневного зноя.
Элементы искусства в основном находили на монументах и в храмах города. Так много времени и усилий было посвящено храмам и монументам, что остальная часть города по сравнению с ними выглядела довольно унылой."
Encyclo/#Gardens_Title,Text,,Сады и публичное искусство
Encyclo/#Gold_Content,Text,,"В Египте эпохи фараонов, особенно в Новом царстве, золото в основном добывалось в восточной пустыне и Нубии. Добыча золота сопровождалось рядом трудностей. Например, в восточной пустыне золотые жилы были вкраплены в толщу гранита или кварца. Гранит измельчался в порошок, а затем промывался в воде, чтобы отделить золото от породы. Этот процесс, безусловно, занимал очень много времени. Тем не менее, золото можно было добыть гораздо легче, чем серебро, и золота было относительно много.
Золотая руда извлекалась из скальной породы, а затем измельчалась в жерновах и промывалась в воде. После охлаждения золото ковали в самородки, которые передавали ювелирам для использования. Золото также расплавляли и отливали из него слитки в виде колец.
Как и все остальные товары, золото было на строгом учёте у писцов. Они тщательно взвешивали передаваемое кузнецам золото и внимательно следили за работой ремесленников, дабы те в процессе обработки ничего не крали.
Несмотря на то, что золота было больше, чем серебра, это не значило, что его было в избытке. Большинство изделий лишь покрывалось слоем золота, а не делалось из цельного куска."
Encyclo/#Gold_Title,Text,,Золото и золотодобыча
Encyclo/#Government_Content,Text,,"Правительство в Древнем Египте было чрезвычайно бюрократизировано. Для любой задачи или функции существовал чиновник с вычурным титулом. Во главе этой системы стоял, разумеется, фараон. Его правой рукой был визирь (чати), отвечавший за то, чтобы все приказы фараона должным образом исполнялись. Под руководством визиря были номархи (правители провинций), канцлеры, вице-короли, смотрители, правители городов — список может продолжаться и продолжаться. И, потому как Древний Египет по форме правления был теократией, <link=""#Priests_Title""><u>жрецы</u></link> играли в правительстве связующую роль.
У многих чиновников было сразу несколько титулов. Например, Имхотеп, служивший Джосеру и построивший для него ступенчатую пирамиду, носил титулы (помимо прочих) визиря, верховного жреца («сына») Птахи и начальника строителей."
Encyclo/#Government_Title,Text,,Правительство и бюрократия
Encyclo/#Grain_Content,Text,,"Выращивание зерна (как пшеницы, так и ячменя) производило сырье для основного продукта питания в Древнего Египта — хлеба. Пшеницу и ячмень перемалывали в муку, а затем из неё пекли хлеб. Дополнительную информацию об использовании ячменного хлеба см. в разделе <link=""#Beer_Title""><u>Пиво</u></link>.
Египтяне выращивали три сорта пшеницы: двузернянку (эммер), однозернянку и спельту (полбу). Пшеницу перерабатывали в муку путём обмолота. Стебли пшеницы клали на землю, по которым проводили стадо домашнего скота. Затем зерно отделяли от плевел и других примесей либо просеиванием, либо подбрасыванием в воздух. Ветер уносил более лёгкие примеси, а более тяжёлое зерно падало на землю. После обработки зерно отправлялось в <link=""#Granary_Title""><u>амбары</u></link>, где его мололи в муку и хранили для будущего использования.
Для приготовления хлеба из муки месили тесто и помещали его в керамические формы. Наиболее популярной формой была конической. Тесто пекли в очаге, окружённом раскалёнными углями и золой. Хлеб пекли как в домашних условиях, так и в специальных пекарнях. Археологи предполагают, что из-за контакта с взвешенным в воздухе пеплом профессиональные пекари могли быть не самыми здоровыми людьми."
Encyclo/#Grain_Title,Text,,Пшеница и ячмень
Encyclo/#Granary_Content,Text,,"Поскольку во время разливов заниматься сельским хозяйством было невозможно, амбары были жизненно важны для круглогодичного обеспечения продовольствием древних египтян. Амбары использовались не только для хранения зерна и другого продовольствия, но и для изготовления муки.
Амбары со временем менялись. Во времена Раннего царства древнеегипетские амбары имели форму конуса с куполообразной крышей. Их строили из дерева или кирпича, а самые большие имели лестницу или ступени, ведущие к заливному отверстию. Во времена Среднего царства амбар имел форму прямоугольника и плоскую крышу с несколькими отверстиями для заполнения, как изображено в нашей игре. Амбары третьего типа использовались только для хранения семян следующего посева. Эти амбары имели форму трапеции, сильно отличавшуюся от обычных амбаров, чтобы семена не были съедены по ошибке.
Большинство амбаров находилось под строгим контролем представителей власти. Продовольствие из этих хранилищ распределялось между солдатами, строителями и прочими рабочими. У некоторых богатых граждан были собственные амбары, а у земледельцев — небольшие зернохранилища для хранения оставленной им части урожая."
Encyclo/#Granary_Title,Text,,Амбар
Encyclo/#Henna_Content,Text,,"Вот уже три тысячелетия человечество использует кустистые растения лавсонии или, в простонародье, хны в качестве источника для природного красителя. Лавсония (научное название Lawsonia inermis) происходит из семейства дербенниковых и обычно произрастает в Северной Африке и на Ближнем Востоке. При измельчении листьев и побегов получается оранжево-красный краситель, который, при должном применении, можно использовать для окрашивания волос, ногтей и кожи.
Даже в наши дни хна широко используется в различных религиозных ритуалах и погребальных обрядах в Азии, Африке и на Ближнем Востоке, а также является основным красителем для росписи по телу менди. Хна также является основой красок для волос."
Encyclo/#Henna_Title,Text,,Хна
Encyclo/#History_Category,Text,,История
Encyclo/#Housing_Content,Text,,"Египтяне строили свои дома из кирпича, дерева, глины и иногда из камня. Внешний вид и размеры жилища зависели от богатства жильца и места постройки. Например, деревенские жители, жившие за счёт сельского хозяйства, жили в простых кирпичных или глинобитных постройках с двумя-четырьмя комнатами. Городские дома рабочих также были небольшими двухэтажными постройками на две семьи для экономии места в многолюдных городах. Городские рабочие жили в кирпичных домах с тремя-пятью комнатами.
У более состоятельных горожан были большие дома, некоторые из них были довольно просторными. У высокопоставленных вельмож были поместья, включавших в себя большие дома, сады, мастерские, частные зернохранилища и дома для прислуги. Самыми роскошными жилищами были <link=""#PharaohsHome_Title""><u>дворцы фараонов</u></link>.
Обычно египетские города органично росли во всех возможных направлениях. Тем не менее, планировка некоторых городов имела чёткую структуру, например, построенное для рабочих поселение Дейр-эль-Медина.
Большинство египетских городов обносились стенами. Чтобы узнать больше об оборонительных сооружениях, нажмите <link=""#Defenses_Title""><u>сюда</u></link>."
Encyclo/#Housing_Title,Text,,Жильё
Encyclo/#Hunting_Content,Text,,"По сравнению с богатыми урожаями, доля от охоты была весьма незначительной в пищевом балансе древних египтян. Тем не менее, охота была излюбленным развлечением зажиточных граждан, а многие фараоны могли похвастаться своими охотничьими навыками. Основной добычей охотников были газели, антилопы, горные козлы, быки, овцы и страусы, хотя некоторые из спортивного интереса также охотились на гиен, львов и леопардов (а также ради редких шкур). В охоте использовались копья, луки и стрелы.
Египтяне в равной мере любили охотиться и на водоплавающих животных, в том числе на птиц и гиппопотамов. Группы мужчин охотились на бегемотов с помощью гарпунов, привязанных к верёвкам. Несколько мужчин пытались поразить бегемота гарпунами. После того, как было нанесено достаточно урона, мужчины вытаскивали обессилевшего бегемота на берег с помощью верёвки.
Птиц убивали метательными палками, которые немного напоминали австралийские бумеранги. Помощники охотника, члены семьи или слуги, собирали подбитую дичь. Птиц также ловили в силки, расставленные на земле. Птицы, привлечённые каким-либо лакомством, садились в ловушку, которая резко схлопывалась вместе с птицей, попавшей внутрь."
Encyclo/#Hunting_Title,Text,,Охота
Encyclo/#Immigration_Content,Text,,"В Египте была относительно стабильная экономика и регулярное производство пищи благодаря разливам Нила. Соседним регионам было это известно, и множество жителей соседних земель постоянно переселялось в Египет.
Некоторые переселенцы приезжали в Египет для ведения торговли. Археологические изыскания, проводившиеся в крупных портах, подобных Мемфису, свидетельствуют о существование неегипетских поселений торговцев, изображённых в гробницах Среднего и Нового царств. Некоторые жители соседних регионов, например, Ливии, полностью расселились по Древнему Египту. К двенадцатой династии древние ливийцы заняли большую часть западной дельты и вскоре расселились дальше на восточную дельту.
Некоторые приходили в Египет с менее благородными намерениями. Часто <link=""#Enemies_Title""><u>захватчики</u></link> оставались в Египте даже после того, как теряли свою власть. Многие из тех, кто оставался, по-видимому, пользовался теми же правами, что и египтяне, а некоторым даже удавалось занимать высокие посты в иерархии Египта."
Encyclo/#Immigration_Title,Text,,Иммиграция
Encyclo/#Industry_Content,Text,,"Начиная с Древнего царства, производство переносилось из домашних условий в специализированные мастерские, производившие практически всё необходимое для повседневной жизни. Каждая мастерская производила определённый вид изделий и работала по принципу современной сборочной линии. Каждый рабочий отвечал за определённую часть готовой продукции, а не производил изделие от начала до конца. Используемые инструменты были собственностью государства, как и производимая продукция. Ремесленники получали жалование, обычно выплачиваемое провизией и необходимыми товарами.
Развитое египетское производство производило множество изделий. Египтяне могли работать в качестве <link=""#Pottery_Title""><u>гончаров</u></link>, <link=""#Linen_Title""><u>ткачей</u></link>, <link=""#Jewelry_Title""><u>ювелиров</u></link>, кожевников, <link=""#Carpenters_Title""><u>плотников</u></link>, литейщиков, пекарей и <link=""#Beer_Title""><u>пивоваров</u></link>."
Encyclo/#Industry_Title,Text,,Производство
Encyclo/#Irrigation_Content,Text,,"Египтяне увеличивали количество пахотных земель за счёт орошения. Они начали строить сеть оросительных каналов в начале девятой династии, около 2000 года до н.э. Некоторые каналы, возможно, существовали и раньше, но использовались для транспортировки. Оросительные каналы расширили преимущества реки, доставляя плодородный ил в земли, далёкие от неё.
На заре египетской цивилизации земледельцам, желавшим орошать свою землю, приходилось нелегко. Им приходилось делать это вручную, перенося глиняные или кожаные вёдра на коромысле к Нилу или другому водоёму. Возвращаясь назад, земледелец заливал землю, разделённую небольшими дамбами, удерживавшими воду.
В начале восемнадцатой династии (около 1300 года до н.э.) появился водяной лифт или «шадуф», пришедший, вероятно, из Месопотамии, где использовался ещё с 2370 года до н.э. Расположенный на берегу Нила или другого водоёма, шадуф был сделан из длинного деревянного рычага, который раскачивался назад и вперёд на оси. Ведро на одном конце уравновешивалось кирпичом или другим грузом. Человек надавливал на конец с ведром, погружая его в воду, а груз на другом конце помогал поднять его и вылить воду в желоб, прикреплённый к шадуфу.
Использование шадуфа увеличило пахотные земли Египта примерно на 15 процентов. Кроме того, поскольку орошаемая шадуфом земля не находилась под водой, она могла давать два урожая в год вместо одного."
Encyclo/#Irrigation_Title,Text,,Орошение
Encyclo/#Jewelry_Content,Text,,"Ювелиры используют драгоценные и полудрагоценные камни для изготовления ожерелий, поясов и других украшений. Для нанизывания бус ювелиры сначала просверливали в камне отверстия с помощью ручного сверла с кремниевым наконечником. После этого в них продевалась нитка. Ювелиры также владели искусством инкрустации драгоценными камнями.
Судя по настенным росписям гробниц, в ювелирной промышленности часто работали карлики."
Encyclo/#Jewelry_Title,Text,,Украшения
Encyclo/#Juggling_Content,Text,,"Древние египтяне являются старейшим народом, которому известно искусство жонглирования. В гробнице Менат-Хуфу (Бени-Хасан) времён Среднего царства настенная роспись изображает девушек, выполняющих различные приёмы жонглирования, включая двух девушек, сидящих на спинах других и бросающих мячи друг другу.
Роль жонглирования в Древнем Египте до сих пор не выяснена. Возможно, оно связано с религиозными обрядами, а возможно — это просто одна из форм увеселения."
Encyclo/#Juggling_Title,Text,,Жонглирование
Encyclo/#Labor_Content,Text,,"В Древнем Египте крестьяне выполняли самую тяжёлую работу. Они возделывали почву и собирали урожай. Во время разлива эти же люди использовались для важных государственных работ, главным образом, при строительстве пирамид и прочих монументов. Также их труд использовался для поддержания состояния сети <link=""#Roads_Title""><u>дорог</u></link> и <link=""#Irrigation_Title""><u>оросительных каналов</u></link>.
Пусть работа крестьян была непростой, они всё же получали определённые преференции от государства. Обычный рабочий день длился восемь часов с перерывом на обед. Рабочая неделя состояла из восьми рабочих и двух выходных дней. Помимо выходных, работа также останавливалась во время проведения праздников. Рабочие также могли на время отпроситься по болезни или из-за смерти родственника.
Контроль посещаемости был хорошо задокументирован, как и перечисляемые причины отсутствия на рабочем месте. В наши дни некоторые из них, вероятно, вряд ли будут служить хорошим оправданием. Например, согласно обнаруженной в Дейр-эль-Медине записи об отсутствии, один из рабочих пропустил работу, чтобы выпить с приятелем.
Вопреки расхожему мнению, рабский труд редко использовался на государственных стройках. Иногда рабов использовали в каменоломнях, но по большей части они прислуживали в домашнем хозяйстве.
Если с рабочими обращались плохо, они могли устраивать забастовки. Во время правления фараона Рамсеса III (около 1152 года до н.э.) рабочие Дейр-эль-Медины прекратили все работы в знак протеста против задержки выплат. Требования рабочих были выполнены, и задержки были устранены."
Encyclo/#Labor_Title,Text,,Труд
Encyclo/#Lamps_Content,Text,,"Древние египтяне изготавливали небольшие керамические лампы, для заправки которых применялись натуральное <link=""#Oil_Title""><u>масло</u></link> или топлёный животный жир. Такие лампы использовались в качестве источника света ремесленниками, работавшими глубоко в гробницах."
Encyclo/#Lamps_Title,Text,,Лампы
Encyclo/#Law_Content,Text,,"Египтяне, у которых были претензии к другим, могли обратиться со своими жалобами к магистрату. В зависимости от серьёзности правонарушения дело могло решаться местным судьёй или самим визирем. Местными магистратами иногда могли быть чиновники более низкого ранга, например, главный рабочий. Писцы посещали судебные дела и записывали участников, свидетелей, показания и приговоры.
Перед законом все были равны, как богатые, так и бедные. Одна из сцен, выгравированная в часовне мастабы визиря времён Старого царства, изображает наказание местных правителей, вовремя не выплативших налоги. Женщины также были активными участниками судебных процессов. В одном деле женщине была присуждена собственность, на которую незаконно претендовали её родственники. В другом деле женщину признали виновной в краже инструмента и сосуда из святилища Амона.
Приговоры за преступления могли быть довольно суровыми и часто включали телесные наказания или принудительные работы. Во времена XVIII династии Нового царства наказанием за кражу шкур являлись 100 ударов кнутом и пять открытых ран. За некоторые особо тяжкие преступления преступнику отрезали нос и выслали на задворки Египта.
Египетские законы не были строго кодифицированы, и большинство наказаний применялись в каждом конкретном деле. Сохранились списки преступлений и наказаний за них, особенно из Нового царства, но при этом сведения из них, как правило, противоречивы.
Правосудие было важным понятием в загробной жизни. Прежде чем человек мог войти в загробный мир, он должен был «покаяться» в тех дурных поступках, которых он не совершал при жизни. После этого покаяния сердце человека взвешивали на особых весах, сравнивая его с пером из головного убора Маат. Если сердце весило столько же, сколько и перо, то человек получал доступ в загробную жизнь. Если сердце было тяжелее пера, его пожирала чудовищная Амат, а человеку отказывали в праве на загробную жизнь."
Encyclo/#Law_Title,Text,,Закон
Encyclo/#Linen_Content,Text,,"Изготовляемая изо <link=""#Flax_Title""><u>льна</u></link> ткань была преобладающей материей в Древнем Египте. Хотя попадались ткани, изготовленные из шерсти или пеньки, считалось, что они значительно уступают льняной.
Для изготовления ткани волокна льна сначала пряли в нить. Сидя перед ворохом льна, прядильщики скручивали волокна вместе и сматывали их в клубки. Затем нить крепилась к веретену, и начиналось ткачество.
Египтяне использовали горизонтальный ткацкий станок, установленный на полу. Ткачи заправляли ткацкий станок двумя параллельными рядами нитей (основой). Двое рабочих сидели по сторонам от станка и отправляли челнок с уточной нитью туда и обратно для изготовления ткани.
Во время Нового Царства горизонтальный станок был заменён вертикальным, который позволял ткачам удобно устраиваться на табуретах.
Большинство ткачей было женщинами."
Encyclo/#Linen_Title,Text,,Ткани и ткачество
Encyclo/#Literature_Content,Text,,"Зная секрет письменности, египтяне записывали множество историй, поэм и гимнов. Эти тексты хранились в библиотеках при пер-анхе (доме жизни) или <link=""#Education_Title""><u>школе писцов</u></link>, находящейся по соседству с храмами.
Египетская литература исходит из устной традиции, и большая часть текстов записывалась как напоминание рассказчику. Большинство египтян были неграмотны, и многие <link=""#Scribes_Title""><u>писцы</u></link> также были рассказчиками, использовавшими записи для запоминания историй, гимнов и стихов. Те, кто умел читать, особенно те, кто был связан со свитой фараона, могли получить доступ к библиотекам и самостоятельно читать папирусы.
Древнеегипетскую литературу можно разделить на несколько жанров, включая автобиографии, приключенческие рассказы, народные сказки, мифы, похоронные песни, стихи и гимны. Автобиография является древнейшим жанром, произошедшим от традиции гравировать прижизненные достижения человека на его могиле. Популярна была также сатира."
Encyclo/#Literature_Title,Text,,Библиотеки и литература
Encyclo/#LuxuryGoods_Content,Text,,"Обычным крестьянам было довольно еды, питья и одежды, но более зажиточные люди Древнего Египта нуждались в особых предметах для поддержания своего образа жизни. Главенствующую роль в предметах роскоши занимала косметика. И мужчины, и женщины красили веки сурьмой или малахитом. Помимо красоты, древние египтяне считали, что такой макияж способствует острому зрению. Женщины также использовали хну в качестве лака для ногтей и (иногда) краски для волос.
Для древних египтян была важна гигиена, и помимо регулярного купания они натирались различными маслами и экстрактами на основе мирры и ладана.
С гигиеной также связано использование париков. Вероятно, большинство египтян коротко стриглись, защищаясь от вшей, а для украшения головы использовали парики всевозможных стилей. У многих мужчин и женщин было больше одного парика. Парики изготовлялись, как правило, из человеческих волос, которые прикреплялись к основе с помощью нитки. Только богатые жители могли позволить себе парики или наращивание из настоящих человеческих волос. Бедные люди обходились париками из волос животных, шерсти или даже растительного волокна.
<link=""#Jewelry_Title""><u>Украшения</u></link> были ещё одним популярным среди богатого населения предметом роскоши."
Encyclo/#LuxuryGoods_Title,Text,,Предметы роскоши
Encyclo/#Malaria_Content,Text,,"Малярия была одной из угроз жизни вблизи болот. Малярия у людей вызывается любым из четырёх паразитов, переносимых малярийными комарами, которые в основном активны ночью. Первым симптомом малярии является лихорадка, за которой следуют мышечные боли, потливость и утомляемость. Один из паразитов вызывает осложнения, которые могут привести к смерти.
Чтобы предотвратить потенциально смертельные, чрезвычайно раздражающие и вызывающие зуд укусы комаров, древние египтяне использовали москитную сетку, защищающую их место отдыха. Древнегреческий историк Геродот также отмечал, что египтяне поднимали свои кровати на возвышения, полагая, что комары не могут летать на такой высоте."
Encyclo/#Malaria_Title,Text,,Малярия
Encyclo/#Mastaba_Content,Text,,"Фараоны и знать раннего Древнего царства хоронились в погребальных камерах, расположенных глубоко под мастабами. Поначалу они выглядели довольно скромно в виде приземлённых структур с написанным на них текстом, но после превратились в крупные сооружения с молельнями. Мастабы считаются предшественниками пирамид, и ступенчатая пирамида Джосера, возможно, закладывалась как мастаба."
Encyclo/#Mastaba_Title,Text,,Мастаба
Encyclo/#Medicine_Content,Text,,"Как и другие аспекты египетского общества, медицина была сильно сегментирована и бюрократизирована. Профессия была организована по иерархическому принципу: врачи имели такие титулы, как «проверяющий», «старший», «руководитель», «просвещённый» и «главный лекарь». Самым высокопоставленным врачом был «главный лекарь Юга и Севера».
Врачи получали свои знания, изучая внутренние органы животных и манускрипты, а не наблюдая за процессом бальзамирования. Медицина была явно отделена от погребальных обрядов.
Хорошее здоровье основывалось на концепции «мету» («каналов»). Сердце было центром тела, а все остальные части были связаны посредством мету. Мету считалось описанием не только кровеносной системы, но остальных систем организма. Болезнь возникала в том случае, когда какая-то часть мету была заблокирована.
Для лечения болезней врачи применяли лекарства в сочетании с молитвами. Чтобы узнать больше о древнеегипетских лекарствах, см. <link=""#Apothecary_Title""><u>аптеки</u></link>.
Египтяне страдали от разных болезней, в том числе от полиомиелита, оспы, туберкулёза позвоночника и малярии. Также они были подвержены болезням, вызванным червями-паразитами."
Encyclo/#Medicine_Title,Text,,Медицина
Encyclo/#Military_Content,Text,,"Военное дело в Египте развивалось на протяжении тысяч лет. Во времена Старого царства армии собирались по мере необходимости и обычно состояли из людей знатного рода, их прислуги или чужеземцев. Профессиональной армии не было. Мужчины, служившие в армии, происходили из разных слоёв общества и, по всей видимости, после завершения боевых действий возвращались к своим прежним занятиям.
Однако ко времени Нового царства структура армии качественно изменилась: она стала делиться на рода войск — пехотинцев и колесничих. Пехотинцев можно было также разделить на две части: на воинов ближнего и дальнего боя. Колесницы использовались для подвижного дальнего боя: в каждой колеснице находились воины с луками и стрелами, ведущими стрельбу по врагу. Морские сражения были частыми, хотя флот не рассматривался как отдельный род вооружённых сил. Военный флот являлся частью сухопутных войск, и воины, служившие на кораблях, описывались теми же терминами, что и те, что сражались на суше. И снова чужеземцы составляли значительную часть армии. На стороне египтян часто сражались нубийцы, ливийцы, карийцы и представители левантийских племён.
В Древнем царстве египетские военные силы были организованы в армии. Во времена Нового царства армии были разделены на части, названные в честь богов. Писцы и администраторы отправлялись на битву вместе с воинами, предположительно, чтобы вести наблюдения и протоколировать происходящее.
Чтобы узнать об оружии, имевшемся в распоряжении египетской армии, нажмите <link=""#Weapons_Title""><u>сюда</u></link>."
Encyclo/#Military_Title,Text,,Военное дело
Encyclo/#Money_Content,Text,,"Древние египтяне платили налоги своему фараону в виде натуральных товаров. Например, земледелец платил правителю определённым количеством зерна, размер которого определялся специально присланным писцом.
Ценность товаров иногда измерялась в дебенах — металлических колечках, которые первоначально использовались в качестве меры веса."
Encyclo/#Money_Title,Text,,Налоги и деньги
Encyclo/#Music_Content,Text,,"Египтяне играли на различных музыкальных инструментах, включая флейты всевозможных размеров, арфы, лиры, лютни, бубны и прочие ударные инструменты. Певцы были неотъемлемой частью египетской музыки, и многие гимны и стихи, сохранившиеся на папирусах, возможно, являлись песнями.
Ударные инструменты часто использовались в сопровождении <link=""#Dance_Title""><u>танца</u></link>. Многие танцоры аккомпанировали себе неким прообразом современных кастаньет.
Египтяне также играли на трубах, которые ассоциировались с войсками (возможно, у древних египтян была своя форма побудки), и которые часто находили в гробницах фараонов и военачальников; например, в гробнице Тутанхамона были найдены две трубы. Чтобы услышать, как они звучали, на одной из них сыграли в 1939 году. После нескольких сыгранных нот труба развалилась на части, но была тут же восстановлена. Труба также ассоциировалась с <link=""#Osiris_Title""><u>Осирисом</u></link>, богом земледелия и разлива Нила.
Другие инструменты также имели религиозную важность. Систр, большой инструмент, напоминающий трещотку, ассоциировался с богиней радости, любви и плодородия <link=""#Bast_Title""><u>Хатхор</u></link>, а флейты — с богом Солнца <link=""#Ptah_Title""><u>Амоном</u></link>."
Encyclo/#Music_Title,Text,,Музыка
Encyclo/#Nile_Content,Text,,"Без Нила египетской цивилизации просто бы не существовало. В регионе, где дожди довольно редки, Нил являлся надёжным источником воды как для людей, так и для земли. Регулярно заливая поймы, Нил также удобрял сельскохозяйственные угодья.
Значение Нила не ускользало от внимания древних египтян. Наблюдая за тем, как Нил постоянно возвращает землю к жизни, египтяне сформировали собственную религию, основанную на вере в загробную жизнь.
Египетский календарь был разделён на сезоны, соответствующие различным стадиям Нила. Время полноводья, когда Нил выходил из берегов из-за ежегодных муссонов у истоков Голубого Нила на Эфиопском нагорье, называлось «ахет». Время всходов, или «перет», отмечало период, когда Нил отступал, обнажая сушу. Время сбора урожая («шему») иногда переводится как время засухи."
Encyclo/#Nile_Title,Text,,Нил
Encyclo/#Obelisk_Content,Text,,"Обелиски ассоциировались с солнцем, олицетворяя собой либо солнечные лучи, либо первобытный холм, на котором впервые воссияло солнце. Обелиски обычно создавались из гранита, на них высекали иероглифы. Парные обелиски часто можно было обнаружить рядом с храмами.
Свою форму обелиск получал уже в каменоломне. Многое о процессе высекания будущего обелиска из горной породы смог рассказать незаконченный обелиск, обнаруженный в Асуане. Рабочие, используя кувалды из долерита, медленно вгрызались в породу, вырезая из неё обелиск нужной формы. Асуанский обелиск был заброшен из-за того, что в процессе высечения из породы в центре массивной глыбы образовалась трещина.
После высечения из породы обелиск на лодках по Нилу доставляли к месту назначения. До сих пор точно не известно, как именно египтяне устанавливали обелиски. Современные попытки воспроизвести предполагаемую технологию поднятия столь тяжёлых объектов неизменно терпели неудачу."
Encyclo/#Obelisk_Title,Text,,Обелиск
Encyclo/#Oil_Content,Text,,"Большую часть используемого масла древние египтяне импортировали из Греции, Кипра и Финикии. Натуральное масло находило множество применений, включая использование в <link=""#Lamps_Title""><u>лампах</u></link> для освещения и приготовление пищи. Масло выделялось из различного сырья, используемого и по сей день: семян кунжута, льна, оливок и животного жира."
Encyclo/#Oil_Title,Text,,Масло
Encyclo/#Osiris_Content,Text,,"Роль Осириса в древнеегипетской религии менялась на протяжении тысячелетий. Он вместе со своей женой и сестрой Исидой, другой сестрой Нефтидой и братом Сетом был одним из первых богов и членом Эннеады (см. <link=""#Religion_Title""><u>Религия</u></link>).
Легенды изображают Осириса как бога земледелия, повелителя Нила и судьи на суде мёртвых. Атам даровал Осирису право царствовать в Древнем Египте. Осирис женился на своей сестре Исиде и научил людей многим вещам, прежде всего — искусству земледелия. После этого Осирис покинул Египет, чтобы познакомить остальной мир со своими знаниями, оставив Исиду вместо себя. Исида правила мудро и справедливо, но по возвращению Осириса его брат Сет начал плести против него интриги. Он пригласил Осириса на роскошный пир, где изготовил искусный саркофаг. Он пообещал подарить его тому, кому он придётся впору. Когда Осирис забрался внутрь, Сет захлопнул крышку и выбросил саркофаг в Нил.
Исида смогла вытащить саркофаг из реки, но Сет настиг её и разрубил Осириса на части. Опечаленная Исида заплакала, и её слёзы, по преданию, стали причиной первого разлива Нила. В конце концов Исида с Нефтидой собрали все части тела Осириса кроме гениталий, которые были съедены оксиринхской рыбой. По этой причине египтянам запрещалось есть оскиринхских рыб (из семейства мормировых). Анубис, бог бальзамирования, обернул собранное тело Осириса льняной тканью (точно так же, как и древние египтяне оборачивали тела умерших для мумификации). В конце концов, Осирис стал богом загробного мира и верховным судьёй, определявшим, имеет ли право умерший вступить в загробную жизнь или нет.
Себек, изображавшийся в виде крокодила, был богом плодородия. Ему преимущественно поклонялись в Фаюуме, хотя он был известен во всём Египте. Его имя переводится как «следящий за тобой».
Мин, бог возрождения, также связывался с мужской потенцией и почитался по всему Египту."
Encyclo/#Osiris_Title,Text,,"Осирис, Себек и Мин"
Encyclo/#OtherMonuments_Content,Text,,"Помимо <link=""#Obelisk_Title""><u>обелисков</u></link>, <link=""#Mastaba_Title""><u>мастаб</u></link>, <link=""#Pyramids_Title""><u>пирамид</u></link> и <link=""#Sphinx_Title""><u>сфинксов</u></link>, в Древнем Египте строилось множество монументов. Среди них были часовни-гробницы и храмы Солнца.
Солнце считалось дарителем жизни в Древнем Египте, и в честь него по всему Египту строились многочисленные храмы, особенно во времена V династии. Самые известные храмы Солнца были построены в Абу-Гурабе. Там располагались два храма, которые, возможно, частично функционировали как места, где фараонам вместе с богом Солнца Ра возносили молитвы.
Над могилами часто строились часовни, служащими местом, где семья умершего могла делать подношения, которые гарантировали, что усопший мог и дальше наслаждаться загробной жизнью. Любой, у кого было достаточно средств, мог построить такие часовни для себя и своей семьи, и поэтому личные часовни изобилуют в египетском ландшафте."
Encyclo/#OtherMonuments_Title,Text,,Другие монументы
Encyclo/#Papyrus_Content,Text,,"Изготовление папируса было довольно сложным процессом. Сначала с тростника удаляли верхний слой, обнажая сердцевину. Её укладывали на кусок ткани рядами с небольшим нахлестом. По достижению необходимой ширины поверх первого слоя под определённым углом укладывались дополнительные полоски сердцевины. Затем сверху накладывался второй кусок ткани, после чего полученная конструкция отбивалась тяжёлым куском дерева или молотком. Этот процесс надёжно скреплял слои вместе. Затем папирус вывешивался на солнце сушиться. Часто готовый папирус дополнительно полировали с помощью камня."
Encyclo/#Papyrus_Title,Text,,Изготовление папируса
Encyclo/#PharaohsHome_Content,Text,,"Дом фараона является самым величественным жилищем в городе. Когда большинство домов имело лишь одну или две комнаты, некоторые особняки фараонов насчитывали десятки помещений, оснащённых самым лучшим, что мог предложить Древний Египет.
Как и в <link=""#Government_Title""><u>правительстве</u></link>, египтяне на службе фараона носили титулы и отвечали за специфические сферы деятельности. Среди них были управляющий домашними делами, главный мастер маникюра и царский дворецкий.
На царского дворецкого по имени Нофер-перет, согласно ему самому, возлагались очень специфические задачи: он отвечал за четырёх палестинских и двух египетских коров, одного быка и одно бронзовое ведро. Ни больше и ни меньше."
Encyclo/#PharaohsHome_Title,Text,,Дом фараона
Encyclo/#Pharos_Content,Text,,"Несмотря на то, что Александрия находилась в идеальном для торгового порта месте и имела удобную и большую гавань, вход в неё изобиловал опасными песчаным отмелями. Поэтому было решено построить высокий маяк на острове Фарос, который не только поможет мореплавателям найти вход в гавань, но и станет новой достопримечательностью Александрии (по крайней мере, если будет достаточно великолепным).
Фаросский маяк, как его впоследствии стали называть, был построен из прекрасного белого проконнесского мрамора, доставленного с Принцевых островов у берегов нынешней Турции. Он состоял из трёх больших ярусов: четырёхугольного основания, восьмиугольного среднего яруса и цилиндрического верхнего яруса. Гигантская винтовая лестница, ведущая наверх, позволяла вести вьючных животных, доставлявших топливо для поддержания яркого огня.
По некоторым свидетельствам, на вершине сооружения была водружена статуя Посейдона; другой источник утверждает, что это была статуя Зевса или, возможно, статуя обоих богов. Строительство александрийского маяка было начато ещё при Птолемее I Сотере, но закончилось лишь в 283 году до н.э., во время правления его сына Птолемея II Филадельфа.
По всеобщему признанию, маяк представлял собой невероятное зрелище, достойное звания седьмого чуда света древнего мира. Окончательное разрушение этого монумента было связано с серией землетрясений. Самый верхний ярус рухнул во время мощного толчка в 303 году н.э.
Лишь после сильного землетрясения 8 августа 1303 года большая часть оставшейся конструкции рухнула в воду. Ныне на острове Фарос, где когда-то стоял чудесный маяк, можно увидеть форт, построенный мамлюкским султаном Кайтбеем."
Encyclo/#Pharos_Title,Text,,Фаросский маяк
Encyclo/#Plagues_Content,Text,,"Согласно Книге Исхода в Ветхом Завете, в XIII веке до н.э., во времена правления Сети I и его сына Рамcеса II, евреи были обращены в рабство и работали на стройках. В этой истории к пророку Моисею явился Бог и обещал евреям помочь обрести свободу.
Направляемый Господом, Моисей десять раз обращался к фараону Рамсесу с просьбой «отпустить мой народ», но каждый раз Рамсес отвергал эту просьбу. И каждый раз это вызывало определённое бедствие, поражавшее египтян и самого фараона («казнь египетская»), но обходившее евреев стороной.
В первый раз воды реки обратились в кровь, убив рыбу и став непригодными для питья. После второго отказа жилища египтян наводнили лягушки. Седьмая казнь обернулась яростным градом, побившим людей и скот и уничтожившим посевы ячменя и льна. Согласно Книги Исхода, восьмой отказ Рамсеса позволить детям Израилевым покинуть Египет вызвал рой саранчи, пожравшей все побеги.
Рамсес сдался лишь после того, как десятая казнь убила всех египетских первенцев и всех первородных у скота. Отпустив евреев, он всё же пустился в погоню, преследуя их через «Море Камышей». Хотя эти бедствия не зарегистрированы в египетских хрониках того времени, есть много примеров подобных катастроф, происходивших с доисторических времён на протяжении всей истории. По сей день человечество преследуют стихийные бедствия и нашествия саранчи."
Encyclo/#Plagues_Title,Text,,Казни египетские
Encyclo/#Population_Content,Text,,"Древний Египет имел множество сходных черт с современным обществом. Множество людей жило в городах, где развитое производство обеспечивало большую часть рабочих мест. Земледельцы, как правило, жили в небольших сельских поселениях. Большая часть населения, конечно же, жило в непосредственной близости от реки.
Численность населения Древнего Египта неуклонно росла, в основном благодаря интенсивному <link=""#Irrigation_Title""><u>орошению земель</u></link>. Во время додинастического периода количество древних египтян не превышало 350 тысяч жителей.
Однако, уже к концу второго тысячелетия до нашей эры, когда орошение значительно увеличило площадь пахотных земель, население могло насчитывать уже три миллиона человек."
Encyclo/#Population_Title,Text,,Население
Encyclo/#Pottery_Content,Text,,"Вряд ли можно было найти хозяйство, в котором не использовалась керамическая посуда. Гончарное дело, одно из старейших производств Древнего Египта, зародилось в домашних условиях, где женщины изготавливали сосуды, необходимые для приготовления пищи. Как и другие отрасли Египта, гончарное дело трансформировалось из домашнего производства в производство в специализированных мастерских.
Для изготовления гончарных изделий сначала особым образом подготавливалась <link=""#Clay_Title""><u>глина</u></link>. Её месили, добавляли в неё солому или мякину для придания вязкости. Мужчины месили глину руками или ногами, размягчая её и делая податливой. Затем глину помещали на гончарный круг для придания формы.
Устройство гончарного круга эволюционировало с течением времени. В самом начале гончару приходилось крутить круг одной рукой, а другой — обрабатывать глину. Поскольку в таком случае невозможно было вращать круг достаточно быстро, получавшуюся посуду приходилось дополнительно шлифовать вручную. Во времена Нового царства помощник вращал круг обеими руками, пока гончар формировал сосуд. В результате получалось более гладкое изделие. К концу Нового царства гончар снова вращал круг самостоятельно, но на этот раз уже с помощью ног, что давало самую гладкую глиняную посуду.
После формовки сосуды оставляли сушиться. Изделия покрывались рисунками, после чего их обжигали в большой печи с топкой в основании, отделённой от верхней камеры глиняной решёткой. На эту решётку помещались изделия, после чего камера закрывалась. После завершения обжига изделие было готово к употреблению и хранилось до тех пор, пока не понадобится."
Encyclo/#Pottery_Title,Text,,Гончарное дело
Encyclo/#Priests_Content,Text,,"Поскольку Древний Египет был теократическим государством, жрецы часто выполняли административные функции в своих общинах, иногда также вершили правосудие. Их роль простиралась далеко за пределы религиозных обязанностей.
Отличительной чертой жреца была его опрятность. Прежде чем войти в храм, жрецы проходили обряд очищения и сбривали волосы, дабы убедиться, что в них нет вшей и других нечистот. В зависимости от того, какому богу служил жрец, ему запрещалось есть те или иные виды пищи. Жрецы носили особую одежду, а те, что проводили погребальные обряды, также украшали себя леопардовыми шкурами.
Главной религиозной обязанностью жрецов была забота и кормление местного бога. В каждом храме была статуя бога-покровителя. Каждый жрец в храме нёс персональную ответственность за то, чтобы бог был счастлив. Некоторые жрецы отвечали за то, чтобы бог был хорошо накормлен. Используя подношения, подаренные местными жителями, жрецы готовили еду для бога. Бог вкушал «сущность» пищи, а жрецам оставались остатки от этой трапезы. Жрецы также одевали, купали и развлекали бога. Время от времени бога брали на прогулку и водили по городу (дополнительную информацию см. в статье о <link=""#Festival_Title""><u>праздниках</u></link>).
Жречество было разделено на отдельные классы. Самым важным жрецом был Верховный жрец («Первый пророк»), назначаемый самим фараоном. Верховный жрец был самым главным в храме и часто служил советником фараона. Ниже по рангу находились заместители Верховного жреца («Вторые пророки»), которые курировали определённые аспекты деятельности храма или его поместья, такие как мастерские или фермы. Ниже находились жрецы, ответственные за определённые функции, такие как омовение бога или развлечение. Большинство жрецов служило посменно, работая один месяц через три."
Encyclo/#Priests_Title,Text,,Жрецы
Encyclo/#Ptah_Content,Text,,"Птах — бог ремесленников, обычно ассоциируемый с фараонами Мен-нефера (Мемфиса), впервые объединившими с помощью <link=""#Religion_Title""><u>религии</u></link> Египет. Его особенно почитали мастера Дейр-эль-Медины, строившие гробницы в Долине Царей и в Долине Цариц.
Амон был богом плодородия, образ которого позднее был отождествлён с Ра, став тем самым Амон-Ра, почитаемому как богу солнца. Его часто изображают с головой барана или в виде мужчины с головным убором, состоящим из двух длинных соколиных перьев. Он стал популярным во времена XII династии, когда цари Уасета (Фив) стали править Египтом.
Тот был богом мудрости и знаний и считался писцом других богов. Наиболее тесно он был связан со Шмуном (Гермополем)."
Encyclo/#Ptah_Title,Text,,"Птах, Амон и Тот"
Encyclo/#Pyramids_Content,Text,,"Столетиями люди спорили о том, как были построены пирамиды. Кажется непостижимым, что древние египтяне без погрузчиков, кранов, экскаваторов и другого современного оборудования могли построить такие великолепные сооружения.
Строительство любой пирамиды начиналось с хорошо проработанного плана. Визирь, второе по важности лицо после фараона, скорее всего, следил за всем процессом вместе с царским архитектором («медже несут» на древнеегипетском), уточняющим планы. Царский архитектор отвечал за выбор материала и способы его доставки к месту стройки.
После тщательного выбора места астрономы ориентировали ось пирамиды в направлении север-юг. Затем землемеры выкладывали стороны с помощью особого каната, который был достаточно толстым, чтобы не растягиваться и не искажать размеры пирамиды. После этого выравнивали землю, возможно, заполняя канавы водой, чтобы получить общий уровень.
После завершения подготовительных работ всё было готово к началу строительства. Сперва проводилась церемония, в ходе которой сам фараон отмечал углы пирамиды кольями, протягивал между ними верёвку и закладывал церемониальный кирпич в качестве первого камня в монументе.
С этого момента за дело брались <link=""#Stonemason_Title""><u>каменотёсы</u></link> и рабочие. Для пирамид с подземными камерами каменотёсы вырезали помещения, в том числе погребальную камеру. Как только они были готовы, начинался трудный процесс доставки каменных блоков, некоторые из которых весили до 2,5 тонн. Камни тащили на салазках, а для достижения более высоких частей пирамиды, вероятно, использовались пандусы. В дополнение к грубо обтёсанным камням, которые составляли основу пирамиды, стороны облицовывались отполированным камнем.
Пирамиды, как правило, были частью более крупных комплексов. В комплексе пирамид был храм в долине, стоявший на воде или на краю обрабатываемых полей. От храма в долине вела длинная дамба к заупокойному храму, расположенному на восточной стороне пирамиды.
Форма пирамид развивалась по мере совершенствования технологии их строительства. Первая пирамида — ступенчатая пирамида Джосера — не имеет гладких сторон. Эта пирамида, построенная около 2620 г. до н.э., представляет собой ряд квадратов, уложенных друг на друга. Первая настоящая пирамида — пирамида Снофру, была построена около 2550 г. до н.э. Внешняя облицовка сглаживала «ступени» пирамиды, и вскоре эта практика стала использоваться для других пирамид. Самая большая пирамида — пирамида Хуфу (Хеопса), имеет размеры 230 на 230 метров и достигает высоты 146 метров. Одним из уникальных монументов является ломаная пирамида Снофру. Угол наклона пирамиды изменяется примерно на высоте двух третей от общей высоты. Существует теория, что во время строительства архитекторы поняли, что пирамида стала бы слишком тяжёлой и могла бы обрушиться под своим весом, если бы её продолжили строить под первоначальным углом."
Encyclo/#Pyramids_Title,Text,,Пирамиды
Encyclo/#Quarries_Content,Text,,"Египтяне добывали различные виды горных пород для строительства пирамид, храмов и монументов, включая известняк, гранит, базальт, сланец, алебастр и порфир. Рабочие карьера использовали долота и молотки для отделения твёрдых пород и медные пилы — для отделения мягких.
Большинство карьеров работало только в период разлива, когда строительство царских монументов было в самом разгаре. Некоторые карьеры работали круглый год, особенно когда велось строительство чрезвычайно большого монумента, например, пирамиды.
Для транспортировки к месту назначения блоки помещали на специальные салазки и перетаскивались командами рабочих. Чтобы облегчить процесс, часто под блоки клались брёвна, игравшие роль роликов. Иногда перед салазками лили воду, чтобы уменьшить трение.
В каменоломнях часто использовался труд рабов, хотя основную часть работ выполняли вольнонаёмные египтяне."
Encyclo/#Quarries_Title,Text,,Карьеры
Encyclo/#Ra_Content,Text,,"Ра считается верховным богом Египта на протяжении большей части его истории. Как праотец всех богов Эннеады, он был высшим богом-творцом и ассоциировался с солнцем.
Маат была богиней справедливости, а также истины и миропорядка. Страусиное перо, которое она носит на голове, используется для взвешивания сердца усопшего перед тем, как ему будет дозволено войти в загробную жизнь.
Гор был наиболее тесно связан с фараонами. Будучи сыном Осириса и Исиды, он отомстил за смерть своего отца, разоблачив Сета как убийцу Осириса. Гор изображается в облике сокола."
Encyclo/#Ra_Title,Text,,"Ра, Маат и Гор"
Encyclo/#Reeds_Content,Text,,"Достигая пяти метров в высоту, сыть папирусная (или просто папирус) использовалась в Египте не только для изготовления бумаги. Из папируса также изготовлялись различные предметы домашнего быта, включая коврики, сандали и верёвки. Сердцевину растения употребляли в пищу. Иногда растения могли заменить древесину, например, связанные вместе стебли могли использоваться для постройки лодок.
Совсем недавно папирус был под угрозой исчезновения, но теперь смог восстановиться. Ныне тростник снова выращивается и используется в изготовлении бумаги — на этот раз в качестве туристических сувениров."
Encyclo/#Reeds_Title,Text,,Тростник
Encyclo/#Religion_Content,Text,,"Египетская религия отличалась многочисленным пантеоном главных и второстепенных богов. Большинство городов и даже отдельные лица считали своим покровителем определённого бога, и эта практика влияла на то, какие боги имели наибольшее значение.
Одной из самых ранних структур верований была Эннеада — группа из девяти богов. Первым богом Эннеады являлся Атум, покровитель города Она (Гелиополис), который соединился с Ра, чтобы стать Ра-Атумом. Ра-Атум, хотя и мужчина, сумел в одиночку произвести на свет близнецов, Шу, бога воздуха, и Тефнут, богиню влаги.
У Шу и Тефнут было двое детей: Геб, бог земли, и Нут, богиня неба. Геб и Нут произвели на свет четверых детей: Исиду, Осириса, Нефтиду и Сета. Завершает девять богов Гор, сын Исиды и Осириса. Эта система богов господствовала в религии Египта.
Согласно историку Манефону, жившему в период Птолемеев, когда фараон Хор Аха объединил Верхний и Нижний Египет в Первую династию, он основал столицу в Мемфисе и установил культ Птаха, бога-творца. Согласно записям Манефона, Хор Аха утверждал, что все боги Эннеады были проявлением Птаха. Однако Ра оставался преобладающим богом Гелиополя.
Другой миф о сотворении мира произошёл из города Шмун (Гермополь) в Верхнем Египте. Богословие гермополитов состоит из Огдоады, или группы восьми богов. В Огдоаде пара богов мужского и женского пола представляла разные аспекты космоса. Нун и Наунен представляли изначальные воды, Хух и Хаухет — бесконечность, Кук и Каукет были богами изначальной тьмы, а Амон и Амаунет — богами бездействия, имена которых означают «сокрытое».
Во время Нового царства Амон сместил Ра в качестве главного бога. Господство Амона продолжалось до правления Эхнатона, который попытался ввести в Египте новую теологию, утверждая, что бог Атон, воплощённый солнечным диском, был первичным богом. Некоторые учёные предполагают, что его религия могла быть ранней формой монотеизма, но это горячо обсуждается.
Во время своего правления, известного сегодня как период Амарны, Эхнатон закрыл храмы других богов. Однако после его смерти традиционная религия была быстро восстановлена, и храмы богов были вновь открыты."
Encyclo/#Religion_Title,Text,,Религия
Encyclo/#Roads_Content,Text,,"<link=""#Nile_Title""><u>Нил</u></link> являлся основной транспортной артерией Древнего Египта. Лодки всевозможных форм и размеров перевозили людей, товары и материалы из одного пункта в другой. Древние египтяне также использовали и сухопутные дороги. Эти дороги обычно никак не мостились, являясь просто хорошо вытоптанными тропами. Во многих городах дороги петляли всевозможными способами. В городах же с хорошо распланированной структурой, например в рабочем поселении Дейр-эль-Медина, дороги укладывались по строго определённой сетке.
Некоторые торговые пути были давно проложены, однако и они не были мощёнными, и порой перемещение по ним было сопряжено с определённым риском. Об опасностях, сопровождавших успешную торговлю, см. <link=""#Trade_Title""><u>здесь</u></link>."
Encyclo/#Roads_Title,Text,,Дороги
Encyclo/#Scribes_Content,Text,,"Писцы (или «сеш») связывали всё египетское общество и представляли практически любую государственную деятельность. Древние египтяне вели записи почти обо всём, и писцы были единственными, кто мог выполнять эту функцию. Они записывали, сколько налогов каждый человек должен правительству, отслеживали экспорт и импорт, подсчитывали количество убитых врагов во время сражений. Для частных лиц писцы составляли юридические документы, такие как завещания, а также записывали и зачитывали письма для отдельных лиц.
Рабочими инструментами писца были папирус, палитра с двумя лепёшками чернил (обычно чёрного и красного цвета), горшок с водой и тростниковые кисти. Писец окунал кисть в воду, а затем проводил ею по чернильной лепёшке, после чего делал запись на папирусе.
Не все писцы умели писать иероглифы, ведь они предназначались для монументов и храмов. Для повседневного делопроизводства использовалась более простая версия иероглифического письма, называемая иератической.
Письменный язык состоял примерно из 700 знаков и сочетал символы, которые представляли звуки, с символами, которые представляли идеи. В записанных словах пропускались гласные, поэтому историки могут только догадываться о том, как на самом деле звучала древнеегипетская речь."
Encyclo/#Scribes_Title,Text,,Писцы
Encyclo/#Senet_Content,Text,,"Сенет была самой популярной настольной игрой Древнего Египта. Доска была прямоугольной и разделялась на три ряда по 10 квадратов в каждом. В неё играл два игрока, у каждого было не менее пяти фигур. Ходы определялись набором из четырёх плоских бросаемых палочек. Правила сенета не были обнаружены ни в одном письменном источнике, так что никто точно не знает, как именно велась игра. Тем не менее, большинство историков сходятся на том, что игра представляла собой симуляцию путешествия в загробную жизнь. Такие игры, как нарды и классики, являются потомками сенета.
Сенет, наряду с другими играми, вероятно, был одним из многих развлечений, которые египтяне устраивали в тавернах и постоялых дворах. После тяжёлого рабочего дня многие египтяне захаживали в ближайшую таверну, где за кружкой <link=""#Beer_Title""><u>пива</u></link> вели оживлённые беседы. И мужчины, и женщины (особенно незамужние) часто посещали пивные заведения."
Encyclo/#Senet_Title,Text,,Сенет
Encyclo/#Seth_Content,Text,,"Сет, брат <link=""#Osiris_Title""><u>Осириса</u></link>, был богом разрушения, хотя первоначально считался защитником Нижнего Египта. По мере того, как Верхний Египет набирал силу, его бог-покровитель <link=""#Ra_Title""><u>Гор</u></link> становился более важным, а Сету отводилась отрицательная роль.
Анубис, бог смерти, также был богом бальзамирования. В облике шакала Анубис предоставлял всем мёртвым свою защиту.
Сехмет, представляемая в образе женщины с головой львицы, являлась богиней войн и эпидемий. Она была женой бога-создателя Птаха. Египтяне поклонялись ей в надежде умилостивить её, дабы она не выплёскивала свою ярость."
Encyclo/#Seth_Title,Text,,"Сет, Анубис и Сехмет"
Encyclo/#Ships_Content,Text,,"Нил веками вдохновлял кораблестроителей. В додинастический период древние египтяне изготовляли плоты из связанных воедино верёвкой стеблей тростника и управляли ими с помощью длинных шестов. Незадолго до появления первых пирамид были достигнуты успехи в строительстве лодок, которые были полезны и даже необходимы для крупномасштабных строительных проектов. Корабли играли важную роль в транспортировке тяжёлых материалов, необходимых для строительства пирамид.
Как и другие производства в Египте, верфи находились в государственной собственности. Используя столярные инструменты, кораблестроители сначала изготовляли остов корабля, укладывая доски бок о бок и закрепляя их дюбелями, клеем и верёвками, которые во влажном состоянии своей усадкой крепко скрепляли детали остова между собой. Корпуса более крупных кораблей имели рёбра. Когда корпус был готов, оснащали остальную часть корабля, включая мачту для паруса и гнёзда для вёсел. У некоторых крупных кораблей были каюты.
Корабли имели плоское дно, низкую осадку и были рассчитаны на плавание неглубоких водоёмах. Нил, хотя и относительно лёгкий для навигации, всё же изобиловал отмелями, в которых корабли могли застрять.
Кораблестроители могли построить корабль значительных размеров. Один корабль, использовавшийся для перевозки обелисков в храм Хатшепсут, имел длину 82 метра. Одной из самых известных археологических находок является солнечная ладья, уложенная в разобранном виде из 1224 частей у южной стороны пирамиды Хуфу (Хеопса). В 1960-х годах она была собрана вновь. Ладья имеет длину более 42 метров и ширину 6 метров с местами для 10 гребцов плюс ещё два места для рулевых. Историки до сих пор не уверены в назначении лодки. Некоторые предполагают, что это символ солнечного корабля Гора. Другие считают, что это могла быть лодка, которая перевезла останки Хуфу к его пирамиде, или что он использовал эту лодку при жизни. Тем не менее, лодка даёт хорошее представление о конструкции египетских кораблей."
Encyclo/#Ships_Title,Text,,Корабли и кораблестроение
Encyclo/#Society_Content,Text,,"Египетское общество было сильно расслоено на отдельные сословия. По большей части класс закреплялся за человеком с рождения, но бывали случаи, когда отдельным личностям удавалось заключать браки с представителями более высокого класса.
Представителями низшего класса были крестьяне. У них была самая низкая продолжительность жизни, обусловленная изнурительным трудом либо в полях, либо на строительстве монументов. Их останки показывают, что у большинства крестьян были проблемы со спиной, у многих позвонки срастались в результате тяжёлой работы. Они жили в примитивных жилищах, а после смерти их хоронили в простых могилах без бальзамирования.
Средний класс был представлен ремесленниками, торговцами и другими лицами, занятыми на производстве. Они жили в более просторных домах, и многие из них могли себе позволить бальзамирование и скромную усыпальницу.
Самым богатым классом были высокопоставленные правительственные чиновники, которые могли себе позволить самую изысканную роскошь, включая бальзамирование и строительство изысканных гробниц. Их рацион был богаче рядовых египтян. При исследовании мумифицированных останков египтян из высшего сословия выяснилось, что у 10-20% был артериосклероз, означавший, что при жизни эти люди потребляли большое количество животного жира и, возможно, часто испытывали стрессовые ситуации. Состоятельных людей часто изображали с объёмными животами, что свидетельствовало об их богатстве."
Encyclo/#Society_Title,Text,,Общество
Encyclo/#Sphinx_Content,Text,,"Сфинкс, связанный с богами солнца в Древнем Египте, имеет тело льва и голову царя. В Египте было много сфинксов, но самым известным на сегодняшний день является Большой сфинкс в Гизе (Ростау).
Большой сфинкс был построен около 2500 года до н.э. над старым карьером, и был призван, по-видимому, охранять пирамиду Хефрена. Считается, что его лицо принадлежит самому Хефрену. Сфинкс имеет размеры 60 метров в длину и 20 метров в высоту и высечен из известняка.
Из-за наносимых из пустыни песков сфинкс большую часть своего существования был погребён под ними. Существует легенда, что Тутмос IV до того, как стать фараоном, охотился неподалёку и заснул в том месте, где покоился сфинкс. Во сне к нему явился сфинкс и сказал, что если Тутмос его откопает, то станет фараоном. Тутмос выполнил волю сфинкса и стал фараоном в 1425 году до н.э. Он записал эту историю на стеле и поместил её между лап сфинкса.
Со временем ветер пустыни вновь скрыл Большого сфинкса под толщей песка. Его повторно раскопали в 1930-х годах. Попытки сохранить сфинкса не увенчались особым успехом."
Encyclo/#Sphinx_Title,Text,,Сфинкс
Encyclo/#Stonemason_Content,Text,,"Каменотёсы следили за работами в <link=""#Quarries_Title""><u>карьерах</u></link>, строительством <link=""#Pyramids_Title""><u>пирамид</u></link> и прочих монументов.
Хотя им были известны все тонкости добычи и обработки камня, сами они не занимались тяжёлым ручным трудом. Чернорабочие из более низшего сословия выполняли всю самую тяжёлую работу, а каменотёсы только контролировали процесс."
Encyclo/#Stonemason_Title,Text,,Каменотёсы
Encyclo/#StorageYard_Content,Text,,"При храмах и дворцах Древнего Египта были хранилища для царских товаров. Это были крытые сооружения, где хранились большие глиняные сосуды с необходимыми товарами. Открытые хранилища посреди города были маловероятны — иногда случались ливневые дожди и наводнения. За хранилищами приглядывали писцы, которые строго следили за количеством товара.
Внешний вид склада в игре не соответствует реальности, этот выбор был сделан для того, чтобы позволить игроку в любой момент быстро увидеть, что есть на складе."
Encyclo/#StorageYard_Title,Text,,Склад
Encyclo/#Temples_Content,Text,,"Храмы считались местом обитания богов, и каждый храм посещали десятки <link=""#Priests_Title""><u>жрецов</u></link>, заботящихся о боге. Горожане принимали участие в заботе с помощью подношений, но редко видели статую бога, спрятанную глубоко внутри храма. Только в праздничные дни, когда бога проносили на церемониальной ладье, горожане могли мельком увидеть его, спрятанного в переносном святилище.
Египтяне обращались к богам за советом. Всех приветствовали во дворе храма, где люди могли расспросить богов о насущных проблемах или просить прощения за прошлые деяния. Священники, скрытые от глаз, отвечали молящим. Жители также могли задавать вопросы богу в праздничные дни, когда бога не было дома.
Помимо храмов, у большинства египтян были святилища в домах. Часто святилище посвящалось богу Бесу, защитнику дома. Похоже, что у людей тоже были свои боги-покровители. Согласно записи о посещаемости, обнаруженной в Дейр-эль-Медине, рабочие могли отсутствовать на стройках из-за посещения «праздника своего бога».
Концепция бога-покровителя распространялась на города, деревни и регионы. Эта идея вызвала определённые изменения в верованиях древних египтян на протяжении всей истории. Чтобы узнать больше об этих изменениях, нажмите <link=""#Religion_Title""><u>сюда</u></link>."
Encyclo/#Temples_Title,Text,,Святилища и храмы
Encyclo/#Trade_Content,Text,,"Хотя Древний Египет был богат природными ресурсами, некоторых товаров всё же не хватало. Древние египтяне открывали торговые пути ко многим соседним странам и регионам, включая Нубию, Ливан, Сирию, Пунт (который, как предполагают историки, является побережьем современного Сомали) и Эгейское море. Некоторые источники утверждают, что египетская торговля простиралась на север вплоть до земель современной Турции.
Нил всегда играл важную роль в египетской торговле, являясь судоходным начиная с первых порогов. Он выступал в роли транспортной магистрали и делал путешествие в Нубию и обратно относительно безопасным.
Нил также обеспечивал производство основного экспортного товара Египта — зерна. Разливы были гораздо надёжнее и предсказуемее нерегулярных дождей в Ливане и Сирии. Пока случались разливы, в Египте всегда был избыток зерна — роскошь, которой Ливан и Сирия себе позволить не могли. Другой ценными товарами для экспорта были льняные ткани, папирус, чечевица, сушёная рыба, изделия из золота и серебра, бычьи шкуры и верёвки.
Взамен Египет также получал различные товары. Среди наиболее важных — это золото из Нубии, древесина из Ливана, оливковое масли из Сирии. Египтяне также охотно покупали предметы роскоши — мирру, вино и домашний скот. Иногда также импортировалось оружие.
Гружёные товарами караваны часто подвергались нападениям. Для защиты их часто сопровождали вооружённые отряды. Некоторые историки считают, что из-за этих отрядов Египет не всегда вёл свободную торговлю со своими соседями, а скорее запугивал их, принуждая торговать себе в убыток. Хотя принуждение, вероятно, играло определённую роль в египетской торговле, в некоторых папирусах также упоминаются переговоры между Египтом и его торговыми партнёрами. Существует также несколько глиняных табличек, в которых подробно описывается торговля предметами роскоши с правителями Ближнего Востока. Торговля с Пунтом и Критом всегда носила мирный характер.
Некоторые успешные торговые миссии нашли своё отражение в надписях и произведениях искусства. Женщина-фараон Хатшепсут отправила флотилию кораблей в Пунт, чтобы добыть мирру, ладан, слоновую кость и другие ценные товары. Путешествие было признано настолько успешным, что на стенах храма Хатшепсут в Дейр-эль-Бахри была сделана соответствующая запись о нём."
Encyclo/#Trade_Title,Text,,Торговля
Encyclo/#Valley_Content,Text,,"Долина Царей являлась некрополем для фараонов на протяжении пяти столетий (с 1539 по 1075 год до н.э.), включая Тутмоса I, Тутанхамона и Рамсеса II. Расположенная на западном берегу Нила напротив храмового комплекса в Фивах, долина хорошо видна с горы Эль-Курн естественной пирамидальной формы, с каждым закатом солнца получая последние благословения Ра. Между Долиной и великим Нилом находятся царский погребальные храмы, построенные для фараонов, надеявшихся насладится своей загробной жизнью в гробницах Долины.
В деревне Дейр-эль-Медина, расположенной неподалёку, проживали сотни рабочих и их семей. Царские усыпальницы подготавливались высокопрофессиональным специалистами, и у каждого была своя важная задача. <link=""#Stonemason_Title""><u>Каменотёсы</u></link> вырубали в толще известняка ступени и проходы, оставляя каменные столбы для поддержания сводов огромных камер. Прорубленные в породе помещения обтёсывались и покрывались штукатуркой, после чего за дело брались  <link=""#Artisans_Title""><u>художники</u></link>, украшавшие внутреннее убранство резными барельефами и фресками, призванными направить фараона в его загробной жизни.
Умершего правителя помещали в собственный саркофаг и запечатывали в гробнице со множеством погребальных принадлежностей, качество которых было достойно его божественного статуса. Из-за этих сокровищ гробницы часто разграбляли, подчас теми самыми людьми, которые должны были охранять покой усыпальниц. Европейские археологи заново открыли Долину Царей в начале 1800-х годов. В 1922 году Говард Картер взломал печать гробницы Тутанхамона и обнаружил внутри множество бесценных предметов, включая золотые саркофаги и святилища, кровати, статуи и прочую царскую утварь.
На протяжении столетий внезапные наводнения заполняли многие гробницы илом и мусором, и можно предположить, что в Долине есть множество ещё пока не открытых проходов или даже нетронутых гробниц."
Encyclo/#Valley_Title,Text,,Долина Царей
Encyclo/#Water_Content,Text,,"Обеспечение населения питьевой водой в Древнем Египте было сложной задачей. Основным источником воды были Нил и его водоносные горизонты. Вдали от Нила было несколько оазисов, но большая часть земель была засушливой.
В зажиточных кварталах строили специальные цистерны для хранения воды. Водоносы приносили к этим домам вёдра с водой и сливали её в цистерны.
Египтяне умели рыть колодцы. В одном из рабочих поселений в Гизе рабочим пришлось прорыть 90 метров скальных пород, чтобы добраться до водоносного слоя. У большинства колодцев был колодезный дом, закрывавший скважину. Из дома вниз к воде вела лестница, по которой спускались люди для наполнения своих кувшинов."
Encyclo/#Water_Title,Text,,Колодцы и источники воды
Encyclo/#Weapons_Content,Text,,"В битвах древние египтяне использовали разнообразное оружие. В ближнем бою солдаты вооружались булавами, кинжалами, широкими мечами и боевыми топорами. Основным оружием дальнего боя были лук и стрелы, хотя есть и свидетельства использования пращей.
Египетское вооружение совершенствовалось с течением времени и сделало значительный скачок после вторжения гиксосов, познакомивших египетских воинов с лошадьми и колесницами."
Encyclo/#Weapons_Title,Text,,Оружие
Encyclo/#Wood_Content,Text,,"Свободно произрастающие деревья редко встречаются на территории Египта. Хотя почва в поймах была достаточно плодородной для поддержания роста деревьев, постоянные наводнения вымывали их прежде, чем они успевали на ней закрепиться. К немногочисленному списку деревьев, которым удаётся расти в Египте, относятся платан, персея, финиковая пальма и масличная моринга. Каждое из этих деревьев имело религиозное значение и воспринималось как жилище богов.
Из-за особого статуса деревьев лесорубам приходилось получать специальное разрешение для их рубки. Срубленные деревья давали хрупкую древесину, имевшую ограниченное применение. Большую часть древесины Египет импортировал с территорий современных Ливана, Сирии и Израиля. Когда во времена Нового царства Египет наконец завоевал эти земли, египтяне интенсивной вырубкой значительно истощили их леса. Также из Нубии импортировалось чёрное дерево.
Древесина использовалась для изготовления мебели, гробов и зданий. Мастера по дереву были весьма искусны в изготовлении замысловатых изделий с инкрустациями и резьбой."
Encyclo/#Wood_Title,Text,,Дерево и его использование
Encyclo/#Zoo_Content,Text,,"Древним египтянам была присуща тяга к веселью и необычности, и оба этих качества в большом количестве можно было найти в заведении, которое мы сейчас бы назвали зоопарком. По мере того, как власть и влияние Египта распространялись по континентам, многие фараоны получали от правителей далёких земель в качестве подарка или дани странных и диковинных животных. Этих животных представляли фараону, а затем содержали в специальных зоосадах, находившихся неподалёку от дворца правителя. Некоторые зоопарки Египта предназначались в первую очередь для всеобщего обозрения и лишь затем — для изучения неизвестных животных.
Существует теория, что на территории Великой Александрийской библиотеки якобы функционировали ботанический и зоологический сады. На кладбище додинастического периода в Нехене было устроено изысканное захоронение нескольких экзотических животных. До сих пор неизвестно, были ли они частью зоопарка, чьими-то личными питомцами или использовались в каком-то погребальном ритуале."
Encyclo/#Zoo_Title,Text,,Зоопарк
Guide/LoadingScreen/#Tips_001,Text,,"Стройте пойменные фермы как можно ближе к воде. При слабом разливе они всё равно частично окажутся под водой и сохранят более высокое плодородие."
Guide/LoadingScreen/#Tips_002,Text,,"Старайтесь продавать такие товары, как папирус или ткань. Город в них обычно мало нуждается, а при продаже за них можно выручить хорошую сумму."
Guide/LoadingScreen/#Tips_003,Text,,"Наземные торговые пути удобнее водных, поскольку для торговли им не требуется свободная пристань."
Guide/LoadingScreen/#Tips_004,Text,,"Если вы строите прямо на Царском тракте, дорожные заграждения помогут лучше управлять бесцельно бродящими служащими."
Guide/LoadingScreen/#Tips_005,Text,,"Каждый город может купить за год лишь ограниченное количество товаров. Поскольку готовой продукции у вас может оказаться гораздо больше, чем он способен приобрести, продавайте как изделия, так и сырьё."
Guide/LoadingScreen/#Tips_006,Text,,"Если вы не хотите появления в городе писцов, не снабжайте дома предметами роскоши, чтобы они не превращались в поместья. Так вы сможете предоставлять высшему обществу остальные услуги, включая библиотеки и школы писцов, сохранив при этом многочисленную рабочую силу."
Guide/LoadingScreen/#Tips_007,Text,,"Стройте больше святилищ и храмов для бога-покровителя вашего города, так как он требует большего внимания."
Guide/LoadingScreen/#Tips_008,Text,,"Зона действия служащих простирается на две клетки вокруг них, а это значит, что вербовщик сможет найти заселённые дома за одну клетку от дороги, по которой идёт."
Guide/LoadingScreen/#Tips_009,Text,,"Лучше отвечать на запросы с опозданием, чем не отвечать на них вовсе. Наказание будет гораздо мягче, а иногда, если боги будут милостивы, вы и вовсе можете его избежать."
Guide/LoadingScreen/#Tips_010,Text,,"Вы можете менять настройки игрового процесса под свои нужды. В конце концов, мы здесь собрались, чтобы получать удовольствие и строить пирамиды."
Guide/LoadingScreen/#Tips_011,Text,,"Пока вы не достигните высокого развития своих домов, торговля будет прибыльнее сбора налогов."
Guide/LoadingScreen/#Tips_012,Text,,"Еду потребляют жители, а товары — дома. Пока вы не строите новые жилища, нет нужды производить больше товаров."
Guide/LoadingScreen/#Tips_013,Text,,"Хотя лекари не нужны для улучшения низкоуровневых домов, они защищают ваших жителей от болезней."
Guide/LoadingScreen/#Tips_014,Text,,"Вербовочный пункт с полным штатом обучает семерых солдат за четыре месяца. Стройте форты заранее, чтобы неожиданное вторжение не застало вас врасплох."
Guide/LoadingScreen/#Tips_015,Text,,"Дворец, ваш особняк и праздничная площадь являются уникальными и достаточно дорогими сооружениями. Планируйте свой город с умом."
Guide/LoadingScreen/#Tips_016,Text,,"Кажется, что разносчики бесцельно бродят по дорогам, но несколько заграждений позволят управлять их маршрутом. Это эффективное, хотя и непростое в настройке средство."
Guide/LoadingScreen/#Tips_017,Text,,"Строить город без дорожных заграждений довольно сложно. Это самое эффективное средство управления служащими, поэтому используйте их без колебаний!"
Guide/LoadingScreen/#Tips_018,Text,,"У луговых ферм разные даты сбора урожая, некоторые из них могут дать урожай дважды в год."
Guide/LoadingScreen/#Tips_019,Text,,"Используйте сочетание Ctrl + щелчок левой кнопкой мыши (по умолчанию), чтобы скопировать и разместить уже стоящее на карте здание, не открывая меню строительства."
Guide/LoadingScreen/#Tips_020,Text,,"Самым оберегаемым египтянами секретом является то, что гиппопотамы умеют танцевать, но у страусов чётче движения."
Guide/LoadingScreen/#Tips_021,Text,,"В начале миссии посмотрите на мировой карте, какие товары готовы покупать другие города. Если сразу наладить нужные производства, вы сможете быстро начать экспорт и избежать денежных затруднений."
Guide/LoadingScreen/#Tips_022,Text,,"Со временем могут открыться новые торговые пути, предоставляющие доступ к ранее недоступным ресурсам. Но некоторые пути могут закрыться и лишить вас важных ресурсов."
Guide/LoadingScreen/#Tips_023,Text,,"У советников по развлечениям, здравоохранению, образованию и храмам можно узнать охват соответствующих услуг. Рейтинг культуры складывается из всех этих показателей."
Guide/LoadingScreen/#Tips_024,Text,,"Если есть только один путь от выхода до входа в здание, служащий будет вынужден идти по этому пути. Овладение этой техникой может открыть новые способы организации ваших городов."
Guide/LoadingScreen/#Tips_025,Text,,"Некоторым гробницам нужны погребальные принадлежности. Советник по монументам сообщит, какие именно ресурсы требуются."
Guide/LoadingScreen/#Tips_026,Text,,"Если настроение горожан слишком плохое, переселенцы перестают прибывать. Основными причинами недовольства могут быть низкое жалование, высокие налоги, высокая безработица и чрезмерное число трущоб."
Guide/LoadingScreen/#Tips_027,Text,,"Пожарные части и посты архитекторов можно размещать повсюду для надёжности, но щелчок по зданию покажет, может ли оно вообще загореться или обрушиться."
Guide/LoadingScreen/#Tips_028,Text,,"Производительность рыбацкой пристани зависит от двух расстояний: до места лова и до ближайшей житницы. Убедитесь, что ни одно из них не замедляет производство."
Guide/LoadingScreen/#Tips_029,Text,,"Сырьё вроде глины и тростника нередко переполняет склады. Постройте достаточно гончарных мастерских и мастерских папируса, чтобы перерабатывать его в готовые товары."
Guide/LoadingScreen/#Tips_030,Text,,"Если за высоким зданием ничего не видно, включите плоский режим клавишей F (по умолчанию). Возможно, именно там скрывается отсутствующий участок дороги, нарушающий вашу планировку."
Guide/LoadingScreen/#Tips_031,Text,,"Слишком много событий и уведомлений? Для них есть отдельная вкладка настроек, где можно выбрать, что показывать, а что скрывать."
Guide/LoadingScreen/#Tips_032,Text,,"Чтобы заглянуть за здание, можно не включать плоский режим целиком, а щёлкнуть по зданию правой кнопкой мыши. Повторное нажатие кнопки или назначенной клавиши вернёт всё в обычный вид."
Guide/LoadingScreen/#Tips_033,Text,,"Если вы страдаете дальтонизмом или данные на слоях недостаточно ясны, включите параметр, который отображает над зданиями столбики уровней риска и доступности."
Guide/LoadingScreen/#Tips_034,Text,,"Уведомления о запросах, вторжениях и подарках показываются всегда. Всё остальное можно скрыть, если вы готовы рискнуть и что-нибудь пропустить!"
