Key,Type,Desc,Ru,English,French,Spanish,German,Italian
Menu/Language/#Ru,Text,,Русский,Русский,Русский,Русский,Русский,Русский
Menu/#Save_Already_Exists,Text,,Файл сохранения уже существует
Menu/#Save_Invalid_FileName,Text,,Имя сохранения содержит недопустимые символы
Menu/Hover_MilitaryMission,Text,,"Это военная миссия. Ожидайте множества вторжений и запросов на отправку войск."
Menu/Hover_PeacefulMission,Text,,"Это мирная миссия. Вторжений и запросов на отправку войск будет меньше, чем в альтернативном варианте."
Menu/#Population_hover,Text,,Количество рабочих: {0}. Всего жителей: {1}. Уровень безработицы: {2}%.
Menu/#Population_hover_missing_workers,Text,,Количество рабочих: {0}. Всего жителей: {1}. Требуется дополнительных рабочих: {2}.
Menu/#Population_hover_enhanced,Text,,"Жителей: {0} (требуется {1})"
Menu/#ObjectivesNeeded_hover,Text,,"(требуется {0})"
Menu/#Funds_hover,Text,,"Доступны экстренные средства."
Menu/#Funds_hover_EmergencyFundUsed,Text,,"Экстренные средства исчерпаны! Когда закончатся текущие средства, город окажется в долгах."
Menu/#Funds_hover_Negative,Text,,"Город в долгах! Вы можете потратить в кредит до 5 000 дебенов."
Menu/#Funds_hover_Over5000,Text,,"Кредит исчерпан! Вы не сможете тратить деньги, пока долг не опустится ниже 5 000 дебенов."
Menu/Options/#Difficulty_VeryHard,Text,,"Очень сложно"
Menu/Event/#Stockpile,Text,,"Запасать"
Menu/Event/#Stockpiling,Text,,"Накопление запасов"
Menu/Event/#Deliver,Text,,"Отправить"
Menu/Event/#DeliverAndReuse,Text,,"Отправить и использовать снова"
Menu/Options/#Tower_0_hover,Text,,"Башни автоматически получают доступ к рабочей силе, даже будучи не подключёнными к дорожной сети."
Menu/Options/#Tower_1_hover,Text,,"Башням необходимо подключение к дорожной сети, чтобы получить доступ к рабочей силе."
Menu/Options/#Waterlift_0_hover,Text,,"Шадуфы получают доступ к рабочей силе
даже без соединения с дорогой"
Menu/Options/#Waterlift_1_hover,Text,,"Шадуфы получают доступ к рабочей силе
только при соединении с дорогой"
Menu/Options/#UncappedZoom_hover,Text,,"Снимает ограничение на отдаление камеры
(может повлиять на производительность игры)"
#Victory_Difficulty,Text,,"Использованная сложность:"
#Victory_Duration_Months,Text,,месяцев
#Victory_Duration_Month,Text,,Месяц
#Victory_Duration_Years,Text,,лет
#Victory_Duration_Year,Text,,Год
#Victory_Duration_Separator,Text,,"и"
#Victory_Score,Text,,"Счёт"
#Victory_Stats_Format,Text,,"{[victory_duration]}
{[victory_difficulty]}    {[victory_city_funds]}    {[victory_score]}"
Overseers/#Treasury_Tribute,Text,,Подать
Overseers/#Treasury_ThisYear,Text,,Текущий год
Overseers/#Treasury_Wage,Text,,Жалование
Overseers/#Treasury_RequestAndFestivals,Text,,Запросы/праздники
Overseers/#Treasury_InterestsDebt,Text,,"Процентная ставка"
Overseers/#Chief_Migration_Leave_Nospace,Text,,Нехватка жилья препятствует иммиграции.
Overseers/#Chief_Migration_Leave_Nospace_hover,Text,,"Пока в городе есть свободное жильё и жители довольны вами, сюда будут прибывать новые поселенцы.
Создавайте новые жилые районы, чтобы город рос и процветал."
Overseers/#Chief_Employment_Unemployment_1,Text,,Уровень безработицы в городе {0}%.
Overseers/#Chief_Employment_Unemployment_10,Text,,<color=white><b>ВАЖНО:</b></color> Уровень безработицы в городе {0}%.
Overseers/#Chief_Crime_StolenDebens,Text,,"<color=white><b>{0}</b></color> — столько дебенов украдено в этом году."
Overseers/#Chief_Crime_40,Text,,"<color=white><b>ВАЖНО:</b></color> За последнее время произошло несколько краж."
Overseers/#Chief_Employment_Shortage_2,Text,,<color=white><b>ВАЖНО:</b></color> Нехватка рабочих: {0}.
Overseers/#Chief_FoodProduction_Eat_time_1,Text,,"<color=white><b>ВАЖНО:</b></color> Мы потребляем чуть больше, чем производим."
Overseers/#Chief_FoodStock_Supply3,Text,,<color=white><b>ВАЖНО:</b></color> Запасы пищи подходят к концу.
Overseers/#Chief_Health_40,Text,,<color=white><b>ВАЖНО:</b></color> Здоровье горожан ниже среднего — существует небольшой риск эпидемии.
Overseers/#Chief_Health_30,Text,,<color=white><b>ВАЖНО:</b></color> Здоровье горожан плохое — существует небольшой риск эпидемии.
Overseers/#Chief_Religion_Furious_1_1,Text,,<color=white><b>ВАЖНО:</b></color> Один бог недоволен.
Overseers/#Chief_Religion_Furious_2_1,Text,,<color=white><b>ВАЖНО:</b></color> Два бога недовольны.
Overseers/#Chief_Religion_Furious_3_1,Text,,<color=white><b>ВАЖНО:</b></color> Три бога недовольны.
Overseers/#Chief_Religion_Furious_4_5_1,Text,,<color=white><b>ВАЖНО:</b></color> Несколько богов недовольны.
Overseers/#Chief_Employment_Unemployment_20,Text,,<color=yellow><b>СЕРЬЁЗНО:</b></color> Уровень безработицы в городе {0}%.
Overseers/#Chief_Crime_60,Text,,"<color=yellow><b>СЕРЬЁЗНО:</b></color> За последнее время произошёл ряд краж."
Overseers/#Chief_Employment_Shortage_150,Text,,<color=yellow><b>СЕРЬЁЗНО:</b></color> Нехватка рабочих: {0}.
Overseers/#Chief_Finances_LowTaxesCoverage,Text,,<color=yellow><b>СЕРЬЁЗНО:</b></color> Мы не собираем большую часть причитающихся налогов!
Overseers/#Chief_FoodProduction_Eat_time_1_5,Text,,"<color=yellow><b>СЕРЬЁЗНО:</b></color> Мы потребляем больше, чем производим."
Overseers/#Chief_FoodStock_Supply2,Text,,<color=yellow><b>СЕРЬЁЗНО:</b></color> Запасы пищи подходят к концу.
Overseers/#Chief_Health_20,Text,,<color=yellow><b>СЕРЬЁЗНО:</b></color> Здоровье горожан плохое — существует риск эпидемии.
Overseers/#Chief_Religion_Furious_1_2,Text,,<color=yellow><b>СЕРЬЁЗНО:</b></color> Один бог недоволен.
Overseers/#Chief_Religion_Furious_2_2,Text,,<color=yellow><b>СЕРЬЁЗНО:</b></color> Два бога недовольны.
Overseers/#Chief_Religion_Furious_3_2,Text,,<color=yellow><b>СЕРЬЁЗНО:</b></color> Три бога недовольны.
Overseers/#Chief_Religion_Furious_4_5_2,Text,,<color=yellow><b>СЕРЬЁЗНО:</b></color> Несколько богов могут покарать нас.
Overseers/#Chief_Employment_Unemployment_30,Text,,<color=#ea4242><b>СРОЧНО:</b></color> Уровень безработицы в городе {0}%.
Overseers/#Chief_Crime_80,Text,,"<color=#ea4242><b>СРОЧНО:</b></color> За последнее время произошло множество краж."
Overseers/#Chief_Employment_Shortage_300,Text,,<color=#ea4242><b>СРОЧНО:</b></color> Нехватка рабочих: {0}.
Overseers/#Chief_FoodProduction_Eat_time_2,Text,,"<color=#ea4242><b>СРОЧНО:</b></color> Мы потребляем гораздо больше, чем производим."
Overseers/#Chief_FoodStock_Supply1,Text,,<color=#ea4242><b>СРОЧНО:</b></color> Запасы пищи подходят к концу.
Overseers/#Chief_Health_0,Text,,<color=#ea4242><b>СРОЧНО:</b></color> Здоровье горожан ужасно — эпидемия неизбежна.
Overseers/#Chief_Health_10,Text,,<color=#ea4242><b>СРОЧНО:</b></color> Здоровье горожан крайне плохое — эпидемия весьма вероятна.
Overseers/#Ratings_Kingdom_100,Text,,У вашего города самый лучший рейтинг Царства!
Overseers/#Ratings_Prosperity_YetToEvaluate,Text,,"Рейтинг благополучия не меняется."
Overseers/#Ratings_Prosperity_RatingRising,Text,,"Рейтинг благополучия растёт."
Overseers/#Ratings_Prosperity_Advice,Text,,Неспособность избежать долгов выставляет ваш город неудачником.
Overseers/#TroopRequest_Small,Text,,"{0}, малый отряд"
Overseers/#TroopRequest_Average,Text,,"{0}, средний отряд"
Overseers/#TroopRequest_Large,Text,,"{0}, большой отряд"
Overseers/#Request_TimeRemaining_Singular,Text,,Срок выполнения: {0} месяц
Overseers/#Request_TimeRemaining_Plural,Text,,Срок выполнения: {0} мес.
Overseers/#Request_General,Text,,Запрос
Overseers/#Request_GodFestival,Text,,Великий праздник
Overseers/#Request_Famine,Text,,Помощь голодающим
Overseers/#Request_ConstructionProject,Text,,Строительство
Overseers/#Request_Threat,Text,,Поборы
Overseers/#Commerce_OpenTradeRouteBoth,Text,,"Открыть путь для импорта/экспорта"
Overseers/#Commerce_OpenTradeRouteExport,Text,,"Открыть путь для экспорта"
Overseers/#Commerce_OpenTradeRouteImport,Text,,"Открыть путь для импорта"
Overseers/#Commerce_AvailableForExport,Text,,Доступно для экспорта
Overseers/#Commerce_PriceExport,Text,,Продажа
Overseers/#Commerce_PriceImport,Text,,Покупка
Overseers/#Commerce_PerUnit,Text,,"<b>{0}</b><sprite name=""Deben""><color=#EDD7A8>/ 1</color><sprite name=""{1}"">"
Overseers/#Commerce_Per100Units,Text,,"<b>{0}</b><sprite name=""Deben""><color=#EDD7A8>/ 100</color><sprite name=""{1}"">"
Overseers/#Workers_WorkersRequired,Text,,"Требуется ещё рабочих: {0}"
Overseers/#PublicHealth_NoProblem,Text,,В вашем городе пока не сообщалось о проблемах со здоровьем.
Overseers/#PublicHealth_MoreApothecariesNeeded,Text,,Всё больше людей хотят иметь удобный доступ к услугам аптекаря.
Overseers/#PublicHealth_FoodVariety,Text,,Разновидностей пищи в городе: {[number]}[i2p_Zero]В городе нет ни одного вида пищи.[I2p_One]В городе представлен 1 вид пищи:
Overseers/#Political_NotEnoughSavings,Text,,"<color=white><b>Недостаточно сбережений</b></color>"
Overseers/#Temples_LastFestival,Text,,"<color=white><b>{[number]}</b></color> мес. с последнего праздника[I2p_One]<color=white><b>1</b></color> месяц с последнего праздника"
Overseers/#Temples_Temples,Text,,"Храмы"
Overseers/#Temples_TempleComplex,Text,,"Храмовые комплексы"
Overseers/#Learning_SchoolCoverage,Text,,"детей"
Overseers/#Learning_LibraryCoverage,Text,,"людей"
Overseers/#Monuments_Obelisk_NotStarted,Text,,"Работа над этим обелиском ещё не началась.
Для начала строительства нужны блоки гранита: <sprite name=""Granite""><color=#ffffff><b>{0}</b></color>.
Запас блоков: <color=#ffffff><b>{1}</b></color>."
Overseers/#Monuments_SunTemple_NotStarted,Text,,"Работа над этим храмом Солнца ещё не началась.
Для начала строительства нужны блоки песчаника: <sprite name=""Sandstone""><color=#ffffff><b>{0}</b></color>.
Запас блоков: <color=#ffffff><b>{1}</b></color>."
Overseers/#Monuments_Mausoleum_NotStarted,Text,,"Работа над этим мавзолеем ещё не началась.
Для начала строительства нужны блоки песчаника: <sprite name=""Sandstone""><color=#ffffff><b>{0}</b></color>.
Запас блоков: <color=#ffffff><b>{1}</b></color>."
Walkers/#Carrier_Content,Text,,"<color=#ffffff><b>{0}</b></color> {1}"
Walkers/#Carrier_Content_Stone,Text,,"Блок: <color=#ffffff><b>1</b></color>. Материал: {1}"
Walkers/#Carrier_Content_Stone_Plural,Text,,"Блоки: <color=#ffffff><b>{0}</b></color>. Материал: {1}"
Walkers/#Carrier_GoingFromTo,Text,,В пути. Отправитель: {0}. Получатель: {1}
Walkers/#Carrier_ReturningTo,Text,,Возвращается. Пункт назначения: {0}
Walkers/#Carrier_WaitingFor,Text,,"Ожидает места для доставки. Отправитель груза: {0}"
Walkers/#Carrier_GettingGoods,Text,,Получает товар
Walkers/#Roaming,Text,,Бродит без цели. Исходное здание: {0}
Walkers/#FishingBoat_Fishing,Text,,Плывёт на рыбный промысел. Порт отправления: {0}
Walkers/#FishingBoat_Unloading,Text,,Выгружает рыбу. Пункт назначения: {0}
Walkers/#FishingBoat_WaitingForCarrier,Text,,Ожидает. Местоположение: {0}
Walkers/#FishingBoat_Blocked,Text,,"Стоит у причала. Местоположение: {0}. Место лова недоступно"
Walkers/#Ship_Docked,Text,,"Стоит у причала. Местоположение: {0}"
Walkers/#TransportShip_Transporting,Text,,"Перевозит войска"
Walkers/#Gatherer_Gathering,Text,,Собирает ресурс: {1}. Исходное здание: {0}
Walkers/#Hunter_Hunting,Text,,Цель охоты: {1}. Исходное здание: {0}
Walkers/#Barge_Trading,Text,,Торгует у городских причалов
Walkers/#barge_e05,Text,,"Какая прибыльная торговля!"
Walkers/#stonemason,Text,,Каменотёс
Walkers/#tombrobber,Text,,Расхититель гробниц
Walkers/#bazaarbuyer_buying,Text,,Покупает
Walkers/#bazaarbuyer_bought,Text,,Куплено
Walkers/#Walker_Buys,Text,,Куплено
Walkers/#Walker_Sells,Text,,Продано
Overseers/#Granaries_ForXMonths,Text,,{[number]} мес.[I2p_One]1 месяц.
Overseers/#Granaries_GranariesHold,Text,,Житниц/складов с пищей: {[number]}[I2p_One]Житниц/складов с пищей: 1
Overseers/#Granaries_FoodProduction_EX1,Text,,"Сейчас мы съедаем чуть больше, чем производим."
Overseers/#Granaries_FoodProduction_PX1,Text,,"Сейчас мы производим ровно столько, чтобы накормить всех."
Overseers/#Granaries_FoodProduction_PX1-5,Text,,"Сейчас мы производим чуть больше, чем съедаем."
Overseers/#Granaries_FoodProduction_PX1_growth,Text,,"Мы производим достаточное количество пищи, но нашему растущему городу потребуется ещё больше."
Overseers/#Granaries_FoodProduction_PX2,Text,,"Сейчас мы производим куда больше, чем съедаем."
Overseers/#Granaries_SpaceLeft,Text,,Свободных мест в имеющемся жилье: {0}.
Overseers/#Granaries_Migration_NoFood,Text,,Нехватка пищи в житницах и на складах уменьшает приток переселенцев.
Overseers/#Granaries_Migration_Unemployment,Text,,Высокая безработица уменьшает число прибывающих в город переселенцев.
Overseers/#Granaries_NoFood,Text,,Нет запасов пищи на будущий месяц.
Overseers/#Ratings_Monument_Not_Needed,Text,,"Этому городу не нужны монументы."
Overseers/#Ratings_Monument_Equal_Needed,Text,,В этом городе самые величественные монументы во всём Египте!
Overseers/#Commerce_Stockpiling,Text,,"Включить накопление"
Buildings/#Shipwright_workers_0,Text,,"В этой судоверфи нет рабочих, поэтому корабли не строятся."
Buildings/#Shipwright_wharf_unreachable,Text,,"Пристань заказала нам корабль, но добраться до неё невозможно."
Buildings/#Tower_workers_1,Text,,"Наши люди бдительны и готовы отразить любую угрозу."
Buildings/#Granary_Empty,Text,,"Эта житница пуста."
Buildings/#ChariotMaker_stock_wood_0,Text,,"Без поставок древесины со склада или от лесоруба эта мастерская не сможет производить колесницы."
Buildings/#ChariotMaker_stock_copper_0,Text,,"Без поставок меди со склада или из медного рудника эта мастерская не сможет производить колесницы."
Buildings/#CarpentersGuild_stock_0,Text,,"Этой артели нужна древесина со склада или от лесоруба."
Buildings/#Tower_UpgradeFull,Text,,"Эта башня полностью улучшена и обеспечивает городу наилучшую защиту, пока в ней есть рабочие и часовые."
Buildings/#Tower_UpgradeHalf,Text,,"Вы уже улучшили эту башню. Можно улучшить её ещё раз, чтобы обеспечить город лучшей защитой."
Buildings/#Tower_UpgradeNone,Text,,"Башню не улучшали. Она защищает город, но могла бы делать это ещё эффективней."
Buildings/#Tower_UpgradeBow,Text,,"Караульного в этой башне можно улучшить с помощью 1 композитного лука<sprite name=""CompositeBows"">."
Buildings/#Tower_UpgradeStone,Text,,"Эту башню можно улучшить с помощью <sprite name=""Plainstone"">блока обычного камня."
Buildings/#Tower_tooltip,Text,,"Размещается на широкой стене."
Buildings/#FarmChickpeas,Text,,"Ферма нута"
Buildings/#FarmPomegranates,Text,,"Гранатовая ферма"
Buildings/#WarningWorkersAlert,Text,,"<b><color=yellow>ВНИМАНИЕ:</color></b> Плохой доступ к рабочей силе"
Buildings/#SleepingBuilding,Text,,Эта постройка дремлет.
Overseers/#Commerce_BuildingsWorkingTotal,Text,,"работает/всего"
Monuments/#Mausoleum_Phase_1,Text,,"<color=#ffffff><b>Первый этап</b></color>"
Monuments/#Mausoleum_Phase_1_Desc,Text,,"Рабочие возводят внешнюю часть мавзолея."
Monuments/#Mausoleum_Phase_2,Text,,"<color=#ffffff><b>Второй этап</b></color>"
Monuments/#Mausoleum_Phase_2_Desc,Text,,"Рабочие возводят нижнюю часть мавзолея."
Monuments/#Mausoleum_Phase_3,Text,,"<color=#ffffff><b>Третий этап</b></color>"
Monuments/#Mausoleum_Phase_3_Desc,Text,,"Рабочие возводят верхнюю часть мавзолея."
Monuments/#Mausoleum_Phase_4,Text,,"<color=#ffffff><b>Четвёртый этап</b></color>"
Monuments/#Mausoleum_Working,Text,,"Рабочие усердно трудятся, чтобы завершить мавзолей. Всё идёт по плану, и я не ожидаю никаких проблем."
Monuments/#CoursesCompleted,Text,,"<color=#ffffff><b>{0}</b></color> — столько рядов полностью уложено."
Monuments/#Caesareum_Granite,Text,,"Для завершения Цезареума нужны блоки гранита: <sprite name=""""Granite""""><color=#ffffff><b>{0}</b></color>"
Monuments/#Caesareum_Marble,Text,,"Для завершения Цезареума нужны блоки мрамора: <sprite name=""""WhiteMarble""""><color=#ffffff><b>{0}</b></color>"
Monuments/#Caesareum_RemainingMaterials,Text,,"Для завершения Цезареума нужны блоки мрамора: <sprite name=""""WhiteMarble""""><color=#ffffff><b>{0}</b></color>; блоки гранита: <sprite name=""""Granite""""><color=#ffffff><b>{1}</b></color>"
Monuments/#Library_Copper,Text,,"Для завершения библиотеки нужны слитки меди: <sprite name=""""Copper""""><color=#ffffff><b>{0}</b></color>"
Monuments/#Library_Marble,Text,,"Для завершения библиотеки нужны блоки мрамора: <sprite name=""""WhiteMarble""""><color=#ffffff><b>{0}</b></color>"
Monuments/#Library_RemainingMaterials,Text,,"Для завершения библиотеки нужны блоки мрамора: <sprite name=""""WhiteMarble""""><color=#ffffff><b>{0}</b></color>; слитки меди: <sprite name=""""Copper""""><color=#ffffff><b>{1}</b></color>"
Monuments/#Library_Step_4,Text,,"Следующий этап — строительство крыши."
Monuments/#Library_Step_5,Text,,"Мы возводим колонны вокруг библиотеки."
Monuments/#Pharos_Marble,Text,,"Для завершения маяка нужны блоки мрамора: <sprite name=""""WhiteMarble""""><color=#ffffff><b>{0}</b></color>"
Monuments/#Mausoleum_BlocksNeeded,Text,,"Для <color=#ffffff><b>текущего этапа</b></color> мавзолея нужны блоки песчаника: <sprite name=""Sandstone""><color=#ffffff><b>{0}</b></color>"
Monuments/#Mausoleum_RemainingMaterials,Text,,"Для <color=#ffffff><b>завершения</b></color> мавзолея нужны блоки песчаника: <sprite name=""Sandstone""><color=#ffffff><b>{0}</b></color>"
Monuments/#Mausoleum_Waiting,Text,,"Каменотёсы ждут партию песчаника<sprite name=""Sandstone"">."
Monuments/#Mausoleum_Waiting1,Text,,"Каменотёс ждёт партию песчаника<sprite name=""Sandstone"">."
Monuments/#SunTemple_BlocksNeeded,Text,,"Для <color=#ffffff><b>текущего этапа</b></color> храма Солнца нужны блоки песчаника: <sprite name=""Sandstone""><color=#ffffff><b>{0}</b></color>"
Monuments/#SunTemple_Remainder,Text,,"Для <color=#ffffff><b>завершения</b></color> храма Солнца нужны блоки песчаника: <sprite name=""Sandstone""><color=#ffffff><b>{0}</b></color>"
Monuments/#SunTemple_Waiting,Text,,"Каменщики ожидают <sprite name=""""Sandstone"""">песчаник"
Monuments/#SunTemple_Waiting1,Text,,"Один каменщик ожидает <sprite name=""""Sandstone"""">песчаник"
Monuments/#SunTemple_Phase_1,Text,,"<color=#ffffff><b>Первый этап</b></color>"
Monuments/#SunTemple_Phase_1_Desc,Text,,"Поставлена необработанная основа обелиска, и рабочие расчищают площадку."
Monuments/#SunTemple_Phase_2,Text,,"<color=#ffffff><b>Второй этап</b></color>"
Monuments/#SunTemple_Phase_2_Desc,Text,,"Плотники возводят леса вокруг обелиска храма Солнца."
Monuments/#SunTemple_Phase_3,Text,,"<color=#ffffff><b>Третий этап</b></color>"
Monuments/#SunTemple_Phase_3_Desc,Text,,"Каменотёсы высекают окончательную форму обелиска храма Солнца."
Monuments/#SunTemple_Phase_4,Text,,"<color=#ffffff><b>Четвёртый этап</b></color>"
Monuments/#SunTemple_Phase_4_Desc,Text,,"Строятся внешний двор, стена, площадь и передний храм."
Monuments/#SunTemple_WorkingPyramid,Text,,"Рабочие расчищают площадку для храма Солнца."
Monuments/#AlexandriasLibrary,Text,,"Александрийская библиотека"
Monuments/#Obelisk_Phase_2,Text,,"<color=#ffffff><b>Первый этап</b></color>
Плотники сооружают из древесины леса
"
Monuments/#Obelisk_Phase_3,Text,,"<color=#ffffff><b>Второй этап</b></color>
Каменщики высекают окончательную форму, продвигаясь сверху вниз
"
Monuments/#BurialTomb_Lamps,Text,,"Лампы: <sprite name=""""Lamp""""><color=#ffffff><b>{0}</b></color>"
Monuments/#Pyramid_Finishing,Text,,"Рабочие заканчивают работы над облицовкой пирамиды."
Monuments/#Pyramid_Complex_Prepare_0,Text,,"Рабочие расчищают площадку для пирамидального комплекса."
Monuments/#Pyramid_Complex_Prepare_1,Text,,"Каменщики строят дорогу к пирамидальному комплексу."
Monuments/#PyramidAndBentPyramid_Course,Text,,"
Для <color=#ffffff><b>текущего ряда</b></color> нужны материалы:
<sprite name=""Plainstone""><color=#ffffff><b>{0}</b></color> — блоки обычного камня; <sprite name=""Limestone""><color=#ffffff><b>{1}</b></color> — блоки известняка"
Monuments/#Pyramid_CourseLeft,Text,,"Для <color=#ffffff><b>завершения</b></color> пирамиды нужны материалы:
<sprite name=""Plainstone""><color=#ffffff><b>{0}</b></color> — блоки обычного камня; <sprite name=""Limestone""><color=#ffffff><b>{1}</b></color> — блоки известняка"
Monuments/#Pyramid_Done,Text,,"Пирамида завершена. Всего использовано:
<sprite name=""Plainstone""><color=#ffffff><b>{0}</b></color> — блоки обычного камня; <sprite name=""Limestone""><color=#ffffff><b>{1}</b></color> — блоки известняка"
Monuments/#BentPyramid_CourseLeft,Text,,"Для <color=#ffffff><b>завершения</b></color> Ломаной пирамиды нужны материалы:
<sprite name=""Plainstone""><color=#ffffff><b>{0}</b></color> — блоки обычного камня; <sprite name=""Limestone""><color=#ffffff><b>{1}</b></color> — блоки известняка"
Monuments/#BentPyramid_Done,Text,,"Ломаная пирамида завершена. Всего использовано:
<sprite name=""Plainstone""><color=#ffffff><b>{0}</b></color> — блоки обычного камня; <sprite name=""Limestone""><color=#ffffff><b>{1}</b></color> — блоки известняка"
Monuments/#Mastaba_Course,Text,,"
Для <color=#ffffff><b>текущего ряда</b></color> нужны кирпичи: <sprite name=""Bricks""><color=#ffffff><b>{0}</b></color>"
Monuments/#Mastaba_CourseLeft,Text,,"Для <color=#ffffff><b>завершения</b></color> мастабы нужны кирпичи: <sprite name=""Bricks""><color=#ffffff><b>{0}</b></color>"
Monuments/#Mastaba_Done,Text,,"Мастаба завершена. Использовано кирпичей: <sprite name=""Bricks""><color=#ffffff><b>{0}</b></color>"
Monuments/#SteppedPyramid_Course,Text,,"
Для <color=#ffffff><b>текущего ряда</b></color> нужны блоки обычного камня: <sprite name=""Plainstone""><color=#ffffff><b>{0}</b></color>"
Monuments/#SteppedPyramid_CourseLeft,Text,,"Для <color=#ffffff><b>завершения</b></color> ступенчатой пирамиды нужны блоки обычного камня: <sprite name=""Plainstone""><color=#ffffff><b>{0}</b></color>"
Monuments/#SteppedPyramid_Done,Text,,"Ступенчатая пирамида завершена. Использовано блоков обычного камня:
<sprite name=""Plainstone""><color=#ffffff><b>{0}</b></color>"
Monuments/#BrickCorePyramid_Course,Text,,"
Для <color=#ffffff><b>текущего ряда</b></color> нужны материалы:
<sprite name=""Bricks""><color=#ffffff><b>{0}</b></color> — кирпичи; <sprite name=""Limestone""><color=#ffffff><b>{1}</b></color> — блоки известняка"
Monuments/#BrickCorePyramid_CourseLeft,Text,,"Для <color=#ffffff><b>завершения</b></color> кирпичной пирамиды нужны материалы:
<sprite name=""Bricks""><color=#ffffff><b>{0}</b></color> — кирпичи; <sprite name=""Limestone""><color=#ffffff><b>{1}</b></color> — блоки известняка"
Monuments/#BrickCorePyramid_Done,Text,,"Кирпичная пирамида завершена. Всего использовано:
<sprite name=""Bricks""><color=#ffffff><b>{0}</b></color> — кирпичи; <sprite name=""Limestone""><color=#ffffff><b>{1}</b></color> — блоки известняка"
Overlays/MalariaHit,Text,,В этом здании вспышка малярии.
Overlays/DiseaseHit,Text,,Это здание — рассадник болезней.
Overlays/DiseaseRisk_0,Text,,В этом здании скоро вспыхнет болезнь.
Overlays/TaxAccess_None,Text,,"Этот дом не числится в конторе сборщика налогов и поэтому не платит никаких налогов."
Overlays/TaxAccess_Yes,Text,,"С начала года собрано дебенов: {0} <sprite name=""Deben"">."
Houses/#house_taxes_off,Text,,"Сборщик налогов не посещал этого места. Налоги не платятся."
Houses/#house_taxes_on,Text,,"С начала года собрано налогов в дебенах: {0} <sprite name=""Deben"">."
Houses/#evolve_needluxurygood,Text,,"Этот дом не может улучшиться. Чтобы сюда переселились более состоятельные жители, местный базар должен снабжать дом предметами роскоши"
Houses/#evolve_need2ndluxurygood,Text,,"Чтобы дом улучшился, базар должен снабжать его вторым видом предметов роскоши"
Houses/#evolve_delim_like,Text,,"например"
Houses/#evolve_delim_or,Text,,"или"
Menu/Options/#WalkerRange,Text,,Единая дальность служащих
Menu/#FinalCityFunds,Text,,"Итоговые средства города"
Menu/#Battle_Victory_DebensLost,Text,,"Вы победили захватчиков! Город {[city_name]} пока в безопасности...
Однако враги разграбили казну. Похищенная сумма: {[debens]} <sprite name=""Deben"">.
Как можно скорее восстановите армию!"
Menu/#Battle_Defeat_Normal,Text,,"Захватчики разграбили вашу казну. Похищенная сумма: {[debens]} <sprite name=""Deben"">. Кроме того, враги разрушили часть зданий."
Names/#Gold,Text,,"Дебены"
Names/#GoldIngot,Text,,"Золото"
Names/#Pomegranate,Text,,Гранаты
GroupNames/#GoldIngot,Text,,"золотых слитков"
GroupNames/#GoldIngot_Singular,Text,,"золотой слиток"
GroupNames/#Barley,Text,,"мер ячменя"
GroupNames/#Barley_Singular,Text,,"мера ячменя"
GroupNames/#Beer,Text,,"кувшинов пива"
GroupNames/#Beer_Singular,Text,,"кувшин пива"
GroupNames/#Bricks,Text,,"Кирпичи"
GroupNames/#Bricks_Singular,Text,,"кирпич"
GroupNames/#Chickpeas,Text,,"кувшинов нута"
GroupNames/#Chickpeas_Singular,Text,,"кувшин нута"
GroupNames/#Clay,Text,,"мешков глины"
GroupNames/#Clay_Singular,Text,,"мешок глины"
GroupNames/#Copper,Text,,"слитков меди"
GroupNames/#Copper_Singular,Text,,"слиток меди"
GroupNames/#Figs,Text,,"кувшинов инжира"
GroupNames/#Figs_Singular,Text,,"кувшин инжира"
GroupNames/#Fish,Text,,"корзин рыбы"
GroupNames/#Fish_Singular,Text,,"корзина рыбы"
GroupNames/#Flax,Text,,"тюков льна"
GroupNames/#Flax_Singular,Text,,"тюк льна"
GroupNames/#GameMeat,Text,,"кусков дичи"
GroupNames/#GameMeat_Singular,Text,,"кусок дичи"
GroupNames/#Gems,Text,,"Самоцветы"
GroupNames/#Gems_Singular,Text,,"драгоценный камень"
GroupNames/#Gold,Text,,"дебенов"
GroupNames/#Gold_Singular,Text,,"дебен"
GroupNames/#Deben,Text,,"Дебены"
GroupNames/#Deben_Singular,Text,,"дебен"
GroupNames/#Grain,Text,,"корзин зерна"
GroupNames/#Grain_Singular,Text,,"корзина зерна"
GroupNames/#Henna,Text,,"тюков хны"
GroupNames/#Henna_Singular,Text,,"тюк хны"
GroupNames/#Lamp,Text,,"ламп"
GroupNames/#Lamp_Singular,Text,,"Лампа"
GroupNames/#Lettuce,Text,,"кочанов латука"
GroupNames/#Lettuce_Singular,Text,,"кочан латука"
GroupNames/#Linen,Text,,"рулонов ткани"
GroupNames/#Linen_Singular,Text,,"рулон ткани"
GroupNames/#Meat,Text,,"кусков мяса"
GroupNames/#Meat_Singular,Text,,"кусок мяса"
GroupNames/#Oil,Text,,"кувшинов масла"
GroupNames/#Oil_Singular,Text,,"кувшин масла"
GroupNames/#Paint,Text,,"кувшинов краски"
GroupNames/#Paint_Singular,Text,,"кувшин краски"
GroupNames/#Papyrus,Text,,"листов папируса"
GroupNames/#Papyrus_Singular,Text,,"лист папируса"
GroupNames/#Pomegranate,Text,,"гранатов"
GroupNames/#Pomegranate_Singular,Text,,"Гранат"
GroupNames/#Pottery,Text,,"гончарных изделий"
GroupNames/#Pottery_Singular,Text,,"гончарное изделие"
GroupNames/#Reeds,Text,,"связок тростника"
GroupNames/#Reeds_Singular,Text,,"связка тростника"
GroupNames/#Straw,Text,,"тюков соломы"
GroupNames/#Straw_Singular,Text,,"тюк соломы"
GroupNames/#Wood,Text,,"брёвен"
GroupNames/#Wood_Singular,Text,,"бревно"
GroupNames/#Jewelry,Text,,"ларцов украшений"
GroupNames/#Jewelry_Singular,Text,,"ларец украшений"
GroupNames/#Ebony,Text,,"предметов мебели из чёрного дерева"
GroupNames/#Ebony_Singular,Text,,"предмет мебели из чёрного дерева"
GroupNames/#Incense,Text,,"флаконов благовоний"
GroupNames/#Incense_Singular,Text,,"флакон благовоний"
GroupNames/#Ivory,Text,,"изделий из слоновой кости"
GroupNames/#Ivory_Singular,Text,,"изделие из слоновой кости"
GroupNames/#Perfume,Text,,"флаконов духов"
GroupNames/#Perfume_Singular,Text,,"флакон духов"
GroupNames/#Wine,Text,,"кувшинов вина"
GroupNames/#Wine_Singular,Text,,"кувшин вина"
GroupNames/#OliveOil,Text,,"кувшинов оливкового масла"
GroupNames/#OliveOil_Singular,Text,,"кувшин оливкового масла"
GroupNames/#Chariots,Text,,"колесниц"
GroupNames/#Chariots_Singular,Text,,"Колесница"
GroupNames/#Granite,Text,,"блоков гранита"
GroupNames/#Granite_Singular,Text,,"блок гранита"
GroupNames/#Limestone,Text,,"блоков известняка"
GroupNames/#Limestone_Singular,Text,,"блок известняка"
GroupNames/#Plainstone,Text,,"блоков обычного камня"
GroupNames/#Plainstone_Singular,Text,,"блок обычного камня"
GroupNames/#Sandstone,Text,,"блоков песчаника"
GroupNames/#Sandstone_Singular,Text,,"блок песчаника"
GroupNames/#Weapons,Text,,"Оружие"
GroupNames/#Weapons_Singular,Text,,"оружие"
GroupNames/#WhiteMarble,Text,,"блоков мрамора"
GroupNames/#WhiteMarble_Singular,Text,,"блок мрамора"
GroupNames/#LeopardSkins,Text,,"леопардовых шкур"
GroupNames/#LeopardSkins_Singular,Text,,"леопардовая шкура"
GroupNames/#CompositeBows,Text,,"Составные луки"
GroupNames/#CompositeBows_Singular,Text,,"композитный лук"
GroupNames/#Shields,Text,,"Щиты"
GroupNames/#Shields_Singular,Text,,"щит"
GroupNames/#Hides,Text,,"шкур"
GroupNames/#Hides_Singular,Text,,"шкура"
Names/Army/Pharaoh,Text,,Армия фараона
Names/Army/Bedouin,Text,,армия бедуинов
MapEditor/#map_editor_load_mission,Text,,Загрузить
MapEditor/#EventType_CrimeWave,Text,,Череда преступлений
MapEditor/#EventType_Victory,Text,,Победа
MapEditor/#EventType_Defeat,Text,,Поражение
MapEditor/#EventType_ThreatAcknowledge,Text,,Поборы приняты
MapEditor/#EventType_EarthQuake,Text,,Землетрясение
MapEditor/#MinDelayMonths,Text,,"Минимальная задержка (мес.)"
MapEditor/#MaxDelayMonths,Text,,"Максимальная задержка (мес.)"
Menu/#Title_Loading_Saved_Game,Text,,Загрузить сохранённую игру
Menu/#Sandbox,Text,,"В этой миссии нет условий победы или поражения. Это просто градостроительство — ничего лишнего."
Events/#Notif_Warning,Text,,Кража!
Events/#Notif_OutOfCredit_Title,Text,,"Кредит исчерпан!"
Events/#Notif_OutOfCredit_Content,Text,,"У вас не осталось кредитных средств на строительство!"
Events/#Notif_TheftBurialGoods_Current,Text,,Грабители расхитили погребальные принадлежности!
Events/#Notif_TheftBurialGoods_Prebuilt,Text,,Грабители разграбили древнюю гробницу!
Events/#Notif_TombRobberApprehended_Title,Text,,Грабитель гробниц пойман!
Events/#Notif_TombRobberApprehended_Content,Text,,Грабитель гробниц задержан!
Events/#Notif_CitySentimentUp_Title,Text,,"Настроения в городе растут!"
Events/#Notif_CityHealthUp_Title,Text,,"Здоровье горожан улучшается!"
Events/#Notif_CityHealthDown_Title,Text,,"Здоровье горожан ухудшается!"
Events/#Notif_CityHealthDown_Desc_0,Text,,"Здоровье горожан стало ужасающим. Эпидемия неизбежна."
Events/#Notif_CityHealthDown_Desc_1,Text,,"Здоровье горожан ужасно. Эпидемия весьма вероятна."
Events/#Notif_CityHealthDown_Desc_2,Text,,"Здоровье горожан ухудшается. Существует серьёзная угроза эпидемии."
Events/#Notif_CityHealthDown_Desc_3,Text,,"Здоровье горожан ухудшается. Может начаться эпидемия."
Events/#Notif_CityHealthDown_Desc_4,Text,,"Здоровье горожан ухудшается. Есть небольшой риск эпидемии."
Events/#Notif_CityHealthUp_Desc_3,Text,,"Угроза эпидемии всё ещё велика, но здоровье горожан улучшается."
Events/#Notif_CityHealthUp_Desc_4,Text,,"Опасность эпидемии сохраняется, но здоровье горожан улучшается."
Events/#Notif_CityHealthUp_Desc_5,Text,,"Здоровье горожан улучшается, но эпидемия всё ещё возможна."
Events/#Invasion_EgyptianArmy_Announcement,Text,,"{[greeting]} {[player_name]}, {[reason_phrase]} египетская армия готовится к нападению и достигнет вашего города через {0} мес."
Events/#Invasion_EgyptianArmy_FirstAlert,Text,,"{[greeting]} {[player_name]}, {[reason_phrase]} египетская армия приближается и достигнет вашего города через шесть месяцев."
Events/#Invasion_EgyptianArmy_FirstReminder,Text,,"{[greeting]} {[player_name]}, {[reason_phrase]} египетская армия выступила в поход и достигнет вашего города через два года."
Events/#Invasion_EgyptianArmy_LastAlert,Text,,"{[greeting]} {[player_name]}, {[reason_phrase]} египетская армия приближается к вашим границам и достигнет города через месяц."
Events/#Invasion_EgyptianArmy_LastReminder,Text,,"{[greeting]} {[player_name]}, {[reason_phrase]} через год ваш город подвергнется натиску египетской армии."
Events/#Invasion_EgyptianArmy_ReasonPhrase_1,Text,,"ваша репутация в Царстве окончательно испорчена. Быть может, если одарить египетский народ, вы ещё сможете вернуть его расположение, однако"
Events/#Invasion_EgyptianArmy_ReasonPhrase_2,Text,,"поскольку ваша репутация в Царстве так низка,"
Events/#Invasion_EgyptianArmy_ReasonPhrase_3,Text,,"ваша репутация в Царстве окончательно испорчена. Быть может, если одарить египетский народ, вы ещё сможете вернуть его расположение, однако"
Events/ChainedEvents/#Invasion_EgyptianArmy_ReasonPhrase_1,Text,,"поскольку египетская армия напала на ваш город,"
Events/ChainedEvents/#Invasion_EgyptianArmy_ReasonPhrase_2,Text,,"египетская армия напала на ваш город! Кроме того,"
Events/ChainedEvents/#Invasion_EgyptianArmy_ReasonPhrase_3,Text,,"хотя египетская армия напала на ваш город,"
Events/ChainedEvents/#DistantBattleWon_ReasonPhrase_2,Text,,"наши войска одержали победу в далёкой битве. Место: {[city_name]}. Теперь,"
Events/ChainedEvents/#DistantBattleWon_ReasonPhrase_3,Text,,"хотя наши войска победили в далёкой битве (место: {[city_name]}),"
Events/ChainedEvents/#Invasion_City_Appreciation,Text,,"жители Египта высоко оценили жертвы вашего города в бою. В результате"
Events/ChainedEvents/#Invasion_Pharaoh_Appreciation,Text,,"фараон высоко оценил жертвы вашего города в бою. В результате"
Events/ChainedEvents/#TradeRouteAvailable_ReasonPhrase_3,Text,,"поскольку город {[city_name]} теперь связан с нами новым торговым путём,"
Events/ChainedEvents/#TradeRouteAvailable_ReasonPhrase_2,Text,,"город {[city_name]} теперь связан с нами новым торговым путём, и"
Events/ChainedEvents/#TradeRouteAvailable_ReasonPhrase_1,Text,,"хотя город {[city_name]} теперь торгует с нами,"
Events/#Invasion_EgyptianArmy_Title,Text,,Нападение египетской армии
Events/#Invasion_EgyptianArmy_NoReasonPhrase_1,Text,,"берегитесь:"
Events/#Invasion_EgyptianArmy_NoReasonPhrase_2,Text,,"настало время войны, ибо"
Events/#Invasion_PharaohArmy_NoReasonPhrase_1,Text,,"порой причины поступков фараона ведомы лишь ему самому."
Events/#Invasion_PharaohArmy_NoReasonPhrase_2,Text,,"фараон непредсказуем. Теперь"
Events/#Invasion_EgyptianArmy_CityAttackedAlert,Text,,"{[greeting]} {[player_name]}, на нас напали египетские войска!"
Events/#Invasion_PharaohArmy_CityAttackedAlert,Text,,"{[greeting]} {[player_name]}, на нас напала армия фараона!"
Events/#Invasion_ForeignArmy_CityAttackedAlert,Text,,"{[greeting]} {[player_name]}, на нас напала армия {[a_foreign_army]}, решившая уничтожить город!"
Events/#Invasion_Bedouin_CityAttackedAlert,Text,,"{[greeting]} {[player_name]}, на нас напала армия бедуинов!"
Events/#ConstructionProject_City_ReasonPhrase_3,Text,,"во славу Египта"
Events/#ConstructionProject_Pharaoh_ReasonPhrase_3,Text,,"в честь своих многочисленных достижений"
Events/#ContaminatedWater_ReasonPhrase_3,Text,,"неудачи преследуют город, и"
Events/#DemandDown_ReasonPhrase_3,Text,,"поскольку его жители сокращают расходы,"
Events/#DemandUp_ReasonPhrase_3,Text,,"поскольку он растёт,"
Events/#DistantBattleLost_ReasonPhrase_3,Text,,"войска постигло великое несчастье, ибо"
Events/#DistantBattleWon_ReasonPhrase_3,Text,,"благодаря отваге хорошо обученных воинов в далёкой битве (место: {[city_name]}),"
Events/#DistantBattle_City_ReasonPhrase_3,Text,,"снаряжайте солдат,"
Events/#DistantBattle_Pharaoh_ReasonPhrase_3,Text,,"созывайте солдат, ибо"
Events/#DistantCity_To_EgyptianCity_ReasonPhrase_3,Text,,"благодаря силе нашего оружия,"
Events/#EgyptianCityAttacked_City_ReasonPhrase_3,Text,,"из-за давнего конфликта"
Events/#EgyptianCityAttacked_Pharaoh_ReasonPhrase_3,Text,,"алчущие новых завоеваний"
Events/#EgyptianCitySaved_ReasonPhrase_3,Text,,"благодаря доблести египетской армии,"
Events/#EgyptianCity_To_DistantCity_ReasonPhrase_1,Text,,"город {[city_name]}, горе тебе:"
Events/#EgyptianCity_To_DistantCity_ReasonPhrase_3,Text,,"город {[city_name]}, горе тебе:"
Events/#FamineRelief_City_ReasonPhrase_3,Text,,"жители теряют надежду — город {[city_name]} в беде, поскольку"
Events/#FamineRelief_Pharaoh_ReasonPhrase_3,Text,,"удача отвернулась от подданных фараона"
Events/#FloodFails_ReasonPhrase_3,Text,,"из-за засухи в Африке,"
Events/#GeneralRequest_City_ReasonPhrase_3,Text,,"чтобы удовлетворить потребности жителей,"
Events/#GeneralRequest_Pharaoh_ReasonPhrase_3,Text,,"чтобы пополнить запасы в своих владениях,"
Events/#Gift_City_ReasonPhrase_3,Text,,"поскольку вам не помешает помощь,"
Events/#Gift_Pharaoh_ReasonPhrase_3,Text,,"поскольку вам не помешает помощь,"
Events/#GoldMineCollapse_ReasonPhrase_3,Text,,"из-за движения песков,"
Events/#GreatFestival_City_ReasonPhrase_3,Text,,"поскольку {[city_name]} находится под покровительством {[god]},"
Events/#GreatFestival_Pharaoh_ReasonPhrase_3,Text,,"чтобы почтить божество,"
Events/#Invasion_Bedouin_ReasonPhrase_3,Text,,"чтобы утолить жажду богатства,"
Events/#Invasion_ForeignArmy_ReasonPhrase_3,Text,,"из-за их мечтаний об империи,"
Events/#Invasion_PharaohArmy_ReasonPhrase_3,Text,,"ваше положение в Царстве окончательно пошатнулось. Возможно, новые дары народу Египта ещё исправят дело, хотя уже сейчас"
Events/#KingdomRatingDown_ReasonPhrase_3,Text,,"из-за недовольства в Царстве,"
Events/#KingdomRatingUp_ReasonPhrase_3,Text,,"поскольку настали хорошие времена,"
Events/#LandTradeProblem_ReasonPhrase_3,Text,,"из-за сильных ветров,"
Events/#PerfectFlood_ReasonPhrase_3,Text,,"вас ждёт благая весть — вскоре в Африку придут обильные дожди"
Events/#PriceDown_ReasonPhrase_3,Text,,"из-за избытка товара во всём Царстве,"
Events/#PriceUp_ReasonPhrase_3,Text,,"из-за сокращения поставок по всему миру,"
Events/#SeaTradeProblem_ReasonPhrase_3,Text,,"бушуют штормы, и"
Events/#Threat_City_ReasonPhrase_3,Text,,"{[city_name]} жаждет славы, поэтому"
Events/#Threat_Pharaoh_ReasonPhrase_3,Text,,"фараон в дурном расположении духа, поэтому"
Events/#TradeRouteAvailable_ReasonPhrase_3,Text,,"благодаря дипломатическим усилиям,"
Events/#TradeRouteShutsDown_ReasonPhrase_3,Text,,"из-за политической нестабильности,"
Events/#UnderSiege_ReasonPhrase_3,Text,,"военные разведчики принесли ужасные вести. Похоже,"
Events/#WagesDown_ReasonPhrase_3,Text,,"в попытке сократить расходы,"
Events/#WagesUp_ReasonPhrase_3,Text,,"времена меняются, и теперь"
Events/#Notif_KingdomRoadBlocked_Content,Text,,"Часть города отрезана от Царского тракта. Пока вы не восстановите доступ, этот район будет приходить в упадок."
Events/#Notif_KingdomRoadBlocked_Title,Text,,Царский тракт недоступен
Events/#Notif_KingdomRoadObstructed_Content,Text,,"Недавние постройки перекрыли проходящий через эти земли Царский тракт."
Events/#Notif_KingdomRoadObstructed_Title,Text,,"Царский тракт перекрыт"
Events/#GreatFestival_City_Title,Text,,
Events/#Notif_PyramidSpeedup_Title_Osiris,Text,,"Благословение строителей"
Events/#Notif_PyramidSpeedup_Title_Ra,Text,,"Благословение строителей"
Events/#Notif_PyramidSpeedup_Title_Ptah,Text,,"Благословение строителей"
Events/#Notif_PyramidSpeedup_Title_Seth,Text,,"Благословение строителей"
Events/#Notif_PyramidSpeedup_Title_Bast,Text,,"Благословение строителей"
Events/#Notif_PyramidSpeedup_Content_Minor,Text,,"{[god]} вознаграждает ваше почитание, помогая возвести монумент. Рабочие могут немного отдохнуть, пока прибывает милостивый дар. Его посылает {[god]}."
Events/#Notif_PyramidSpeedup_Content_Major,Text,,"{[god]} благосклонно принимает вашу преданность и желает значительно ускорить возведение монумента. Рабочим следует ненадолго отойти в сторону, пока прибывает щедрое благословение. Его источник — {[god]}."
Religion/#Wrath_Major_Osiris_Alt_Content,Text,,"Горе нам! Разгневанный тем, что вы не оказываете ему должного почтения, {[god]} насылает саранчу, чтобы уничтожить ваши посевы."
Religion/#Wrath_Major_Ra_Alt_Content,Text,,"Вы навлекли гнев {[god]}! Шайка алчных грабителей гробниц, жаждущих неправедной наживы, бесчинствует в нашем прекрасном городе!"
Religion/#Wrath_Major_Ptah_Alt_Content,Text,,"{[god]} возмущён тем, что вы отказываетесь поклоняться ему. Он насылает на город нашествие лягушек. Их склизкая кожа и отвратительное зловоние вынудят многих покинуть свои дома."
Religion/#Wrath_Major_Seth_Alt_Content,Text,,"В ярости от того, что вы не воздаёте ему почестей, {[god]} обрушивает на город град, который убивает всех, кто оказался на его пути!"
Religion/#Wrath_Major_Bast_Alt_Content,Text,,"Горе вам! {[god]} потрясена вашим равнодушием. Чтобы показать, что без поклонения ей вы не сможете сохранить здоровье города, она наполнила реку кровью, отравив воду. Остаётся надеяться, что жители продержатся, пока вода вновь не станет чистой."
Religion/#Blessing_Minor_Seth_Protect_Cont,Text,,"Сет помнит о своём обещании и защитит ваших солдат в будущей битве. Что бы ни случилось, ваши солдаты вернутся домой!"
Religion/#Blessing_Minor_Seth_Protect_Title,Text,,"Обещание Сета"
Events/#ConstructionProject_City_ReasonPhrase_2,Text,,", и работа предстоит немалая"
Events/#ConstructionProject_Pharaoh_ReasonPhrase_2,Text,,", и работа предстоит большая"
Events/#EventElapseInXMonths,Text,,"<color=white><b>{0}</b></color> мес. на выполнение"
MapEditor/#WorldMap_Export,Text,,Продаёт
MapEditor/#WorldMap_Import,Text,,Покупает
Menu/#In_Game_Saved,Text,,Игра сохранена
Menu/#In_Game_Saved_Desc,Text,,Игра успешно сохранена!
MapTimers/#MonthsUntilVictory_Plural,Text,,<color=white><b>{0}</b> мес. до победы</color>
MapTimers/#MonthsUntilVictory_Singular,Text,,<color=white><b>{0}</b> месяц до победы</color>
MapTimers/#MonthsLeft_Plural,Text,,<color=white><b>{0}</b> мес. на выполнение</color>
MapTimers/#MonthsLeft_Singular,Text,,<color=white><b>{0}</b> месяц на выполнение</color>
Buildings/#FortArchers_troops,Text,,Лучников в этом форте: <color=white><b>{0}</b></color>.
Buildings/#FortInfantery_troops_0,Text,,В этом форте <color=white><b>нет солдат</b></color>.
Buildings/#FortInfantery_troops_1,Text,,В этом форте размещён лишь <color=white><b>один</b></color> солдат.
Buildings/#FortArchers_upgrade_button,Text,,"Вооружить лучников (<color=white><b>{0}</b></color>) <sprite name=""CompositeBows"">композитными луками"
Buildings/#FortArchers_upgrade_full,Text,,"Каждый лучник в форте вооружён лучшим составным луком<sprite name=""CompositeBows""> во всем Египте!"
Buildings/#FortArchers_upgrade_none,Text,,"Лучники вооружены простыми луками. Сделайте составные луки<sprite name=""CompositeBows""> из дерева<sprite name=""Wood"">, чтобы усилить ваших людей."
Buildings/#FortArchers_upgrade_one,Text,,"Лишь <color=white><b>один</b></color> лучник в этом форте вооружён <sprite name=""CompositeBows"">композитным луком."
Buildings/#FortArchers_upgrade_state,Text,,"<color=white><b>{0}</b></color> — столько ваших лучников вооружено <sprite name=""CompositeBows"">композитными луками и лучше защищено в бою."
Buildings/#FortCharioteers_troops,Text,,Колесничих в этом форте: <color=white><b>{0}</b></color>.
Buildings/#FortCharioteers_troops_0,Text,,В этом форте <color=white><b>нет колесничих</b></color>.
Buildings/#FortCharioteers_troops_1,Text,,В этом форте размещён лишь <color=white><b>один</b></color> колесничий.
Buildings/#FortInfantery_troops,Text,,Солдат в этом форте: <color=white><b>{0}</b></color>.
Buildings/#FortArchers_troops_0,Text,,В этом форте совсем <color=white><b>нет лучников</b></color>.
Buildings/#FortArchers_troops_1,Text,,В этом форте размещён лишь <color=white><b>один</b></color> одинокий лучник.
Buildings/#FortInfantery_upgrade_button,Text,,"Снабдить солдат (<color=white><b>{0}</b></color>) <sprite name=""Shields"">щитами"
Buildings/#FortInfantery_upgrade_full,Text,,"Все солдаты в этом форте полностью вооружены <sprite name=""Weapons"">оружием и <sprite name=""Shields"">щитами."
Buildings/#FortInfantery_upgrade_none,Text,,"У воинов в форте нет щитов<sprite name=""Shields"">. Сделайте их из шкур<sprite name=""Hides"">, чтобы усилить ваших людей."
Buildings/#FortInfantery_upgrade_one,Text,,"Лишь <color=white><b>один</b></color> солдат в этом форте снабжён щитом<sprite name=""Shields"">."
Buildings/#FortInfantery_upgrade_state,Text,,"<color=white><b>{0}</b></color> — столько ваших солдат снабжено <sprite name=""Shields"">щитами и лучше защищено в бою."
Buildings/#PalaceCity,Text,,Дворец города
Buildings/#PalaceTown,Text,,Дворец поселения
Buildings/#FerryLanding_tooltip,Text,,"Позволяет жителям пересекать водные преграды, на которых нельзя построить мост."
Buildings/#ThisFerryLanding_workers_0,Text,,"<color=white><b>ВНИМАНИЕ!</b></color>
На этой переправе нет рабочих. Переправляться могут только переселенцы."
Buildings/#OtherFerryLanding_workers_0,Text,,"<color=white><b>ВНИМАНИЕ!</b></color>
На связанной переправе нет рабочих. Переправляться могут только переселенцы."
Buildings/#MilitaryAcademy_flavor,Text,,"Завершив основную подготовку у вербовщика, новобранцы совершенствуют свои навыки и боевые качества в этой школе."
Buildings/#MilitaryAcademy_workers_0,Text,,"Без работников некому совершенствовать навыки новых воинов. Им придётся сразу отправиться в форты и надеяться на лучшее."
Buildings/#TransportWharf_noship,Text,,"Наш транспортный корабль ещё не построен."
Buildings/#WarshipWharf_noship,Text,,"Наш боевой корабль ещё не построен."
Buildings/#LandFertility,Text,,"Плодородие земли: <color=white><b>{0}</b></color>%."
Buildings/#Recruiter_workers_1,Text,,"При столь малом числе работников обучение новых воинов идёт крайне медленно."
Buildings/#Recruiter_workers_100,Text,,"Мы обучаем новых воинов с наибольшей эффективностью."
Buildings/#Recruiter_workers_33,Text,,"Нам не хватает работников, поэтому обучение новых воинов идёт медленно."
Buildings/#Recruiter_workers_66,Text,,"Из-за нехватки работников мы обучаем новых воинов медленнее."
Buildings/#Recruiter_archers,Text,,"Мы можем обучать лучников и часовых."
Buildings/#Recruiter_infantry,Text,,"У нас есть оружие для обучения пехоты."
Buildings/#Recruiter_infantry_nostock,Text,,"Без запаса оружия мы не можем обучать пехоту."
Buildings/#Recruiter_charioteers,Text,,"У нас есть колесницы для обучения колесничих."
Buildings/#Recruiter_charioteers_nostock,Text,,"Без запаса колесниц мы не можем обучать колесничих."
Buildings/#Recruiter_notneeded,Text,,"На данный момент мы не ведём обучение новобранцев, так как для фортов и башен пополнение не требуется."
Buildings/#ReedGatherer_tooltip,Text,,"Отправляет пятерых сборщиков собирать тростник <sprite name=""Reeds""> на болотах."
Buildings/#HuntingLodge_tooltip,Text,,"Отправляет охотников добывать <sprite name=""GameMeat"">дичь. Также получает <sprite name=""Hides"">шкуры антилоп."
Buildings/#WoodCutter_tooltip,Text,,"Отправляет лесорубов добывать как можно больше древесины <sprite name=""Wood"">."
Tutorial/Nubt_Step_32_Content,Text,,"Разносчики какое-то время ходят по дорогам города, доставляя товары или оказывая услуги, а затем возвращаются в своё здание.
<b>На перекрёстке они могут выбрать любое направление</b>. Чтобы разносчики не терялись и не попадали в нежелательные районы, <b>не создавайте дорожную сеть с чрезмерным количеством перекрёстков</b>. Это относится и к вербовщикам, поэтому размещайте здания с учётом их маршрутов."
Tutorial/Timna_Step_04_Content,Text,,"Исход сражений в игре рассчитывается автоматически. Каждый ваш отряд обладает определённой боевой ценностью, а каждая действующая башня увеличивает общую силу армии.
Если ваша армия сильнее противника, почти все здания уцелеют, даже когда битва происходит в городе. При примерно равных силах сопутствующий ущерб будет больше.
Здания в оборонительных зонах не обрушатся и не загорятся.
Но будьте осторожны: победить можно и более слабой армией, однако при этом укрепления могут пострадать, открыв хорошо защищённые районы города для яростной атаки врага."
#Meadow Farm,Text,,"Луговая ферма"
#Floodplain Farm,Text,,"Пойменная ферма"
#Building,Text,,Постройка
#Companies,Text,,Отряды
#Company,Text,,Отряд
#Soldier,Text,,Солдат
#Soldiers,Text,,Солдаты
#Victory_Duration,Text,,Миссия завершена за
#Warship,Text,,Военный корабль
#Warships,Text,,Военные корабли
Building/#Bazaar,Text,,Базар
Building/#Granary,Text,,Амбар
Building/#StorageYard,Text,,Склад
Buildings/#Academy,Text,,Военная школа
Buildings/#Administration,Text,,Управление
Buildings/#Altar_built,Text,,В храмовом комплексе уже есть алтарь.
Buildings/#AmonAltar,Text,,Алтарь Амона
Buildings/#AnubisAltar,Text,,Алтарь Анубиса
Buildings/#Apothecary,Text,,Аптека
Buildings/#Apothecary_flavor,Text,,"Аптекарь обходит дома, находящиеся в его ведении, и заботится о здоровье местных жителей. В богатых районах без него не обойтись."
Buildings/#Apothecary_tooltip,Text,,"Дома, которые посещает аптекарь, лучше защищены от малярии."
Buildings/#Apothecary_workers_0,Text,,"Аптека не работает, некому позаботиться о здоровье местных жителей."
Buildings/#Apothecary_workers_1,Text,,Аптека работает и снабжает местных жителей настойками и мазями.
Buildings/#ArchitectPost,Text,,Пост архитектора
Buildings/#ArchitectPost_Architect_In,Text,,Наш архитектор скоро начнёт обход.
Buildings/#ArchitectPost_Architect_Out,Text,,Наш архитектор работает в поте лица.
Buildings/#ArchitectPost_flavor,Text,,Никто не способен превзойти мастерство египетских архитекторов. Их бдительность оберегает здания от обрушения.
Buildings/#ArchitectPost_tooltip,Text,,Направляет архитектора осматривать улицы для профилактики обрушений зданий.
Buildings/#ArchitectPost_workers_0,Text,,"Архитекторов нет, район подвергается воздействию разрушительных песков."
Buildings/#ArchitectPost_workers_1,Text,,У нас работает очень мало рабочих. Мы едва можем позволить себе один обход архитектора в месяц.
Buildings/#ArchitectPost_workers_100,Text,,Нет никаких простоев. Наши архитекторы постоянно проверяют и ремонтируют крупные здания.
Buildings/#ArchitectPost_workers_25,Text,,"Архитекторов слишком мало, между обходами проходит по крайней мере две недели."
Buildings/#ArchitectPost_workers_50,Text,,"Не хватает рабочих, приходится ждать неделю между обходами архитекторов."
Buildings/#ArchitectPost_workers_75,Text,,"Приходится ждать день-другой, чтобы перегруженный работой архитектор совершил очередной обход."
Buildings/#ArtisansGuild,Text,,Артель художников
Buildings/#ArtisansGuild_flavor,Text,,"Здесь художники создают штукатурку из глины и замешивают краски перед тем, как отправиться украшать гробницы."
Buildings/#ArtisansGuild_stock_clay_0,Text,,"Артель не сможет посылать художников украшать гробницу, пока не получит запас глины."
Buildings/#ArtisansGuild_stock_paint_0,Text,,Художники не смогут украшать гробницу без краски из мастерской или со склада.
Buildings/#ArtisansGuild_storage_clay,Text,,"Глина<sprite name=""Clay"">: {0} мер."
Buildings/#ArtisansGuild_storage_paint,Text,,"Краска<sprite name=""Paint"">: {0} мер."
Buildings/#ArtisansGuild_tooltip,Text,,"Отправляет художников на работу над монументом при наличии краски <sprite name=""Paint""> и глины <sprite name=""Clay"">."
Buildings/#ArtisansGuild_workers_0,Text,,"В этой артели нет мастеров, некому присылать художников."
Buildings/#ArtisansGuild_workers_1,Text,,"Краска в гробнице успевает высохнуть. Если не нанять больше рабочих, украшение гробницы займёт целую вечность."
Buildings/#ArtisansGuild_workers_100,Text,,"В этой артели собралась разномастная братия художников, споро и умело расписывающих внутренние покои гробниц."
Buildings/#ArtisansGuild_workers_25,Text,,"Этой артели нужно гораздо больше рабочих. Те немногие художники трудятся не покладая рук над украшением гробницы, но им нужна помощь."
Buildings/#ArtisansGuild_workers_50,Text,,"Артель делает всё возможное, чтобы обеспечить гробницу художниками, но их не хватает."
Buildings/#ArtisansGuild_workers_75,Text,,"В артели не хватает пары художников, поэтому украшение гробниц идёт чуть медленнее."
Buildings/#Bandstand,Text,,Эстрада
Buildings/#Bandstand_J_M,Text,,На этой площади жители могут посмотреть увлекательные выступления жонглёров и послушать местных музыкантов.
Buildings/#Bandstand_J_NoM,Text,,"На этой площади выступают жонглёры. Их представления понравятся публике ещё больше, если рядом будут играть музыканты."
Buildings/#Bandstand_JugglingShow,Text,,Жонглёры будут развлекать публику ещё {0} дней.
Buildings/#Bandstand_MusicalShow,Text,,Музыканты будут играть ещё {0} д.
Buildings/#Bandstand_NoJ_M,Text,,"На этой площади музыканты услаждают слух публики, однако не хватает весёлых жонглёров."
Buildings/#Bandstand_NoJ_NoM,Text,,На этой площади никто не выступает. Для яркого выступления здесь нужны жонглёры и музыканты.
Buildings/#Bandstand_NoJugglingShow,Text,,Жонглёры не выступают
Buildings/#Bandstand_NoMusicalShow,Text,,Музыканты не выступают
Buildings/#Bandstand_flavor,Text,,Сюда жители приходят поглазеть на трюки жонглёров и послушать музыку.
Buildings/#Bandstand_tooltip,Text,,Здесь проводятся выступления жонглёров и музыкантов при наличии соответствующих школ. Необходимо размещать на перекрёстках.
Buildings/#Bandstand_workers_0,Text,,Эта площадь безлюдна. Никто не развлекает местную публику.
Buildings/#BarleyFarm,Text,,Ферма ячменя
Buildings/#BarleyFarm_disabled,Text,,Ваш торговый советник приказал прекратить выращивание ячменя.
Buildings/#BarleyFarm_flavor,Text,,"Ячмень — важный продукт для производства пива, без которого невозможно существование нашей цивилизации."
Buildings/#BarleyFarm_harvest,Text,,Следующий урожай ячменя: {[Month]}.
Buildings/#BarleyFarm_tooltip,Text,,"Производит ячмень <sprite name=""Barley"">. Урожай в феврале и августе, если разместить на лугу."
Buildings/#BarleyFarm_workers_0,Text,,На ферме нет рабочих. Поля не вспаханы.
Buildings/#BarleyFarm_workers_1,Text,,"На ферме почти нет рабочих, скоро египтянам придётся пить воду вместо пива."
Buildings/#BarleyFarm_workers_100,Text,,"На ферме достаточно рабочих. Она приносит столько урожая, сколько позволяет земля."
Buildings/#BarleyFarm_workers_25,Text,,"На ферме так мало рабочих, что ячменя едва хватает на производство «светлого» пива."
Buildings/#BarleyFarm_workers_50,Text,,На ферме не хватает рабочих. Урожай ячменя мог бы быть гораздо лучше.
Buildings/#BarleyFarm_workers_75,Text,,На ферме есть незанятые рабочие места. С большим количеством рабочих она сможет выращивать больше ячменя.
Buildings/#BastShrine,Text,,Святилище Баст
Buildings/#BastShrine_flavor,Text,,"Ничьё жилище не убережётся, если Баст будет недовольна. Некоторые даже считают, что Баст может наслать и болезни."
Buildings/#BastShrine_title,Text,,Святилище Баст (домашний очаг)
Buildings/#BastShrine_tooltip,Text,,Улучшает настроение Баст. Можно разместить на расстоянии одной клетки от дороги.
Buildings/#BastTemple,Text,,Храм Баст
Buildings/#BastTempleComplex,Text,,Храмовый комплекс Баст
Buildings/#BastTempleComplex_flavor,Text,,"Богиня домашнего очага Баст повышает благополучие вашего города, обеспечивая жителям более хорошие условия для жизни. Её сила столь велика, что она даже способна умилостивить других богов. И конечно же, если вы прогневаете Баст, город будут ждать страшные беды и разруха. Если воздвигнуть алтарь Исиды, богини-целительницы, она будет оберегать здоровье жителей и облегчит страдания, если они всё-таки заболеют. А оракул богини радости, любви и веселья Хатхор подбодрит ваш народ в трудную минуту."
Buildings/#BastTempleComplex_tooltip,Text,,В городе можно построить только один такой огромный храм и только одному богу. Значительно улучшает настроение Баст.
Buildings/#BastTemple_flavor,Text,,"Ничьё жилище не убережётся, если Баст будет недовольна. Некоторые даже считают, что Баст может наслать и болезни."
Buildings/#BastTemple_title,Text,,Храм Баст (домашний очаг)
Buildings/#BastTemple_tooltip,Text,,Улучшает настроение Баст.
Buildings/#Bazaar,Text,,Базар
Buildings/#Bazaar_TraderBack,Text,,Торговка с базара возвращается с новой провизией.
Buildings/#Bazaar_TraderIn,Text,,"Торговка с базара здесь, ждёт пишу."
Buildings/#Bazaar_TraderOut,Text,,Торговка с базара отправилась разносить товары.
Buildings/#Bazaar_flavor,Text,,"Наши базары обеспечивают всеми дарами Царства жителей окрестных домов. Каждому дому нужен доступ к базару, хотя жить рядом с ним никто не хочет."
Buildings/#Bazaar_stock_0,Text,,"На базаре есть торговцы, но в данный момент они ищут пищу и товары на продажу."
Buildings/#Bazaar_tooltip,Text,,Распространяет пищу и товары из амбаров и со складов среди жителей окрестных домов.
Buildings/#Bazaar_workers_0,Text,,Базар не работает и не снабжает товарами местных жителей.
Buildings/#Bazaar_workers_1,Text,,Базар работает и снабжает соседние дома всем необходимым.
Buildings/#Beautification,Text,,Благоустройство
Buildings/#Booth,Text,,Помост
Buildings/#Booth_J,Text,,"На этой площади выступают местные жонглёры, которые обычно собирают много зрителей."
Buildings/#Booth_JugglingShow,Text,,Выступление продлится ещё {0} дней.
Buildings/#Booth_NoJ,Text,,"На этой площади никто не выступает. Нужны опытные жонглёры, которые будут развлекать людей."
Buildings/#Booth_NoJugglingShow,Text,,Жонглёры не выступают
Buildings/#Booth_flavor,Text,,Сюда жители приходят поглазеть на представления жонглёров и просто повеселиться.
Buildings/#Booth_tooltip,Text,,Здесь выступают жонглёры из школы жонглёров. Необходимо размещать на повороте.
Buildings/#Booth_workers_0,Text,,"Здесь тихо, только ветер гуляет по площади. Нет артистов, которые могут порадовать жителей представлением."
Buildings/#BowMaker,Text,,Изготовитель луков
Buildings/#BowMaker_disabled,Text,,Торговый советник приказал прекратить производство композитных луков.
Buildings/#BowMaker_flavor,Text,,Лучшие мастера города изготавливают смертоносные составные луки ваших лучников.
Buildings/#BowMaker_stock_0,Text,,Эта мастерская не будет производить составные луки без поставок древесины со склада или от лесорубов.
Buildings/#BowMaker_storage,Text,,"Запасы древесины<sprite name=""Wood"">: {0} мер."
Buildings/#BowMaker_tooltip,Text,,"Производит композитные луки <sprite name=""CompositeBows""> из дерева <sprite name=""Wood"">."
Buildings/#BowMaker_workers_0,Text,,"В мастерской никого нет, оружие никто не производит."
Buildings/#BowMaker_workers_1,Text,,"Здесь почти нет рабочих, в этом году мастерская произведёт очень мало составных луков."
Buildings/#BowMaker_workers_100,Text,,"Мастерская работает в полную силу, быстро и качественно производя составные луки."
Buildings/#BowMaker_workers_25,Text,,В мастерской слишком мало рабочих. Производство составных луков идёт очень медленно.
Buildings/#BowMaker_workers_50,Text,,"Мастерской не хватает рабочих, она производит составные луки не так быстро, как могла бы."
Buildings/#BowMaker_workers_75,Text,,"Производство составных луков пойдёт полным ходом, если нанять ещё больше рабочих."
Buildings/#Brewery,Text,,Пивоварня
Buildings/#Brewery_disabled,Text,,По приказу торгового советника производство пива остановлено.
Buildings/#Brewery_flavor,Text,,"Здесь из ячменя варят пиво, без которого дома сенета будут пусты, а городские праздники — скучными. Также пиво — очень востребованный товар."
Buildings/#Brewery_stock_0,Text,,"На этой пивоварне не могут сварить пива, пока не получат ячмень со склада или фермы."
Buildings/#Brewery_storage,Text,,"Запасы ячменя<sprite name=""Barley"">: {0} мер."
Buildings/#Brewery_tooltip,Text,,"Производит пиво <sprite name=""Beer""> из ячменя <sprite name=""Barley"">."
Buildings/#Brewery_workers_0,Text,,В пивоварне нет рабочих. Пива тоже не будет.
Buildings/#Brewery_workers_1,Text,,"Здесь почти нет рабочих, пивоварня вряд ли сможет произвести достаточно пива в этом году."
Buildings/#Brewery_workers_100,Text,,"Полностью укомплектованная пивоварня работает изо всех сил, дабы утолить жажду египтян."
Buildings/#Brewery_workers_25,Text,,В этой пивоварне слишком мало рабочих. Производство пива идёт очень медленно.
Buildings/#Brewery_workers_50,Text,,В пивоварне не хватает рабочих. Производство пива занимает больше времени.
Buildings/#Brewery_workers_75,Text,,Эта пивоварня работает не в полную силу. Производство пива немного снижено.
Buildings/#BricklayersGuild,Text,,Артель каменщиков
Buildings/#BricklayersGuild_disabled,Text,,Работа этой артели остановлена вашим торговым советником.
Buildings/#BricklayersGuild_flavor,Text,,"Здесь каменщики общаются между собой, делятся секретами профессии, находят задания и закладывают планы на будущее."
Buildings/#BricklayersGuild_info,Text,,Эта артель обеспечивает город умелыми мастерами для возведения монументов. Запасов кирпичей не требуется.
Buildings/#BricklayersGuild_tooltip,Text,,Отправляет каменщиков на работу над монументом.
Buildings/#BricklayersGuild_workers_0,Text,,В этой артели нет мастеров. Некому класть кирпич.
Buildings/#BricklayersGuild_workers_1,Text,,"В этой артели почти нет работников, каменщика приходится дожидаться целую вечность."
Buildings/#BricklayersGuild_workers_100,Text,,В этой артели достаточно рабочих. Каменщики работают с максимальной эффективностью.
Buildings/#BricklayersGuild_workers_25,Text,,Здесь работает мало людей. Приходится подолгу ожидать начала работ.
Buildings/#BricklayersGuild_workers_50,Text,,"В этой артели не хватает рук, поэтому работает меньше каменщиков."
Buildings/#BricklayersGuild_workers_75,Text,,Эта артель работает не в полную силу. Работа идёт немного медленнее.
Buildings/#Brickworks,Text,,Кирпичная мастерская
Buildings/#Brickworks_disabled,Text,,Ваш торговый советник распорядился остановить производство кирпича.
Buildings/#Brickworks_flavor,Text,,Здесь из глины и соломы производят прочный и долговечный кирпич.
Buildings/#Brickworks_stock_clay_0,Text,,Для производства кирпича этой мастерской необходима глина со склада или из глиняного карьера.
Buildings/#Brickworks_stock_straw_0,Text,,Для производства кирпича этой мастерской необходима солома со склада или из глиняного карьера.
Buildings/#Brickworks_storage_clay,Text,,"Глина<sprite name=""Clay"">: {0} мер."
Buildings/#Brickworks_storage_straw,Text,,"Солома<sprite name=""Straw"">: {0} мер."
Buildings/#Brickworks_tooltip,Text,,"Производит кирпич <sprite name=""Bricks""> из глины <sprite name=""Clay""> и соломы <sprite name=""Straw"">."
Buildings/#Brickworks_workers_0,Text,,Здесь нет рабочих. Никто не производит кирпичи.
Buildings/#Brickworks_workers_1,Text,,"Здесь почти нет рабочих, в этом году мастерская произведёт очень мало кирпича."
Buildings/#Brickworks_workers_100,Text,,В этой мастерской достаточно рабочих. Производство кирпича идёт полным ходом.
Buildings/#Brickworks_workers_25,Text,,Здесь работает очень мало людей. Производство кирпича идёт очень медленно.
Buildings/#Brickworks_workers_50,Text,,Здесь не хватает рабочих. Производство кирпича занимает больше времени.
Buildings/#Brickworks_workers_75,Text,,"В этой мастерской есть свободные рабочие места, поэтому производство кирпича немного снижено."
Buildings/#Bridge,Text,,Мост
Buildings/#Bridge_tooltip,Text,,Позволяет жителям пересекать небольшие водные преграды.
Buildings/#Building,Text,,Постройка
Buildings/#Buildings_NoRoadAccess,Text,,Этой постройке необходим доступ к дороге
Buildings/#BurningRuin,Text,,Горящий остов
Buildings/#BurningRuin_flavor,Text,,"Пожарные не успели спасти здание. Когда пламя догорит, от сооружения останутся лишь обуглившиеся руины."
Buildings/#CarpentersGuild,Text,,Артель плотников
Buildings/#CarpentersGuild_disabled,Text,,Ваш торговый советник остановил работу артели.
Buildings/#CarpentersGuild_flavor,Text,,"Здесь плотники общаются между собой, делятся секретами профессии, находят задания и забивают на свои проблемы."
Buildings/#CarpentersGuild_stocks_0,Text,,Этой артели необходимы поставки древесины.
Buildings/#CarpentersGuild_storage,Text,,"Запасы древесины<sprite name=""Wood"">: {0} мер."
Buildings/#CarpentersGuild_tooltip,Text,,"Необходима для возведения некоторых монументов. Для работы необходимы поставки древесины<sprite name=""Wood"">."
Buildings/#CarpentersGuild_workers_0,Text,,В этой артели никого нет. Услуги плотников недоступны.
Buildings/#CarpentersGuild_workers_1,Text,,"В этой артели почти нет работников, плотника приходится дожидаться целую вечность."
Buildings/#CarpentersGuild_workers_100,Text,,В этой артели достаточно рабочих. Плотники работают с максимальной эффективностью.
Buildings/#CarpentersGuild_workers_25,Text,,Здесь работает мало людей. Приходится подолгу ожидать начала работ.
Buildings/#CarpentersGuild_workers_50,Text,,"В этой артели не хватает рук, поэтому работает меньше плотников."
Buildings/#CarpentersGuild_workers_75,Text,,Эта артель работает не в полную силу. Работа идёт немного медленнее.
Buildings/#CattleRanch,Text,,Скотоводческая ферма
Buildings/#CattleRanch_disabled,Text,,По приказу торгового советника производство мяса остановлено.
Buildings/#CattleRanch_flavor,Text,,"Мясо в рационе жителей сделает их сытыми. Мясо для местного потребления должно храниться в амбарах, а на продажу — на складах."
Buildings/#CattleRanch_tooltip,Text,,"Производит мясо <sprite name=""Meat""> из соломы <sprite name=""Straw"">."
Buildings/#CattleRanch_workers_0,Text,,На этой ферме нет рабочих. Все животные разбежались или погибли.
Buildings/#CattleRanch_workers_1,Text,,"Здесь почти нет рабочих, ферма выращивает очень мало скота."
Buildings/#CattleRanch_workers_100,Text,,На ферме достаточно рабочих. При наличии соломы мясо будет в огромном достатке.
Buildings/#CattleRanch_workers_25,Text,,На ферме слишком мало рабочих. Производится мало мяса.
Buildings/#CattleRanch_workers_50,Text,,На ферме не хватает рабочих. Она не может достичь планируемых показателей.
Buildings/#CattleRanch_workers_75,Text,,"Эта ферма может приносить больше мяса, если нанять больше рабочих."
Buildings/#ChariotMaker,Text,,Мастерская колесниц
Buildings/#ChariotMaker_disabled,Text,,Торговый советник приказал прекратить производство колесниц.
Buildings/#ChariotMaker_flavor,Text,,Здесь умелые мастера строят «боевые повозки» — грозное оружие Египта.
Buildings/#ChariotMaker_stock_0,Text,,"Эта мастерская не будет производить колесницы без поставок древесины и меди со склада, от лесорубов или медного рудника."
Buildings/#ChariotMaker_storage_copper,Text,,"Запасы меди<sprite name=""Copper"">: {0} мер."
Buildings/#ChariotMaker_storage_wood,Text,,"Запасы древесины<sprite name=""Wood"">: {0} мер."
Buildings/#ChariotMaker_tooltip,Text,,"Производит колесницы <sprite name=""Chariots""> из меди <sprite name=""Copper""> и дерева <sprite name=""Wood"">."
Buildings/#ChariotMaker_workers_0,Text,,"В мастерской никого нет, боевые колесницы никто не производит."
Buildings/#ChariotMaker_workers_1,Text,,"Здесь почти нет рабочих, в этом году мастерская произведёт очень мало колесниц."
Buildings/#ChariotMaker_workers_100,Text,,"Мастерская работает в полную силу, быстро и качественно производя колесницы."
Buildings/#ChariotMaker_workers_25,Text,,В мастерской слишком мало рабочих. Производство колесниц идёт очень медленно.
Buildings/#ChariotMaker_workers_50,Text,,"Мастерской не хватает рабочих, она производит колесницы не так быстро, как могла бы."
Buildings/#ChariotMaker_workers_75,Text,,"Производство колесниц пойдёт полным ходом, если нанять ещё больше рабочих."
Buildings/#ChickpeaFarm,Text,,Ферма нута
Buildings/#ChickpeaFarm_disabled,Text,,Торговый советник приказал остановить выращивание нута.
Buildings/#ChickpeaFarm_flavor,Text,,"Нут — универсальная культура, богатая белком и довольно популярная в рационе ваших людей."
Buildings/#ChickpeaFarm_harvest,Text,,Следующий урожай нута: {[Month]}.
Buildings/#ChickpeaFarm_tooltip,Text,,"Производит нут <sprite name=""Chickpeas"">. Урожай в апреле, если разместить на лугу."
Buildings/#ChickpeaFarm_workers_0,Text,,На ферме нет рабочих. Поля не вспаханы.
Buildings/#ChickpeaFarm_workers_1,Text,,"На ферме почти нет рабочих, урожай нута будет ничтожным."
Buildings/#ChickpeaFarm_workers_100,Text,,"На ферме достаточно рабочих. Она приносит столько урожая, сколько позволяет земля."
Buildings/#ChickpeaFarm_workers_25,Text,,На ферме слишком мало рабочих. Урожай нута далёк от максимального.
Buildings/#ChickpeaFarm_workers_50,Text,,"На ферме не хватает рабочих. Они будут собирать меньше нута, чем позволяет земля."
Buildings/#ChickpeaFarm_workers_75,Text,,На этой ферме можно нанять ещё больше рабочих. Она может выращивать больше нута.
Buildings/#CityPalace,Text,,Дворец города
Buildings/#CityPalace_tooltip,Text,,В этом огромном дворце хранится большая часть городских богатств. Позволяет собирать налоги. Размещается на покрытой травой земле.
Buildings/#ClayPit,Text,,Глиняный карьер
Buildings/#ClayPit_disabled,Text,,Торговый советник приказал остановить добычу глины.
Buildings/#ClayPit_flavor,Text,,"Добывайте глину для продажи или снабжения гончарных мастерских. Керамические изделия всегда пригодятся в хозяйстве, а ещё их можно выгодно продавать в другие города."
Buildings/#ClayPit_tooltip,Text,,"Размещается рядом с водой. Производит глину <sprite name=""Clay"">."
Buildings/#ClayPit_workers_0,Text,,В этом карьере некому добывать глину.
Buildings/#ClayPit_workers_1,Text,,В этом карьере почти нет рабочих. В этом году добыча глины будет ничтожной.
Buildings/#ClayPit_workers_100,Text,,"В этом карьере достаточно рабочих, глина добывается в большом количестве."
Buildings/#ClayPit_workers_25,Text,,"В этом карьере так мало рабочих, добыча глины идёт очень медленно."
Buildings/#ClayPit_workers_50,Text,,"В этом карьере не хватает рабочих, добыча глины занимает больше времени."
Buildings/#ClayPit_workers_75,Text,,Этот карьер работает не в полную силу. Добыча глины идёт немного медленнее.
Buildings/#Conservatory,Text,,Музыкальная школа
Buildings/#Conservatory_flavor,Text,,Египтяне всегда рады послушать свежие сочинения новых музыкантов.
Buildings/#Conservatory_tooltip,Text,,Отправляет музыкантов на эстрады и сцены.
Buildings/#Conservatory_workers_0,Text,,Школа без наставников не может готовить новых музыкантов.
Buildings/#Conservatory_workers_1,Text,,"Здесь нет никого, кроме меня. Я не могу работать в таких условиях! В лучшем случае я смогу обучить музыканта через три месяца."
Buildings/#Conservatory_workers_100,Text,,"С гордостью можем сообщить, что полностью укомплектованная школа готовит до четырёх музыкантов в месяц."
Buildings/#Conservatory_workers_25,Text,,"У нас так мало наставников, что мы с трудом можем подготовить одного музыканта за два месяца."
Buildings/#Conservatory_workers_50,Text,,"У нас только половина работников, поэтому в следующем месяце мы можем подготовить только одного музыканта."
Buildings/#Conservatory_workers_75,Text,,"Не хватает нескольких наставников, поэтому мы можем подготовить не больше двух музыкантов в месяц."
Buildings/#ConstructionSites,Text,,Строительные площадки
Buildings/#CopperMine,Text,,Медный рудник
Buildings/#CopperMine_disabled,Text,,Торговый советник приказал остановить добычу меди.
Buildings/#CopperMine_flavor,Text,,Из прочной и легко обрабатываемой меди изготавливается отличное оружие. Также её можно выгодно продавать.
Buildings/#CopperMine_tooltip,Text,,"Должен размещаться рядом с рудными жилами для производства меди <sprite name=""Copper"">."
Buildings/#CopperMine_workers_0,Text,,В этом руднике нет рабочих. Добыча остановлена.
Buildings/#CopperMine_workers_1,Text,,"Рабочих почти нет, и добыча практически прекратилась. В этом году добыча меди будет ничтожной."
Buildings/#CopperMine_workers_100,Text,,"На этом руднике достаточно рабочих, медь добывается в большом количестве."
Buildings/#CopperMine_workers_25,Text,,В этой постройке слишком мало рабочих Производство идёт очень медленно.
Buildings/#CopperMine_workers_50,Text,,В этом руднике не хватает рабочих. Добыча меди значительно снижена.
Buildings/#CopperMine_workers_75,Text,,"Рудник работает не в полную силу. Он будет приносить больше меди, если нанять больше рабочих."
Buildings/#Courthouse,Text,,Здание суда
Buildings/#Courthouse_Magistrate_In,Text,,Магистрат в своих покоях.
Buildings/#Courthouse_Magistrate_Out,Text,,Магистрат разрешает споры жителей на местах.
Buildings/#Courthouse_flavor,Text,,"Суды отправляют магистратов, выслушивающих все жалобы и тем самым помогающих снизить преступность. В хранилище суда содержится часть запасов казны."
Buildings/#Courthouse_tooltip,Text,,Снижает уровень преступности. Здесь хранится часть запасов казны.
Buildings/#Courthouse_workers_0,Text,,"В суде никого нет, и местным жителям приходится разрешать свои споры собственными силами."
Buildings/#Courthouse_workers_1,Text,,"Тут так мало магистратов, что выносимые решения кажутся случайными для жалобщиков."
Buildings/#Courthouse_workers_100,Text,,"В суде достаточно работников, чтобы рассматривать все жалобы и давать взвешенные решения."
Buildings/#Courthouse_workers_50,Text,,"Имея только половину работников, суд иногда выносит поспешные решения."
Buildings/#Courthouse_workers_75,Text,,"Испытывая небольшое недостаток в работниках, этот суд иногда не всегда успевает рассмотреть все жалобы."
Buildings/#DanceSchool,Text,,Школа танцев
Buildings/#DanceSchool_flavor,Text,,Танцовщицы услаждают взор публики изящными и волнующими движениями.
Buildings/#DanceSchool_tooltip,Text,,Отправляет танцовщиц на сцены.
Buildings/#DanceSchool_workers_0,Text,,Школа без наставников не может готовить новых танцовщиц.
Buildings/#DanceSchool_workers_1,Text,,"Здесь нет никого, кроме меня. Я не могу работать в таких условиях! В лучшем случае я смогу обучить танцовщицу через три месяца."
Buildings/#DanceSchool_workers_100,Text,,"С гордостью можем сообщить, что полностью укомплектованная школа готовит до четырёх танцовщиц в месяц."
Buildings/#DanceSchool_workers_25,Text,,"Нам так сильно нужны наставники, мы с трудом можем подготовить одну танцовщицу за два месяца."
Buildings/#DanceSchool_workers_50,Text,,"У нас только половина работников, поэтому в следующем месяце мы можем подготовить только одну танцовщицу."
Buildings/#DanceSchool_workers_75,Text,,"Не хватает нескольких наставников, поэтому мы можем подготовить не больше двух танцовщиц в месяц."
Buildings/#Defense,Text,,Оборонительные сооружения
Buildings/#Dentist,Text,,Дантист
Buildings/#Dentist_flavor,Text,,"Песок есть везде, даже в еде. От его постоянного воздействия на зубы для дантистов всегда найдётся работа."
Buildings/#Dentist_tooltip,Text,,Улучшает здравоохранение в городе. Требуется для строительства просторных резиденций.
Buildings/#Dentist_workers_0,Text,,"Дантист не работает, некому заботиться о зубах жителей соседних домов."
Buildings/#Dentist_workers_1,Text,,"Дантист работает, и жители соседних домов могут похвастаться ослепительными улыбками."
Buildings/#Distribution,Text,,Хранение и распределение
Buildings/#Dock,Text,,Пристань
Buildings/#Dock_docked_workers_0,Text,,Без грузчиков мы не можем обслужить пришвартованный корабль.
Buildings/#Dock_docked_workers_1,Text,,"Мы обслуживаем пришвартованный корабль, но грузчиков так мало, что на это уйдёт много времени."
Buildings/#Dock_docked_workers_100,Text,,"Все грузчики на месте, и мы можем быстро обслужить пришвартованный корабль."
Buildings/#Dock_docked_workers_50,Text,,"Мы обслуживаем пришвартованный корабль, однако работа пошла бы быстрее, будь у нас больше грузчиков."
Buildings/#Dock_empty_workers_0,Text,,"Рабочих нет, поэтому некому загружать и разгружать прибывающие корабли."
Buildings/#Dock_empty_workers_1,Text,,"Грузчиков так мало, что на разгрузку и погрузку кораблей уйдёт много времени."
Buildings/#Dock_empty_workers_100,Text,,Все рабочие на месте. Грузчики ожидают прибытия очередного корабля.
Buildings/#Dock_empty_workers_50,Text,,"Нам не хватает грузчиков, поэтому на разгрузку и погрузку кораблей уходит больше времени, чем обычно."
Buildings/#Dock_flavor,Text,,"Здесь швартуются торговые корабли со всего света, продавая и покупая всевозможные товары. Без пристани нельзя вести водную торговлю."
Buildings/#Dock_order_dont_trade,Text,,Не торговать
Buildings/#Dock_order_trade,Text,,Торговать
Buildings/#Dock_tooltip,Text,,Здесь торговые корабли обмениваются товарами. Не забывайте строить поблизости склады!
Buildings/#DynastyMansion,Text,,Особняк династии
Buildings/#DynastyMansion_tooltip,Text,,"Одна из самых великолепных резиденций в Египте, и она принадлежит вам! Даёт вам право назначать себе жалование. Размещается на покрытой травой земле."
Buildings/#Education,Text,,Образование
Buildings/#Entertainment,Text,,Развлечения
Buildings/#FamilyMansion,Text,,Семейный особняк
Buildings/#FamilyMansion_tooltip,Text,,Прекрасный особняк для вас и вашего рода. Даёт вам право назначать себе жалование. Размещается на покрытой травой земле.
Buildings/#FarmBarley,Text,,Ферма ячменя
Buildings/#FarmChickpea,Text,,Ферма нута
Buildings/#FarmFigs,Text,,Ферма инжира
Buildings/#FarmFlax,Text,,Ферма льна
Buildings/#FarmGrain,Text,,Ферма зерна
Buildings/#FarmHenna,Text,,Ферма хны
Buildings/#FarmLettuce,Text,,Ферма латука
Buildings/#FarmPomegranate,Text,,Ферма гранатов
Buildings/#Farm_Irrigated_No,Text,,Ферма не орошается.
Buildings/#Farm_Irrigated_Yes,Text,,Ферма орошается.
Buildings/#Farm_Nextflood,Text,,Следующий разлив: {[Month]}.
Buildings/#Farm_Nile_empty,Text,,Для этой фермы нужны рабочие из рабочего лагеря.
Buildings/#Farm_Nile_staffed,Text,,"Эта ферма полностью укомплектована рабочими, возделывающими поля."
Buildings/#Farm_Plagued,Text,,"Эта ферма пострадала от нашествия саранчи, и на её восстановление уйдёт некоторое время."
Buildings/#FerryLanding,Text,,Переправа
Buildings/#FerryLanding_noroad,Text,,ВНИМАНИЕ! Переправа на другом берегу не соединена с дорогой. Переправляться могут только переселенцы.
Buildings/#FerryLanding_notwin,Text,,ВНИМАНИЕ! На другом берегу нет переправы. Переправа невозможна.
Buildings/#FerryLanding_workers_0,Text,,ВНИМАНИЕ! На переправе на другом берегу не хватает рабочих. Переправляться могут только переселенцы.
Buildings/#FestivalSquare,Text,,Праздничная площадь
Buildings/#FestivalSquare_flavor,Text,,"Когда вы прикажете советнику по религии устроить праздник в честь одного из богов, здесь соберутся жители для торжества."
Buildings/#FestivalSquare_nofestival,Text,,"Проведите праздник, чтобы развлечь людей и умилостивить богов."
Buildings/#FestivalSquare_ongoing_festival,Text,,Праздник в самом разгаре.
Buildings/#FestivalSquare_tooltip,Text,,Площадь может размещаться только на пересечении дорог. Здесь можно проводить праздники в честь богов вашего города.
Buildings/#FigFarm,Text,,Ферма инжира
Buildings/#FigFarm_disabled,Text,,Торговый советник приказал остановить выращивание инжира.
Buildings/#FigFarm_flavor,Text,,"Инжир — важная часть сбалансированного рациона, благотворно влияющая на здоровье и счастье."
Buildings/#FigFarm_harvest,Text,,Следующий урожай инжира: {[Month]}.
Buildings/#FigFarm_tooltip,Text,,"Производит инжир<sprite name=""Figs"">. Урожай в сентябре, если разместить на лугу."
Buildings/#FigFarm_workers_0,Text,,На ферме нет рабочих. Деревья одичали и не плодоносят.
Buildings/#FigFarm_workers_1,Text,,"На ферме почти нет рабочих, вряд ли здесь можно ждать урожай инжира."
Buildings/#FigFarm_workers_100,Text,,"На ферме достаточно рабочих. Она приносит столько урожая, сколько позволяет земля."
Buildings/#FigFarm_workers_25,Text,,На ферме слишком мало рабочих. Урожай инжира далёк от максимального.
Buildings/#FigFarm_workers_50,Text,,"На ферме не хватает рабочих. Они будут собирать меньше инжира, чем позволяет земля."
Buildings/#FigFarm_workers_75,Text,,"Ферма будет приносить больше инжира, если нанять больше рабочих."
Buildings/#Firehouse,Text,,Пожарный пост
Buildings/#Firehouse_Marshal_In,Text,,Наш пожарный готовится к обходу.
Buildings/#Firehouse_Marshal_Out,Text,,Наш пожарный патрулирует улицы.
Buildings/#Firehouse_flavor,Text,,Пожарные посты отправляют пожарных для недопущения возгораний и тушения пожаров.
Buildings/#Firehouse_tooltip,Text,,Защищает здания от пожаров. Пожарные могут потушить вспыхнувшее пламя.
Buildings/#Firehouse_workers_0,Text,,Без работников даже этот пожарный пост является возможным источником возгорания.
Buildings/#Firehouse_workers_1,Text,,Здесь работают только служащие. Часто пожарных на улицах нет целый месяц.
Buildings/#Firehouse_workers_100,Text,,"Расписание дежурств полностью заполнено. Наши пожарные всегда на посту, выслеживая любые признаки малейшего возгорания."
Buildings/#Firehouse_workers_25,Text,,У нас слишком мало людей. Часто мы не можем выпустить пожарного на обход в течение двух недель.
Buildings/#Firehouse_workers_50,Text,,Пожарных не хватает. Перерыв между обходами может затягиваться на неделю.
Buildings/#Firehouse_workers_75,Text,,Пожарных немного не хватает. Районы города патрулируются с перерывом в день или два.
Buildings/#FishingWharf,Text,,Рыбацкий причал
Buildings/#FishingWharf_disabled,Text,,Торговый советник приказал остановить рыбную ловлю.
Buildings/#FishingWharf_dockedboat,Text,,Мы готовим лодку к очередному лову рыбы.
Buildings/#FishingWharf_fishing,Text,,Наша лодка прибыла на рыбное место и начала ловить рыбу.
Buildings/#FishingWharf_flavor,Text,,"Лодки, построенные на верфи, набирают здесь команду для ловли рыбы. Каждый причал обслуживает одну рыбацкую лодку."
Buildings/#FishingWharf_fromfishingpoint,Text,,Наша лодка возвращается назад с уловом рыбы.
Buildings/#FishingWharf_fromshipwright,Text,,Наша лодка отправляется на причал.
Buildings/#FishingWharf_noboat,Text,,"Мы ждём, пока на верфи не построят нам рыбацкую лодку."
Buildings/#FishingWharf_nofishingpoint,Text,,"Рыбаки надеются, что когда-нибудь здесь появится рыба. Им не на что жить, если воды пустуют."
Buildings/#FishingWharf_plague,Text,,Наша лодка не поплывёт по этой загрязнённой воде!
Buildings/#FishingWharf_tofishingpoint,Text,,Наша лодка отправилась к рыбному месту.
Buildings/#FishingWharf_tooltip,Text,,"Как только с верфи сюда прибудет лодка, она отправится ловить рыбу <sprite name=""Fish""> в ближайшем рыбном месте."
Buildings/#FlaxFarm,Text,,Ферма льна
Buildings/#FlaxFarm_disabled,Text,,Торговый советник приказал остановить выращивание льна.
Buildings/#FlaxFarm_flavor,Text,,"Лён поставляется в ткацкие мастерские, где из волокна прядётся ткань, которую затем используют в моргах для бальзамирования или отправляют на продажу."
Buildings/#FlaxFarm_harvest,Text,,Следующий урожай льна: {[Month]}.
Buildings/#FlaxFarm_tooltip,Text,,"Производит лён<sprite name=""Flax"">. Урожай в декабре, если разместить на лугу."
Buildings/#FlaxFarm_workers_0,Text,,На ферме нет рабочих. Лен здесь не растёт.
Buildings/#FlaxFarm_workers_1,Text,,"На ферме почти нет рабочих, землю даже не успевают вспахать."
Buildings/#FlaxFarm_workers_100,Text,,На ферме достаточно рабочих. Поля усыпаны голубыми цветами льна.
Buildings/#FlaxFarm_workers_25,Text,,"На ферме слишком мало рабочих, поэтому урожай льна сильно снижен."
Buildings/#FlaxFarm_workers_50,Text,,"На ферме не хватает рабочих. Стебли льна не такие плотные и крепкие, как могли бы быть."
Buildings/#FlaxFarm_workers_75,Text,,"Ферма работает не в полную силу. Она будет приносить больше льна, если нанять больше рабочих."
Buildings/#FoodAndFarming,Text,,Пища и земледелие
Buildings/#FoodFarm,Text,,Фермы (пища)
Buildings/#FoodWorkCamp,Text,,Рабочий лагерь
Buildings/#Fort,Text,,Форт
Buildings/#FortArchers,Text,,Форт: лучники
Buildings/#FortArchers_tooltip,Text,,Здесь между сражениями отдыхают лучники.
Buildings/#FortCharioteers,Text,,Форт: колесничие
Buildings/#FortCharioteers_tooltip,Text,,Здесь между сражениями отдыхают колесничие.
Buildings/#FortInfantery,Text,,Форт: пехотинцы
Buildings/#FortInfantery_tooltip,Text,,Здесь между сражениями отдыхают пехотинцы.
Buildings/#FortInfantry,Text,,Форт: пехотинцы
Buildings/#Fort_curse,Text,,"Этот форт проклял Сет, и сюда ещё долго не решится ступить ни один воин."
Buildings/#Fort_flavor,Text,,Форты набирают воинов из пункта вербовки. Военная школа может обеспечить вас более опытными отрядами.
Buildings/#Fort_full,Text,,"Форт полностью укомплектован. Постройте новые форты, чтобы ваша армия росла!"
Buildings/#Game_Order,Text,,Особые указания
Buildings/#Game_Order_Accept,Text,,Принимать
Buildings/#Game_Order_AcceptAll,Text,,Принимать всё
Buildings/#Game_Order_AcceptNone,Text,,Ничего не принимать
Buildings/#Game_Order_Buy,Text,,Покупать
Buildings/#Game_Order_DontAccept,Text,,Не принимать
Buildings/#Game_Order_DontBuy,Text,,Не покупать
Buildings/#Game_Order_Empty,Text,,Опустошить
Buildings/#Game_Order_GetMaximum,Text,,Получить
Buildings/#Game_Quantity,Text,,Количество
Buildings/#Game_Throw_Good,Text,,Выбросить товары
Buildings/#Game_Throw_Good_Description,Text,,"Вы уверены, что хотите выбросить эти товары?"
Buildings/#Gardens,Text,,Сады
Buildings/#Gardens_flavor,Text,,"В этом прохладном зелёном оазисе жители могут укрыться от зноя, шума и пыли. Все мечтают о саде рядом с домом."
Buildings/#Gardens_tooltip,Text,,Повышает привлекательность близлежащих домов.
Buildings/#Gatehouse,Text,,Ворота
Buildings/#Gatehouse_flavor,Text,,"В стене должны быть ворота, чтобы через них свободно проходили переселенцы и торговцы."
Buildings/#Gatehouse_tooltip,Text,,"Часть стены, где размещён проход в город. Служит заграждением."
Buildings/#GemstoneMine,Text,,Рудник самоцветов
Buildings/#GemstoneMine_disabled,Text,,"Торговый советник посчитал, что в городе достаточно самоцветов, и прекратил добычу."
Buildings/#GemstoneMine_flavor,Text,,Добывает самоцветы на продажу или для изготовления украшений — основного предмета роскоши для ваших жителей.
Buildings/#GemstoneMine_tooltip,Text,,"Должен размещаться рядом со скалами для производства самоцветов <sprite name=""Gems"">."
Buildings/#GemstoneMine_workers_0,Text,,В этом руднике нет рабочих. Драгоценные камни навсегда заточены в грубой породе.
Buildings/#GemstoneMine_workers_1,Text,,"Здесь почти нет рабочих, самоцветов никто не добывает."
Buildings/#GemstoneMine_workers_100,Text,,"На этом руднике достаточно рабочих, горы самоцветов ждут своего часа."
Buildings/#GemstoneMine_workers_25,Text,,"На руднике мало рабочих, поэтому добыча самоцветов идёт очень медленно."
Buildings/#GemstoneMine_workers_50,Text,,В этом руднике не хватает рабочих. Добыча самоцветов значительно снижена.
Buildings/#GemstoneMine_workers_75,Text,,"На руднике есть незанятые рабочие места, добыча самоцветов чуть меньше максимальной."
Buildings/#GoldMine,Text,,Золотой рудник
Buildings/#GoldMine_disabled,Text,,Торговый советник приказал остановить добычу золота.
Buildings/#GoldMine_flavor,Text,,"Добыча золота — самый простой способ пополнить городскую казну. Удача благоволит тому городу, у которого есть столь ценный ресурс, ибо его богатство обеспечено."
Buildings/#GoldMine_tooltip,Text,,"Должен размещаться рядом с рудными жилами для производства золота <sprite name=""Gold"">, которое отправляется во дворец для чеканки дебенов <sprite name=""Deben"">."
Buildings/#GoldMine_workers_0,Text,,В этом руднике нет рабочих. Некому добывать руду.
Buildings/#GoldMine_workers_1,Text,,"Рабочих почти нет, и добыча практически прекратилась. Золота будет очень мало."
Buildings/#GoldMine_workers_100,Text,,"На этом руднике достаточно рабочих, золото добывается в большом количестве."
Buildings/#GoldMine_workers_25,Text,,"На руднике слишком мало рабочих, поэтому добыча золота весьма скудная."
Buildings/#GoldMine_workers_50,Text,,В этом руднике не хватает рабочих. Добыча золота значительно снижена.
Buildings/#GoldMine_workers_75,Text,,"Рудник работает не в полную силу. Он будет приносить больше золота, если нанять больше рабочих."
Buildings/#Goods,Text,,Производство товаров
Buildings/#GrainFarm,Text,,Ферма зерна
Buildings/#GrainFarm_disabled,Text,,Торговый советник приказал остановить выращивание зерна.
Buildings/#GrainFarm_flavor,Text,,"Зерно для местного потребления должно храниться в амбарах, а на продажу — на складах."
Buildings/#GrainFarm_harvest,Text,,Следующий урожай зерна: {[Month]}.
Buildings/#GrainFarm_tooltip,Text,,"Производит зерно<sprite name=""Grain""> и 100 мер соломы <sprite name=""Straw"">. Урожай в мае и январе, если разместить на лугу."
Buildings/#GrainFarm_workers_0,Text,,На ферме нет рабочих. Даже сорняки тут с трудом растут.
Buildings/#GrainFarm_workers_1,Text,,"На ферме почти нет рабочих, в этом году будет мало зерна."
Buildings/#GrainFarm_workers_100,Text,,"На ферме достаточно рабочих. Она приносит столько урожая, сколько позволяет земля."
Buildings/#GrainFarm_workers_25,Text,,На ферме слишком мало рабочих. Урожай зерна весьма скудный.
Buildings/#GrainFarm_workers_50,Text,,"На ферме не хватает рабочих. Урожай не такой богатый, как мог бы быть."
Buildings/#GrainFarm_workers_75,Text,,"Ферма будет более продуктивной, если нанять больше рабочих."
Buildings/#Granary,Text,,Амбар
Buildings/#Granary_flavor,Text,,"Пока амбары полны, жители сыты и в город тянутся новые поселенцы. Амбар может хранить все виды пищи."
Buildings/#Granary_tooltip,Text,,"Здесь могут храниться все виды пищи: нут <sprite name=""Chickpeas"">, инжир <sprite name=""Figs"">, рыба <sprite name=""Fish"">, дичь <sprite name=""GameMeat"">, зерно <sprite name=""Grain"">, латук <sprite name=""Lettuce"">, мясо <sprite name=""Meat""> и гранаты <sprite name=""Pomegranate"">."
Buildings/#GraniteQuarry,Text,,Гранитный карьер
Buildings/#GraniteQuarry_disabled,Text,,Торговый советник приказал остановить добычу гранита.
Buildings/#GraniteQuarry_flavor,Text,,"Из тяжёлых блоков гранита, высекаемого здесь из недр земли, создаются величественные обелиски."
Buildings/#GraniteQuarry_tooltip,Text,,"Должен размещаться рядом со скалами. Производит гранит <sprite name=""Granite"">."
Buildings/#GraniteQuarry_workers_0,Text,,В этом карьере нет рабочих. Добыча остановлена.
Buildings/#GraniteQuarry_workers_1,Text,,"Рабочих почти нет, и добыча практически прекратилась. В этом году добыча гранита будет ничтожной."
Buildings/#GraniteQuarry_workers_100,Text,,"На этом руднике достаточно рабочих, вкалывающих на полную силу для добычи гранита."
Buildings/#GraniteQuarry_workers_25,Text,,Здесь работает мало людей. Карьер производит очень мало гранита.
Buildings/#GraniteQuarry_workers_50,Text,,В карьере не хватает рабочих. Добыча гранита занимает больше времени.
Buildings/#GraniteQuarry_workers_75,Text,,"Карьер работает не в полную силу. Он будет работать лучше, если нанять больше рабочих."
Buildings/#GuildArtisans,Text,,Артель художников
Buildings/#GuildBricklayers,Text,,Артель каменщиков
Buildings/#GuildCarpenters,Text,,Артель плотников
Buildings/#GuildStonemasons,Text,,Артель каменотёсов
Buildings/#Guilds,Text,,Артели
Buildings/#HathorOracle,Text,,Оракул Хатхор
Buildings/#Health,Text,,Гигиена
Buildings/#HennaFarm,Text,,Ферма хны
Buildings/#HennaFarm_disabled,Text,,Торговый советник приказал остановить производство хны.
Buildings/#HennaFarm_flavor,Text,,"Здесь выращивается лучшая хна, из которой мастера делают яркие краски для украшения стен гробниц."
Buildings/#HennaFarm_harvest,Text,,Следующий урожай хны: {[Month]}.
Buildings/#HennaFarm_tooltip,Text,,"Производит хну<sprite name=""Henna"">. Урожай в декабре, если разместить на лугу."
Buildings/#HennaFarm_workers_0,Text,,Без рабочих на ферме некому выращивать хну.
Buildings/#HennaFarm_workers_1,Text,,"Поля стоят незасеянными. Чтобы выращивать хну, нужно больше рабочих."
Buildings/#HennaFarm_workers_100,Text,,"На ферме достаточно рабочих. Они вовсю трудятся в поле, взращивая урожай."
Buildings/#HennaFarm_workers_25,Text,,"На ферме слишком мало рабочих, поэтому урожай хны сильно снижен."
Buildings/#HennaFarm_workers_50,Text,,На ферме не хватает рабочих для возделывания всего поля хны.
Buildings/#HennaFarm_workers_75,Text,,"Эта ферма может собрать больше хны, если нанять больше рабочих."
Buildings/#HorusOracle,Text,,Оракул Гора
Buildings/#Housing,Text,,Жильё
Buildings/#Housing_tooltip,Text,,Разметьте место под жильё для новых переселенцев.
Buildings/#Hover_NoRoads,Text,,Этой постройке необходим доступ к дороге!
Buildings/#Hover_UnconnectedPoints,Text,,Точки входа и выхода данной постройки не подсоединены!
Buildings/#HuntingLodge,Text,,Охотничья хижина
Buildings/#HuntingLodge_DistantPreyPoint,Text,,Доставка добычи занимает слишком много времени. Разместите хижину ближе к месту обитания диких животных.
Buildings/#HuntingLodge_HuntersOut,Text,,Охотники отправились на поиски добычи.
Buildings/#HuntingLodge_disabled,Text,,Торговый советник распорядился прекратить охоту.
Buildings/#HuntingLodge_flavor,Text,,Работающие здесь люди охотятся на диких животных. Из хижины охотника дичь поступает на склады и в амбары.
Buildings/#HuntingLodge_storage_Hides,Text,,"Запасы шкур<sprite name=""Hides"">: {0} мер."
Buildings/#HuntingLodge_storage_Meat,Text,,"Запасы дичи<sprite name=""GameMeat"">: {0} мер."
Buildings/#HuntingLodge_workers_0,Text,,В хижине нет работников. Охоты не будет.
Buildings/#HuntingLodge_workers_1,Text,,"Охотников почти нет, и диким животным ничто не угрожает. А вот жителей ждёт голодное время..."
Buildings/#HuntingLodge_workers_100,Text,,В этой хижине достаточно рабочих. Охотники выслеживают любую дичь в округе.
Buildings/#HuntingLodge_workers_25,Text,,Здесь работает мало людей. Охота идёт очень вяло.
Buildings/#HuntingLodge_workers_50,Text,,Охотников не хватает. Добыча мяса занимает больше времени.
Buildings/#HuntingLodge_workers_75,Text,,Эта хижина работает не в полную силу. Производство пищи идёт немного медленнее.
Buildings/#Hygiene,Text,,Гигиена
Buildings/#Industry,Text,,Производственные здания
Buildings/#IndustryShutDown,Text,,Производство остановлено
Buildings/#Irrigation,Text,,Орошение
Buildings/#IrrigationDitch,Text,,Оросительный канал
Buildings/#IrrigationDitch_nsource,Text,,"Оросительный канал не соединён с источником воды, поэтому вода не поступает в неплодородные районы."
Buildings/#IrrigationDitch_tooltip,Text,,При соединении с шадуфом орошает близлежащие фермы.
Buildings/#IrrigationDitch_working,Text,,"Вода, поступающая по оросительному каналу, насыщает наши угодья."
Buildings/#IsisAltar,Text,,Алтарь Исиды
Buildings/#Jeweler,Text,,Ювелирная мастерская
Buildings/#Jeweler_disabled,Text,,Советник по торговле приказал остановить производство украшений.
Buildings/#Jeweler_flavor,Text,,"Местные мастера создают из самоцветов украшения (предмет роскоши). В украшениях нуждаются отдельные категории жителей, а излишки можно продавать в другие города, хотя это не приносит большой прибыли."
Buildings/#Jeweler_stock_0,Text,,Для изготовления украшений этой мастерской необходимы поставки самоцветов со склада или из рудника.
Buildings/#Jeweler_storage,Text,,"Запасы самоцветов<sprite name=""Gems"">: {0} мер."
Buildings/#Jeweler_tooltip,Text,,"Создаёт украшения <sprite name=""Jewelry""> из самоцветов <sprite name=""Gems"">."
Buildings/#Jeweler_workers_0,Text,,"В этой мастерской нет ювелиров, здесь ничего не производится."
Buildings/#Jeweler_workers_1,Text,,"Здесь почти нет мастеров, в этом году ювелирная мастерская произведёт очень мало украшений."
Buildings/#Jeweler_workers_100,Text,,"Мастерская полностью укомплектована, создание украшений идёт полным ходом."
Buildings/#Jeweler_workers_25,Text,,Здесь работает слишком мало мастеров. Изготовление украшений идёт очень медленно.
Buildings/#Jeweler_workers_50,Text,,Ювелиров не хватает. Создание украшений занимает больше времени.
Buildings/#Jeweler_workers_75,Text,,В мастерской есть незанятые рабочие места. Производство украшений пойдёт быстрее если их заполнить.
Buildings/#JugglerSchool,Text,,Школа жонглёров
Buildings/#JugglerSchool_flavor,Text,,Публика всегда жаждет посмотреть на изобретательные трюки новых жонглёров.
Buildings/#JugglerSchool_tooltip,Text,,"Отправляет жонглёров во все места развлечения: помосты, эстрады и сцены."
Buildings/#JugglerSchool_workers_0,Text,,Эта школа заброшена. Без наставников новых жонглёров обучать невозможно.
Buildings/#JugglerSchool_workers_1,Text,,"Здесь нет никого, кроме меня. Я не могу работать в таких условиях! В лучшем случае я смогу обучить жонглёра через три месяца."
Buildings/#JugglerSchool_workers_100,Text,,"С гордостью можем сообщить, что полностью укомплектованная школа готовит до четырёх жонглёров в месяц."
Buildings/#JugglerSchool_workers_25,Text,,"Нам так сильно нужны наставники, мы с трудом можем подготовить одного жонглёра за два месяца."
Buildings/#JugglerSchool_workers_50,Text,,"У нас только половина работников, поэтому в следующем месяце мы можем подготовить только одного жонглёра."
Buildings/#JugglerSchool_workers_75,Text,,"Не хватает нескольких наставников, поэтому мы можем подготовить не больше двух жонглёров в месяц."
Buildings/#LampMaker,Text,,Изготовитель ламп
Buildings/#LampMaker_disabled,Text,,Тушите свет! Ваш торговый советник приказал остановить производство ламп.
Buildings/#LampMaker_flavor,Text,,"Здесь рабочие наполняют горшки маслом, создавая долго горящие лампы."
Buildings/#LampMaker_stock_oil_0,Text,,Для производства ламп этой мастерской необходимо масло со склада.
Buildings/#LampMaker_stock_pottery_0,Text,,Для производства ламп этой мастерской необходима керамика со склада или из гончарной мастерской.
Buildings/#LampMaker_storage_oil,Text,,"Запасы масла<sprite name=""Oil"">: {0} мер."
Buildings/#LampMaker_storage_pottery,Text,,"Запасы керамики<sprite name=""Pottery"">: {0} мер."
Buildings/#LampMaker_tooltip,Text,,"Производит лампы <sprite name=""Lamp""> из масла <sprite name=""Oil""> и керамики <sprite name=""Pottery"">."
Buildings/#LampMaker_workers_0,Text,,В этой мастерской не делают лампы. Здесь нет рабочих.
Buildings/#LampMaker_workers_1,Text,,"Производство ламп почти остановилось. Чтобы ускорить его, нужно больше мастеров."
Buildings/#LampMaker_workers_100,Text,,"Здесь хватает рабочих, мастерская без задержек и простоев производит лампы."
Buildings/#LampMaker_workers_25,Text,,"Мастерской нужно больше рабочих. Те, что есть, стараются изо всех сил, но производство ламп все равно идёт очень медленно."
Buildings/#LampMaker_workers_50,Text,,"В мастерской не хватает рабочих, и производство ламп замедлилось."
Buildings/#LampMaker_workers_75,Text,,"В этой мастерской есть свободные рабочие места, поэтому производство ламп немного снижено."
Buildings/#LargeGarden,Text,,Большие сады
Buildings/#LargeStatue,Text,,Большие статуи
Buildings/#LettuceFarm,Text,,Ферма латука
Buildings/#LettuceFarm_disabled,Text,,Торговый советник распорядился прекратить выращивание латука.
Buildings/#LettuceFarm_flavor,Text,,"Латук разнообразит рацион ваших жителей, благотворно влияя на здоровье и счастье. Латук для местного потребления должен храниться в амбарах, а на продажу — на складах."
Buildings/#LettuceFarm_harvest,Text,,Следующий урожай латука: {[Month]}.
Buildings/#LettuceFarm_tooltip,Text,,"Производит латук<sprite name=""Lettuce"">. Урожай в апреле, если разместить на лугу."
Buildings/#LettuceFarm_workers_0,Text,,На ферме нет рабочих. На полях ничего не растёт.
Buildings/#LettuceFarm_workers_1,Text,,"Некому следить за всходами, рекордного урожая латука ждать не стоит."
Buildings/#LettuceFarm_workers_100,Text,,"На ферме достаточно рабочих. Здесь выращивается столько латука, сколько позволяет земля."
Buildings/#LettuceFarm_workers_25,Text,,"На ферме слишком мало рабочих, поэтому урожай латука сильно снижен."
Buildings/#LettuceFarm_workers_50,Text,,"На ферме не хватает рабочих. Латук не такой крупный, как мог бы быть."
Buildings/#LettuceFarm_workers_75,Text,,"Ферма работает не в полную силу, поэтому она принесёт меньше урожая, чем могла бы."
Buildings/#Library,Text,,Библиотека
Buildings/#Library_flavor,Text,,"Здесь пишут и хранят всевозможные сочинения. Писцы настаивают, что библиотеки жизненно важны для существования города."
Buildings/#Library_stock,Text,,"Запасы папируса<sprite name=""Papyrus"">: {0} мер."
Buildings/#Library_tooltip,Text,,"Для строительства требуется также 500 мер папируса <sprite name=""Papyrus"">. При регулярных поставках папируса <sprite name=""Papyrus""> повышает уровень образования в городе."
Buildings/#Library_workers_0,Text,,"В этой библиотеке нет рабочих, папируса или того и другого. Она не приносит пользы."
Buildings/#Library_workers_1,Text,,"Пока в библиотеке есть работники и папирус, она приносит жителям пользу."
Buildings/#LimestoneQuarry,Text,,Известняковый карьер
Buildings/#LimestoneQuarry_disabled,Text,,Ваш торговый советник приказал прекратить добычу известняка.
Buildings/#LimestoneQuarry_flavor,Text,,Добывайте известняк для строительства монументов или продажи.
Buildings/#LimestoneQuarry_tooltip,Text,,"Должен размещаться рядом со скалами. Производит известняк <sprite name=""Limestone"">."
Buildings/#LimestoneQuarry_workers_0,Text,,"В этом карьере нет рабочих, известняк не добывается."
Buildings/#LimestoneQuarry_workers_1,Text,,"Здесь почти нет рабочих, добыча известняка исчезающе мала."
Buildings/#LimestoneQuarry_workers_100,Text,,"В этом карьере достаточно рабочих, известняк добывается в большом количестве."
Buildings/#LimestoneQuarry_workers_25,Text,,В этой постройке слишком мало рабочих. Производство идёт очень медленно.
Buildings/#LimestoneQuarry_workers_50,Text,,В карьере не хватает рабочих. Добыча известняка занимает больше времени.
Buildings/#LimestoneQuarry_workers_75,Text,,"Карьер работает не в полную силу. Он будет работать лучше, если нанять больше рабочих."
Buildings/#LookingForLabor,Text,,Ищем работников.
Buildings/#MaatAltar,Text,,Алтарь Маат
Buildings/#Mansion,Text,,Особняк
Buildings/#MansionDynasty,Text,,Особняк династии
Buildings/#MansionFamily,Text,,Семейный особняк
Buildings/#MansionPersonal,Text,,Личный особняк
Buildings/#Mansion_Deben,Text,,Дебенов в месяц
Buildings/#Mansion_Royal1,Text,,Жалование царского учёного
Buildings/#Mansion_Royal2,Text,,Жалование царского писца
Buildings/#Mansion_Royal3,Text,,Жалование царского судьи
Buildings/#Mansion_Royal4,Text,,Жалование царского градоначальника
Buildings/#Mansion_Royal5,Text,,Жалование царского наместника
Buildings/#Mansion_Royal6,Text,,Жалование номарха
Buildings/#Mansion_Royal7,Text,,Жалование казначея
Buildings/#Mansion_Royal8,Text,,Жалование визиря
Buildings/#Mansion_Royal9,Text,,Жалование фараона
Buildings/#Mansion_Village1,Text,,Жалование старейшины
Buildings/#Mansion_Village2,Text,,Жалование вельможи
Buildings/#Mansion_flavor,Text,,Ваше жилище — одно из самых привлекательных мест в городе. Особняк даёт вам право назначать себе жалование.
Buildings/#ManufacturedGoods,Text,,Произведённые товары
Buildings/#MeatFish,Text,,Производство мяса и рыбы
Buildings/#MediumGarden,Text,,Средние сады
Buildings/#MediumStatue,Text,,Средние статуи
Buildings/#Military,Text,,Военные сооружения
Buildings/#MilitaryAcademy,Text,,Военная школа
Buildings/#MilitaryAcademy_tooltip,Text,,Обучает новобранцев перед назначением в форт.
Buildings/#MilitaryAcademy_workers_1,Text,,"Мы обучаем зелёных новобранцев от вербовщика дополнительными приёмами, которые обязательно пригодятся им в службе в египетской армии."
Buildings/#MinOracle,Text,,Оракул Мина
Buildings/#MineCopper,Text,,Медный рудник
Buildings/#MineGem,Text,,Рудник самоцветов
Buildings/#MineGold,Text,,Золотой рудник
Buildings/#Mines,Text,,Рудники
Buildings/#Monuments,Text,,Монументы
Buildings/#Mortuary,Text,,Морг
Buildings/#Mortuary_flavor,Text,,"Никто не желает жить рядом с моргом, но он может спасти многие жизни, когда ударит эпидемия. У города должна быть возможность бальзамировать тела умерших."
Buildings/#Mortuary_stock,Text,,"Запасы ткани<sprite name=""Linen"">: {0} мер."
Buildings/#Mortuary_stock_0,Text,,Без ткани невозможно подготовить мёртвых к их вечному путешествию.
Buildings/#Mortuary_tooltip,Text,,"При регулярных поставках ткани <sprite name=""Linen""> защищает город от болезней и повышает уровень здоровья."
Buildings/#Mortuary_workers_0,Text,,Морг не работает и не может готовить тела усопших к путешествию в загробный мир.
Buildings/#Mortuary_workers_1,Text,,Морг работает и быстро и умело мумифицирует усопших.
Buildings/#Municipal,Text,,Администрирование
Buildings/#Naval,Text,,Причалы
Buildings/#NoLabor,Text,,Нет рабочих
Buildings/#NoWorkersNearby,Text,,Рядом не живут рабочие.
Buildings/#NonFoodFarm,Text,,Фермы (другое)
Buildings/#Oracle_built,Text,,В храмовом комплексе уже есть оракул.
Buildings/#Order_Quota_Empty,Text,,пусто
Buildings/#Order_Quota_Full,Text,,всё
Buildings/#Order_Quota_Half,Text,,до 1/2
Buildings/#Order_Quota_Quarter,Text,,до 1/4
Buildings/#Order_Quota_ThreeQuarter,Text,,до 3/4
Buildings/#OsirisShrine,Text,,Святилище Осириса
Buildings/#OsirisShrine_flavor,Text,,Осирис несёт плодородие в земли и заботится о росте урожая. Умилостивите его или готовьтесь голодать.
Buildings/#OsirisShrine_title,Text,,Святилище Осириса (земледелие)
Buildings/#OsirisShrine_tooltip,Text,,Улучшает настроение Осириса. Можно разместить на расстоянии одной клетки от дороги.
Buildings/#OsirisTemple,Text,,Храм Осириса
Buildings/#OsirisTempleComplex,Text,,Храмовый комплекс Осириса
Buildings/#OsirisTempleComplex_flavor,Text,,"Осирис является богом разливов Нила и всего живого в загробном мире. Завоевав его благосклонность, ваш город получит благословение обильного разлива, приносящего в поля плодородный ил. Он также может увеличить урожай. Благодаря алтарю Себека, бога плодородия, жрецы Осириса помогают жителям использовать запасы пищи и других товаров более экономно. Оракул Мина, бога перерождения, дарует силы дикой природе: дикие животные и рыбы плодятся в больших количествах, а некоторые растения зреют быстрее."
Buildings/#OsirisTempleComplex_tooltip,Text,,В городе можно построить только один такой огромный храм и только одному богу. Значительно улучшает настроение Осириса.
Buildings/#OsirisTemple_flavor,Text,,Осирис несёт плодородие в земли и заботится о росте урожая. Умилостивите его или готовьтесь голодать.
Buildings/#OsirisTemple_title,Text,,Храм Осириса (земледелие)
Buildings/#OsirisTemple_tooltip,Text,,Улучшает настроение Осириса.
Buildings/#PaintMaker,Text,,Изготовитель красок
Buildings/#PaintMaker_disabled,Text,,Ваш торговый советник остановил производство красок.
Buildings/#PaintMaker_flavor,Text,,"Здесь хну растирают в порошок и превращают в краску, с помощью которой художники богато украшают стены царских гробниц."
Buildings/#PaintMaker_stock_0,Text,,Для изготовления краски этой мастерской необходима хна из фермы или со склада.
Buildings/#PaintMaker_storage,Text,,"Хна<sprite name=""Henna"">: {0} мер."
Buildings/#PaintMaker_tooltip,Text,,"Производит краску <sprite name=""Paint""> из хны <sprite name=""Henna"">."
Buildings/#PaintMaker_workers_0,Text,,В мастерской не осталось ни одного рабочего. А без них и краску делать некому.
Buildings/#PaintMaker_workers_1,Text,,В мастерской работают единицы. Их сил едва хватает на производство краски.
Buildings/#PaintMaker_workers_100,Text,,"Здесь хватает рабочих, мастерская производит краску в кратчайшие сроки."
Buildings/#PaintMaker_workers_25,Text,,Мастерской нужно больше рабочих. Производство краски идёт очень медленно.
Buildings/#PaintMaker_workers_50,Text,,"Мастерской не хватает рабочих, она производит краски не так быстро, как могла бы."
Buildings/#PaintMaker_workers_75,Text,,"В мастерской небольшая нехватка рабочих, поэтому производство краски чуть ниже максимальной."
Buildings/#Palace,Text,,Дворец
Buildings/#PalaceVillage,Text,,Дворец деревни
Buildings/#Palace_flavor,Text,,"Дворец — одно из самых привлекательных зданий в городе и краеугольный камень его экономики. Здесь золотые слитки превращаются в дебены, а также хранится часть денежных запасов города."
Buildings/#PapyrusMaker,Text,,Мастерская папируса
Buildings/#PapyrusMaker_disabled,Text,,Торговый советник распорядился прекратить изготовление папируса.
Buildings/#PapyrusMaker_flavor,Text,,"Здесь из стеблей тростника делают папирус, используемый в учебных заведениях для записи текстов и распространения знаний. Также папирус можно выгодно продавать."
Buildings/#PapyrusMaker_stock_0,Text,,Эта мастерская не будет производить папирус без поставок тростника со склада или от сборщиков.
Buildings/#PapyrusMaker_storage,Text,,"Запасы тростника<sprite name=""Reeds"">: {0} мер."
Buildings/#PapyrusMaker_tooltip,Text,,"Производит папирус<sprite name=""Papyrus""> из тростника<sprite name=""Reeds"">."
Buildings/#PapyrusMaker_workers_0,Text,,"В мастерской никого нет, поэтому она ничего не производит."
Buildings/#PapyrusMaker_workers_1,Text,,"Здесь почти нет рабочих, в этом году мастерская произведёт очень мало папируса."
Buildings/#PapyrusMaker_workers_100,Text,,"Мастерская работает в полную силу, быстро и качественно производя папирус."
Buildings/#PapyrusMaker_workers_25,Text,,В этой мастерской слишком мало рабочих. Производство папируса идёт очень медленно.
Buildings/#PapyrusMaker_workers_50,Text,,"Мастерской не хватает рабочих, она производит папирус не так быстро, как могла бы."
Buildings/#PapyrusMaker_workers_75,Text,,"Производство папируса пойдёт полным ходом, если нанять ещё больше рабочих."
Buildings/#PartialLabor,Text,,Частичная занятость
Buildings/#Pavilion,Text,,Сцена
Buildings/#Pavilion_DanceShow,Text,,Танцовщицы будут выступать ещё {0} дней.
Buildings/#Pavilion_J_M_D,Text,,"На этой площади проходит нескончаемая череда выступлений танцовщиц, музыкантов и жонглёров на радость местным жителям."
Buildings/#Pavilion_J_M_NoD,Text,,"На этой площади есть жонглёры и музыканты, но для красочного представления не хватает танцовщиц."
Buildings/#Pavilion_J_NoM_D,Text,,"На этой площади выступают танцовщицы и жонглёры, однако без музыкантов программа остаётся неполной."
Buildings/#Pavilion_J_NoM_NoD,Text,,"На этой площади выступают жонглёры, но пустуют площадки для музыкантов и танцовщиц."
Buildings/#Pavilion_JugglingShow,Text,,Жонглёры будут выступать ещё {0} дней.
Buildings/#Pavilion_MusicalShow,Text,,Музыканты будут выступать ещё {0} дней.
Buildings/#Pavilion_NoDanceShow,Text,,Танцовщицы не выступают
Buildings/#Pavilion_NoJ_M_D,Text,,"На этой площади выступают танцовщицы и музыканты, но жители не откажутся посмотреть на жонглёров."
Buildings/#Pavilion_NoJ_M_NoD,Text,,"На этой площади есть музыканты, но нет жонглёров и танцовщиц."
Buildings/#Pavilion_NoJ_NoM_D,Text,,"На этой площади есть танцовщицы, но им тяжело выступать без музыки. Жонглёры тоже не помешают."
Buildings/#Pavilion_NoJ_NoM_NoD,Text,,"На этой площади никто не выступает. Публику привлекут танцовщицы, музыканты и жонглёры."
Buildings/#Pavilion_NoJugglingShow,Text,,Жонглёры не выступают
Buildings/#Pavilion_NoMusicalShow,Text,,Музыканты не выступают
Buildings/#Pavilion_flavor,Text,,"Танцы, музыка и трюки... чего ещё можно желать?"
Buildings/#Pavilion_tooltip,Text,,"Здесь проводятся выступления жонглёров, музыкантов и танцовщиц при наличии соответствующих школ. Необходимо размещать на перекрёстке."
Buildings/#Pavilion_workers_0,Text,,"Эта площадь закрыта. Пока артистов нет, смотреть не на что."
Buildings/#PerformanceVenues,Text,,Места выступлений
Buildings/#PersonalMansion,Text,,Личный особняк
Buildings/#PersonalMansion_tooltip,Text,,Ваше собственное жилище! Даёт вам право назначать себе жалование. Размещается на покрытой травой земле.
Buildings/#Physician,Text,,Лекарь
Buildings/#Physician_flavor,Text,,"Как говорится, ешь большой гранат на ужин — лекарь будет вам не нужен. Лекари улучшают здоровье жителей во время обхода."
Buildings/#Physician_tooltip,Text,,Защищает жителей от болезней и повышает уровень здоровья в городе.
Buildings/#Physician_workers_0,Text,,"Лекарь не работает, некому позаботиться о здоровье местных жителей."
Buildings/#Physician_workers_1,Text,,"Лекарь работает, и местные жители здоровы и полны сил."
Buildings/#PlainStoneQuarry,Text,,Каменный карьер
Buildings/#PlainStoneQuarry_disabled,Text,,Торговый советник приказал прекратить добычу камня.
Buildings/#PlainStoneQuarry_flavor,Text,,"Здесь добывается камень. По всему Египту возводятся величественные монументы, так что покупателя строительного камня вы всегда найдёте, даже если вам он не нужен."
Buildings/#PlainStoneQuarry_tooltip,Text,,"Должен размещаться рядом со скалами. Производит камень <sprite name=""Plainstone"">."
Buildings/#PlainStoneQuarry_workers_0,Text,,"В этом карьере нет рабочих, некому добывать камень."
Buildings/#PlainStoneQuarry_workers_1,Text,,"В карьере почти нет рабочих, и производство практически прекратилось. В этом году добыча будет невелика."
Buildings/#PlainStoneQuarry_workers_100,Text,,"В этом карьере достаточно рабочих, камень добывается в большом количестве."
Buildings/#PlainStoneQuarry_workers_25,Text,,В карьере слишком мало рабочих. Камень добывается очень медленно.
Buildings/#PlainStoneQuarry_workers_50,Text,,В карьере не хватает рабочих. Добыча камня занимает больше времени.
Buildings/#PlainStoneQuarry_workers_75,Text,,Карьер работает не в полную силу из-за небольшой нехватки рабочих.
Buildings/#Plaza,Text,,Плитки
Buildings/#Plaza_flavor,Text,,"Плитки делают мощёные дороги более привлекательными, не мешая движению людей."
Buildings/#Plaza_tooltip,Text,,Размещаются на мощёных дорогах для повышения привлекательности.
Buildings/#PoliceStation,Text,,Городская стража
Buildings/#PoliceStation_flavor,Text,,Городская стража отправляет стражников в город для поддержания закона. Гражданский порядок обеспечивается  регулярным патрулированием города.
Buildings/#PoliceStation_goldstolen,Text,,Украдено золота в этом году: {0}.
Buildings/#PoliceStation_thefts,Text,,Краж в этом году: {0}.
Buildings/#PoliceStation_tooltip,Text,,Предотвращает преступления в окрестностях. Стражники могут обезвреживать воров.
Buildings/#PoliceStation_walker_in,Text,,Наш стражник готовится к обходу.
Buildings/#PoliceStation_walker_out,Text,,Наш стражник патрулирует улицы.
Buildings/#PoliceStation_workers_0,Text,,Без работников даже этот участок подвержен вандализму.
Buildings/#PoliceStation_workers_1,Text,,Здесь работают только служащие. Часто стражников на улицах нет целый месяц.
Buildings/#PoliceStation_workers_100,Text,,Расписание дежурств полностью заполнено. Наши стражники бдительно выискивают малейшие проявления преступности.
Buildings/#PoliceStation_workers_25,Text,,У нас слишком мало людей. Часто мы пропускаем преступления в течение двух недель.
Buildings/#PoliceStation_workers_50,Text,,"Стражников не хватает. Иной раз улицы не патрулируется целую неделю, и преступники этим пользуются."
Buildings/#PoliceStation_workers_75,Text,,Стражников немного не хватает. Районы города патрулируются с перерывом в день или два.
Buildings/#PomegranateFarm,Text,,Ферма гранатов
Buildings/#PomegranateFarm_disabled,Text,,Выращивание гранатов остановлено по приказу торгового советника.
Buildings/#PomegranateFarm_flavor,Text,,"Гранаты разнообразит рацион ваших жителей, благотворно влияя на здоровье и счастье. Гранаты для местного потребления должны храниться в амбарах, а на продажу — на складах."
Buildings/#PomegranateFarm_harvest,Text,,Следующий урожай гранатов: {[Month]}.
Buildings/#PomegranateFarm_tooltip,Text,,"Производит гранаты <sprite name=""Pomegranate"">. Урожай в июне и ноябре, если разместить на лугу."
Buildings/#PomegranateFarm_workers_0,Text,,"На ферме нет рабочих, деревья больны и не плодоносят."
Buildings/#PomegranateFarm_workers_1,Text,,"На ферме почти нет рабочих, урожай гранатов будет разочаровывающим."
Buildings/#PomegranateFarm_workers_100,Text,,"На ферме достаточно рабочих. Деревья приносят столько плодов, сколько позволяет земля."
Buildings/#PomegranateFarm_workers_25,Text,,На ферме слишком мало рабочих. Урожай гранатов будет небольшим.
Buildings/#PomegranateFarm_workers_50,Text,,"На ферме не хватает рабочих. Урожай гранатов не такой большой, какой мог быть."
Buildings/#PomegranateFarm_workers_75,Text,,"Ферма работает не в полную силу, поэтому урожай в этом году будет чуть меньше."
Buildings/#Potter,Text,,Гончарная мастерская
Buildings/#Potter_disabled,Text,,Производство керамики прекращено по приказу торгового советника.
Buildings/#Potter_flavor,Text,,"Здесь гончары лепят из глины и обжигают горшки, в которых жители могут хранить припасы. Торгуйте керамикой или поставляйте её на базары, чтобы жители могли улучшить своё благосостояние."
Buildings/#Potter_stock_0,Text,,Для производства керамики этой мастерской необходима глина со склада или из глиняного карьера.
Buildings/#Potter_storage,Text,,"Запасы глины<sprite name=""Clay"">: {0} мер."
Buildings/#Potter_tooltip,Text,,"Производит керамику <sprite name=""Pottery""> из глины <sprite name=""Clay"">."
Buildings/#Potter_workers_0,Text,,В этой мастерской нет мастеров. Некому обжигать горшки.
Buildings/#Potter_workers_1,Text,,"Здесь почти нет рабочих, в этом году мастерская произведёт очень мало керамики."
Buildings/#Potter_workers_100,Text,,"В этой мастерской достаточно рабочих, производство керамики идёт полным ходом."
Buildings/#Potter_workers_25,Text,,В мастерской слишком мало рабочих. Производство керамики идёт очень медленно.
Buildings/#Potter_workers_50,Text,,Здесь не хватает рабочих. Производство керамики занимает больше времени.
Buildings/#Potter_workers_75,Text,,В мастерской заняты не все рабочие места. Производство керамики немного снижено.
Buildings/#Production,Text,,Производство
Buildings/#ProductionCompletion,Text,,Производство завершено на {0}%.
Buildings/#PtahShrine,Text,,Святилище Птаха
Buildings/#PtahShrine_flavor,Text,,"Рабочие и ремесленники поклоняются Птаху, дабы он облегчил их труд. Гнев Птаха гибелен для любого промысла."
Buildings/#PtahShrine_title,Text,,Святилище Птаха (ремесло)
Buildings/#PtahShrine_tooltip,Text,,Улучшает настроение Птаха. Можно разместить на расстоянии одной клетки от дороги.
Buildings/#PtahTemple,Text,,Храм Птаха
Buildings/#PtahTempleComplex,Text,,Храмовый комплекс Птаха
Buildings/#PtahTempleComplex_flavor,Text,,"Птах — покровитель ремесленников, помогающий им работать быстрее. Алтарь Амона, бога солнца, помогает при возведении монументов, а оракул Тота, бога мудрости и учения, повышает образованность ваших жителей."
Buildings/#PtahTempleComplex_tooltip,Text,,В городе можно построить только один такой огромный храм и только одному богу. Значительно улучшает настроение Птаха.
Buildings/#PtahTemple_flavor,Text,,"Рабочие и ремесленники поклоняются Птаху, дабы он облегчил их труд. Гнев Птаха гибелен для любого промысла."
Buildings/#PtahTemple_title,Text,,Храм Птаха (ремесло)
Buildings/#PtahTemple_tooltip,Text,,Улучшает настроение Птаха.
Buildings/#Quarries,Text,,Карьеры
Buildings/#QuarryGranite,Text,,Гранитный карьер
Buildings/#QuarryLimestone,Text,,Известняковый карьер
Buildings/#QuarryPlainStone,Text,,Каменный карьер
Buildings/#QuarrySandstone,Text,,Песчаниковый карьер
Buildings/#RaShrine,Text,,Святилище Ра
Buildings/#RaShrine_flavor,Text,,"Торговцам хорошо известно, как важно угождать Ра. С его благословения процветает торговля и растёт репутация города."
Buildings/#RaShrine_title,Text,,Святилище Ра (царство)
Buildings/#RaShrine_tooltip,Text,,Улучшает настроение Ра. Можно разместить на расстоянии одной клетки от дороги.
Buildings/#RaTemple,Text,,Храм Ра
Buildings/#RaTempleComplex,Text,,Храмовый комплекс Ра
Buildings/#RaTempleComplex_flavor,Text,,"Как бог Царства, Ра способствует торговцам и путешественникам по всему миру. Алтарь Маат, богини справедливости, поможет уберечь город от преступности, а благодаря оракулу Гора, бога фараонов, жители с большим рвением будут исполнять свою работу. Во имя фараона они будут трудиться на благо всего Египта."
Buildings/#RaTempleComplex_tooltip,Text,,В городе можно построить только один такой огромный храм и только одному богу. Значительно улучшает настроение Ра.
Buildings/#RaTemple_flavor,Text,,"Торговцам хорошо известно, как важно угождать Ра. С его благословения процветает торговля и растёт репутация города."
Buildings/#RaTemple_title,Text,,Храм Ра (царство)
Buildings/#RaTemple_tooltip,Text,,Улучшает настроение Ра.
Buildings/#RawMaterials,Text,,Сырьё
Buildings/#Recruiter,Text,,Вербовщик
Buildings/#Recruiter_ChariotsStored,Text,,"Запасы колесниц<sprite name=""Chariots"">: {0} шт."
Buildings/#Recruiter_ChariotsStored_None,Text,,"В запасах нет колесниц<sprite name=""Chariots"">."
Buildings/#Recruiter_ChariotsStored_One,Text,,"Запасы колесниц<sprite name=""Chariots"">: {0} шт."
Buildings/#Recruiter_CompositeBowsStored,Text,,"Запасы композитных луков<sprite name=""CompositeBows"">: {0} штук.[i2p_One]Запасы композитных луков<sprite name=""CompositeBows"">: {0} штука.[i2p_Few]Запасы композитных луков<sprite name=""CompositeBows"">: {0} штуки."
Buildings/#Recruiter_ShieldsStored,Text,,"Запасы щитов<sprite name=""Shields"">: {0} штук.[i2p_One]Запасы щитов<sprite name=""Shields"">: {0} штука.[i2p_Few]Запасы щитов<sprite name=""Shields"">: {0} штуки."
Buildings/#Recruiter_WeaponsStored,Text,,"Запасы оружия<sprite name=""Weapons"">: {0} шт."
Buildings/#Recruiter_WeaponsStored_None,Text,,"В запасах нет оружия<sprite name=""Weapons"">."
Buildings/#Recruiter_WeaponsStored_One,Text,,"Запасы оружия<sprite name=""Weapon"">: {0} шт."
Buildings/#Recruiter_flavor,Text,,"Нельзя вступить в ряды египетской армии, минуя это место. Здесь новобранцы обучаются основам боевой подготовки."
Buildings/#Recruiter_nostock_workers_1,Text,,"Работают единицы, и оружия нет. Нам едва хватает сил на обучение одного лучника."
Buildings/#Recruiter_nostock_workers_100,Text,,"Мы можем быстро обучать новых лучников, но для обучения пехотинцев и колесничих нам нужны поставки оружия."
Buildings/#Recruiter_nostock_workers_33,Text,,"Не хватает вербовщиков и оружия! Мы можем обучать только лучников, но очень медленно."
Buildings/#Recruiter_nostock_workers_66,Text,,"Нам не хватает вербовщиков, поэтому обучение идёт медленно. А без оружия мы не можем обучать пехотинцев и колесничих."
Buildings/#Recruiter_tooltip,Text,,"Набирает воинов среди жителей. Требуется оружие <sprite name=""Weapons""> для пехотинцев и колесничих, колесницы <sprite name=""Chariots""> — для колесничих."
Buildings/#Recruiter_workers_0,Text,,Некому обучать новобранцев. Да поможет нам Сет в час войны!
Buildings/#ReedGatherer,Text,,Сборщики тростника
Buildings/#ReedGatherer_disabled,Text,,Сбор тростника прекращён по приказу торгового советника.
Buildings/#ReedGatherer_flavor,Text,,"Отсюда сборщики отправляются к болотам собирать тростник для изготовления папируса, без которого образование невозможно."
Buildings/#ReedGatherer_storage,Text,,"Запасы тростника<sprite name=""Reeds"">: {0} мер."
Buildings/#ReedGatherer_workers_0,Text,,"Здесь нет рабочих, некому собирать тростник."
Buildings/#ReedGatherer_workers_1,Text,,"Здесь так мало сборщиков, что они собирают крайне мало тростника."
Buildings/#ReedGatherer_workers_100,Text,,Здесь достаточно рабочих. Ни одна тростинка от нас не ускользнёт.
Buildings/#ReedGatherer_workers_25,Text,,"Здесь работает слишком мало людей, добывается очень мало тростника."
Buildings/#ReedGatherer_workers_50,Text,,"Рабочих не хватает, поэтому добыча тростника идёт медленно."
Buildings/#ReedGatherer_workers_75,Text,,"В этом месте заняты не все рабочие места, поэтому добыча тростника немного снижена."
Buildings/#Religion,Text,,Религия
Buildings/#Remove,Text,,Удалить
Buildings/#Remove_tooltip,Text,,Вы можете исправить свою ошибку.
Buildings/#Road,Text,,Дорога
Buildings/#Road_tooltip,Text,,Соединяет части города.
Buildings/#Roadblock,Text,,Заграждение
Buildings/#Roadblock_flavor,Text,,"Разместите заграждения, чтобы ограничить движение служащих. Жители, идущие к определённой цели (например, разносчики или закупщицы с базара), могут проходить через них свободно."
Buildings/#Roadblock_tooltip,Text,,Ограничивает движение служащих. Размещается на дороге.
Buildings/#Rubble,Text,,Руины
Buildings/#RubbleFlavor,Text,,От здания остались лишь руины. Такое угрюмое место никак не улучшает этот район.
Buildings/#Safety,Text,,Безопасность
Buildings/#SandstoneQuarry,Text,,Песчаниковый карьер
Buildings/#SandstoneQuarry_disabled,Text,,Торговый советник приказал остановить добычу песчаника.
Buildings/#SandstoneQuarry_flavor,Text,,Только песчаник обладает нужными свойствами для строительства мавзолеев и храмов Солнца.
Buildings/#SandstoneQuarry_tooltip,Text,,"Должен размещаться рядом со скалами. Производит песчаник <sprite name=""Sandstone"">."
Buildings/#SandstoneQuarry_workers_0,Text,,В этом карьере нет рабочих. Добыча остановлена.
Buildings/#SandstoneQuarry_workers_1,Text,,"Рабочих почти нет, и добыча практически прекратилась. В этом году добыча песчаника будет ничтожной."
Buildings/#SandstoneQuarry_workers_100,Text,,"На этом руднике достаточно рабочих, вкалывающих на полную силу для добычи песчаника."
Buildings/#SandstoneQuarry_workers_25,Text,,В этой постройке слишком мало рабочих. Производство идёт очень медленно.
Buildings/#SandstoneQuarry_workers_50,Text,,В карьере не хватает рабочих. Добыча песчаника занимает больше времени.
Buildings/#SandstoneQuarry_workers_75,Text,,"Карьер работает не в полную силу. Он будет работать лучше, если нанять больше рабочих."
Buildings/#Schools,Text,,Школы
Buildings/#ScribalSchool,Text,,Школа писцов
Buildings/#ScribalSchool_flavor,Text,,"Дети зажиточных горожан должны обучаться чтению и письму в местных школах, чтобы в будущем пойти по стопам родителей."
Buildings/#ScribalSchool_stock,Text,,"Запасы папируса <sprite name=""Papyrus"">: {0} штук."
Buildings/#ScribalSchool_tooltip,Text,,"При регулярных поставках папируса <sprite name=""Papyrus""> повышает уровень образования в городе."
Buildings/#ScribalSchool_workers_0,Text,,"Эта школа не может никого обучать. Нет учителей, папируса или того и другого."
Buildings/#ScribalSchool_workers_1,Text,,"Пока есть учителя и папирус, школа помогает детям найти призвание, не связанное с изнурительным трудом."
Buildings/#SebekAltar,Text,,Алтарь Себека
Buildings/#SekhmetOracle,Text,,Оракул Сехмет
Buildings/#SenetHouse,Text,,Дом сенета
Buildings/#SenetHouse_flavor,Text,,"Состязание мастерства и удачи может сделать или богатым, или оставить ни с чем."
Buildings/#SenetHouse_stock_0,Text,,"В доме сенета хватает гостей, но постоянные поставки пива оживят игру."
Buildings/#SenetHouse_storage,Text,,"Запасы пива<sprite name=""Beer"">: {0} мер."
Buildings/#SenetHouse_tooltip,Text,,"При регулярных поставках пива <sprite name=""Beer""> повышает уровень развлечений в городе."
Buildings/#SenetHouse_workers_0,Text,,Этот дом сенета никто не посещает. Без работников нет никаких развлечений для людей.
Buildings/#SenetHouse_workers_1,Text,,"К удовольствию местных жителей, в доме сенета постоянно ведётся игра."
Buildings/#Services,Text,,Службы
Buildings/#SethShrine,Text,,Святилище Сета
Buildings/#SethShrine_flavor,Text,,"Сет оберегает солдат и побуждает в них отвагу в бою. Никто не осмелится вступить в бой, не получив благословения от Сета."
Buildings/#SethShrine_title,Text,,Святилище Сета (разрушение)
Buildings/#SethShrine_tooltip,Text,,Улучшает настроение Сета. Можно разместить на расстоянии одной клетки от дороги.
Buildings/#SethTemple,Text,,Храм Сета
Buildings/#SethTempleComplex,Text,,Храмовый комплекс Сета
Buildings/#SethTempleComplex_flavor,Text,,"Благосклонный к вам Сет станет грозным противником для ваших врагов. Под его взором даже неопытные воины сражаются словно львы. Сам он может своей дланью уничтожить неприятелей. Влияние столь грозного бога простирается даже на отдалённые сражения. Алтарь Анубиса, бога смерти, позволяет моргам использовать меньше ткани при подготовке тела к вечной жизни, а оракул Сехмет, богини войны, дарует жрецам Сета силу снизить риск преступности в домах, мимо которых они проходят, и обезвреживать преступников в городе."
Buildings/#SethTempleComplex_tooltip,Text,,В городе можно построить только один такой огромный храм и только одному богу. Значительно улучшает настроение Сета.
Buildings/#SethTemple_flavor,Text,,"Сет оберегает воинов и побуждает в них отвагу в бою. Никто не осмелится вступить в бой, не получив благословения от Сета."
Buildings/#SethTemple_title,Text,,Храм Сета (разрушение)
Buildings/#SethTemple_tooltip,Text,,Улучшает настроение Сета.
Buildings/#ShieldMaker,Text,,Изготовитель щитов
Buildings/#ShieldMaker_disabled,Text,,Торговый советник приказал прекратить производство щитов.
Buildings/#ShieldMaker_flavor,Text,,"Здесь производят надёжные щиты, которые защищают в бою ваших пехотинцев."
Buildings/#ShieldMaker_stock_0,Text,,Эта мастерская не будет производить щиты без поставок шкур со склада или из хижины охотников.
Buildings/#ShieldMaker_storage,Text,,"Запасы шкур<sprite name=""Hides"">: {0} мер."
Buildings/#ShieldMaker_tooltip,Text,,"Производит щиты<sprite name=""Shields""> из шкур<sprite name=""Hides"">."
Buildings/#ShieldMaker_workers_0,Text,,"В мастерской никого нет, никто не производит щиты для пехотинцев."
Buildings/#ShieldMaker_workers_1,Text,,"Здесь почти нет рабочих, в этом году мастерская произведёт очень мало щитов."
Buildings/#ShieldMaker_workers_100,Text,,"Мастерская работает в полную силу, быстро и качественно производя щиты."
Buildings/#ShieldMaker_workers_25,Text,,В мастерской слишком мало рабочих. Производство щитов идёт очень медленно.
Buildings/#ShieldMaker_workers_50,Text,,"Мастерской не хватает рабочих, она производит щиты не так быстро, как могла бы."
Buildings/#ShieldMaker_workers_75,Text,,"Производство щитов пойдёт полным ходом, если нанять ещё больше рабочих."
Buildings/#Shipwright,Text,,Верфь
Buildings/#Shipwright_flavor,Text,,"Если рабочих достаточно, на верфи создаются военные корабли и рыбацкие лодки для свободных причалов. Для строительства боевых и транспортных кораблей нужна древесина; для строительства рыбацких лодок сырьё не требуется."
Buildings/#Shipwright_idle,Text,,"На данный момент нет причалов, которым требуются корабли."
Buildings/#Shipwright_idle_nowood,Text,,Нам нужна древесина для постройки и ремонта военных кораблей.
Buildings/#Shipwright_repairing,Text,,Сейчас мы ремонтируем военный корабль.
Buildings/#Shipwright_repairing_nowood,Text,,"К нам выстроились корабли для ремонта, но нет древесины для их починки."
Buildings/#Shipwright_storage,Text,,"Запасы древесины<sprite name=""Wood"">: {0} мер."
Buildings/#Shipwright_tooltip,Text,,"Здесь строятся корабли для свободных причалов. Рыбацкие лодки не требуют сырья, но для военных кораблей нужна древесина  <sprite name=""Wood"">."
Buildings/#Shipwright_working,Text,,Сейчас мы строим военный корабль или рыбацкую лодку для одного из причалов города.
Buildings/#Shipwright_working_nowood,Text,,"Нам нужно построить военный или транспортный корабль для одного из причалов города, но у нас нет древесины."
Buildings/#ShrineBast,Text,,Святилище Баст
Buildings/#ShrineOsiris,Text,,Святилище Осириса
Buildings/#ShrinePtah,Text,,Святилище Птаха
Buildings/#ShrineRa,Text,,Святилище Ра
Buildings/#ShrineSeth,Text,,Святилище Сета
Buildings/#Shrines,Text,,Святилища
Buildings/#SmallGarden,Text,,Малые сады
Buildings/#SmallStatue,Text,,Малые статуи
Buildings/#Statue,Text,,Статуя
Buildings/#Statue_flavor,Text,,"Монументы, возведённые в честь богов и ушедших фараонов, повышают привлекательность района. Людям нравится жить неподалёку от статуй... и чем они больше, тем лучше."
Buildings/#Statue_tooltip,Text,,"Повышает привлекательность близлежащих домов. Чем крупнее статуя, тем лучше!"
Buildings/#StockAndDistribution,Text,,Хранение и распределение
Buildings/#StockCount,Text,,{0} мер
Buildings/#StonemasonsGuild,Text,,Артель каменотёсов
Buildings/#StonemasonsGuild_disabled,Text,,Работа этой артели остановлена вашим торговым советником.
Buildings/#StonemasonsGuild_flavor,Text,,"Здесь каменотёсы общаются между собой, делятся секретами профессии, находят задания и обтёсывают планы на будущее."
Buildings/#StonemasonsGuild_info,Text,,Эта артель обеспечивает город умелыми мастерами для возведения монументов. Запасов камня не требуется.
Buildings/#StonemasonsGuild_tooltip,Text,,Отправляет каменотёсов на работу над монументом.
Buildings/#StonemasonsGuild_workers_0,Text,,В этой артели нет мастеров. Некому обрабатывать камень.
Buildings/#StonemasonsGuild_workers_1,Text,,"В этой артели почти нет работников, каменотёса приходится дожидаться целую вечность."
Buildings/#StonemasonsGuild_workers_100,Text,,В этой артели достаточно рабочих. Каменотёсы работают с максимальной эффективностью.
Buildings/#StonemasonsGuild_workers_25,Text,,Здесь работает мало людей. Приходится подолгу ожидать начала работ.
Buildings/#StonemasonsGuild_workers_50,Text,,"В этой артели не хватает рук, поэтому работает меньше каменотёсов."
Buildings/#StonemasonsGuild_workers_75,Text,,Эта артель работает не в полную силу. Работа идёт немного медленнее.
Buildings/#StorageYard,Text,,Склад
Buildings/#StorageYard_AlmostFull,Text,,"ВНИМАНИЕ: Склад почти заполнен. Принимаются только товары, которые уже есть. Новые виды товаров не принимаются."
Buildings/#StorageYard_Empty,Text,,На складе ничего нет.
Buildings/#StorageYard_Full,Text,,ВНИМАНИЕ: Склад заполнен. Нет места для новых поступлений.
Buildings/#StorageYard_flavor,Text,,"Товары нужно где-то хранить. Склады торгуют с караванами, обмениваются товарами с близлежащими пристанями и пополняют запасы базаров."
Buildings/#StorageYard_tooltip,Text,,"Здесь хранятся все ресурсы, которые город может произвести или купить. Используется для торговли с караванами."
Buildings/#Storage_DeliveryManBack,Text,,Наш разносчик возвращается назад.
Buildings/#Storage_DeliveryManGet,Text,,Наш разносчик забирает товары.
Buildings/#Storage_DeliveryManIn,Text,,Наш разносчик готов к новым поручениям.
Buildings/#Storage_DeliveryManOut,Text,,Наш разносчик развозит товары.
Buildings/#Storage_Order,Text,,Особые указания
Buildings/#Storage_Quantity,Text,,Хранится
Buildings/#Storage_SpaceFor,Text,,Можно разместить
Buildings/#TaxCollector,Text,,Контора сборщика налогов
Buildings/#TaxCollector_Collector_In,Text,,Наш сборщик скоро начнёт обход.
Buildings/#TaxCollector_Collector_Out,Text,,Наш сборщик отправился получать налоги.
Buildings/#TaxCollector_NoPalace,Text,,"Чтобы собирать налоги, нужно построить дворец."
Buildings/#TaxCollector_NoWorkingPalace,Text,,"Чтобы собирать налоги, нужен работающий дворец."
Buildings/#TaxCollector_flavor,Text,,"Пусть сборщики налогов не пользуются всеобщей любовью, именно благодаря им царство процветает, и народ может пользоваться его благами."
Buildings/#TaxCollector_tooltip,Text,,Позволяет собирать налоги. Требуется работающий дворец.
Buildings/#TaxCollector_workers_0,Text,,"Сборщиков нет, эта контора никак не участвует в пополнении городской казны."
Buildings/#TaxCollector_workers_1,Text,,"В конторе слишком мало работников, местные жители с лёгкостью уходят от уплаты налогов."
Buildings/#TaxCollector_workers_100,Text,,Сборщики работают в полную силу и добиваются уплаты всех налогов на своём пути.
Buildings/#TaxCollector_workers_25,Text,,"Сборщиков слишком мало, поэтому между обходами проходит две недели."
Buildings/#TaxCollector_workers_50,Text,,"Не хватает рабочих, приходится ждать неделю между обходами сборщиков."
Buildings/#TaxCollector_workers_75,Text,,"Приходится ждать день-другой, чтобы сборщик совершил очередной обход."
Buildings/#TempleBast,Text,,Храм Баст
Buildings/#TempleComplexBast,Text,,Храмовый комплекс Баст
Buildings/#TempleComplexOsiris,Text,,Храмовый комплекс Осириса
Buildings/#TempleComplexPtah,Text,,Храмовый комплекс Птаха
Buildings/#TempleComplexRa,Text,,Храмовый комплекс Ра
Buildings/#TempleComplexSeth,Text,,Храмовый комплекс Сета
Buildings/#TempleComplexes,Text,,Храмовые комплексы
Buildings/#TempleOsiris,Text,,Храм Осириса
Buildings/#TemplePtah,Text,,Храм Птаха
Buildings/#TempleRa,Text,,Храм Ра
Buildings/#TempleSeth,Text,,Храм Сета
Buildings/#Temples,Text,,Храмы
Buildings/#ThothOracle,Text,,Оракул Тота
Buildings/#Tower,Text,,Башня
Buildings/#Tower_NoSentry,Text,,"В башне есть работники, но для защиты города вербовщик должен прислать караульных."
Buildings/#Tower_UpgradeButton,Text,,Улучшить башню
Buildings/#Tower_flavor,Text,,Встраивайте башни в стены. При доступе к дорогам в башнях появляются стражники от вербовщика.
Buildings/#Tower_workers_0,Text,,Без работников мы не можем содержать в башне стражников.
Buildings/#TownPalace,Text,,Дворец поселения
Buildings/#TownPalace_tooltip,Text,,В этом достойном процветающего города дворце хранится большая часть городских богатств. Позволяет собирать налоги. Размещается на покрытой травой земле.
Buildings/#TransportWharf,Text,,Транспортный причал
Buildings/#TransportWharf_dockedship,Text,,Наш корабль пришвартован.
Buildings/#TransportWharf_flavor,Text,,"Транспортные корабли, построенные на верфи, швартуются здесь в ожидании новых заданий. Эти корабли необходимы для переброски ваших отрядов по Нилу."
Buildings/#TransportWharf_sailingship,Text,,Наш корабль переправляет войска.
Buildings/#TransportWharf_tooltip,Text,,Перебрасывают отряды на далёкие поля сражений.
Buildings/#Troops,Text,,Форты
Buildings/#Undo,Text,,Отменить последнее действие.
Buildings/#Vault,Text,,"Дебенов<sprite name=""Deben""> в хранилищах: {0}"
Buildings/#VillagePalace,Text,,Дворец деревни
Buildings/#VillagePalace_tooltip,Text,,Здесь хранится большая часть городских богатств. Позволяет собирать налоги. Размещается на покрытой травой земле
Buildings/#Wall,Text,,Стена
Buildings/#Wall_flavor,Text,,"Сами по себе стены не защищают. Стройте на них башни, чтобы получить поддержку в битвах."
Buildings/#Wall_tooltip,Text,,"Необходимы для строительства башен, ужасно влияют на привлекательность."
Buildings/#WarningWorkers,Text,,Советник по рабочей силе может перераспределить рабочих.
Buildings/#WarshipWharf,Text,,Военный причал
Buildings/#WarshipWharf_dockedship,Text,,Наш боевой корабль пришвартован.
Buildings/#WarshipWharf_flavor,Text,,Здесь швартуется боевой корабль в ожидании сражений. Любому городу на Ниле не помешает хотя бы несколько подобных кораблей.
Buildings/#WarshipWharf_sailingship,Text,,Наш боевой корабль отправился в бой.
Buildings/#WarshipWharf_tooltip,Text,,Боевой корабль для будущих сражений
Buildings/#WaterCrossing,Text,,Переправа
Buildings/#WaterLift,Text,,Шадуф
Buildings/#WaterLift_flavor,Text,,"Шадуф перекачивает большие объёмы воды в оросительные каналы, которые соединяются с его передним или задним затворами."
Buildings/#WaterLift_floodplain_unconnected,Text,,Шадуф должен находиться рядом с водой или соединяться оросительным каналом с другим работающим шадуфом.
Buildings/#WaterLift_tooltip,Text,,Качает воду из Нила в оросительные каналы для орошения ферм.
Buildings/#WaterLift_workers_0,Text,,Шадуф не работает. Попросите советника по рабочей силе назначить больше рабочих в службу водоснабжения.
Buildings/#WaterSupply,Text,,Водоснабжение
Buildings/#WaterSupply_flavor,Text,,"Отсюда водоносы забирают чистую воду и разносят в дома, повышая уровень здоровья и счастья."
Buildings/#WaterSupply_tooltips,Text,,Отправляет водоносов для доставки питьевой воды в жилые дома. Размещается на покрытой травой земле.
Buildings/#WaterSupply_workers_0,Text,,Без водоносов пользы от этой постройки как от сухой дыры в земле.
Buildings/#WaterSupply_workers_1,Text,,Здесь работают только служащие. Часто поставок воды нет целый месяц.
Buildings/#WaterSupply_workers_100,Text,,Наши водоносы постоянно снабжают местных жителей чистой водой.
Buildings/#WaterSupply_workers_25,Text,,У нас слишком мало людей. Часто вода не доставляется в течение двух недель.
Buildings/#WaterSupply_workers_50,Text,,Водоносов не хватает. Иной раз перерыв между поставками воды достигает целую неделю.
Buildings/#WaterSupply_workers_75,Text,,Водоносов немного не хватает. Поставки воды производится с перерывом в день или два.
Buildings/#Weaponsmith,Text,,Оружейная кузница
Buildings/#Weaponsmith_disabled,Text,,Ваш торговый советник приказал остановить производство оружия.
Buildings/#Weaponsmith_flavor,Text,,"Оружейники куют из меди копья, которые можно выгодно продать или выдать солдатам."
Buildings/#Weaponsmith_stock_0,Text,,Для производства оружия этой кузнице необходимы поставки меди со склада или медного рудника.
Buildings/#Weaponsmith_storage,Text,,"Запасы меди<sprite name=""Copper"">: {0} мер."
Buildings/#Weaponsmith_tooltip,Text,,"Производит оружие <sprite name=""Weapons""> из меди <sprite name=""Copper"">."
Buildings/#Weaponsmith_workers_0,Text,,"В кузнице никого нет, оружие никто не производит."
Buildings/#Weaponsmith_workers_1,Text,,"Здесь почти нет рабочих, в этом году оружейная мастерская внесёт незначительный вклад в производство города."
Buildings/#Weaponsmith_workers_100,Text,,"В этой мастерской достаточно рабочих, производство оружия идёт полным ходом."
Buildings/#Weaponsmith_workers_25,Text,,В мастерской слишком мало рабочих. Производство оружия идёт очень медленно.
Buildings/#Weaponsmith_workers_50,Text,,Здесь не хватает рабочих. Производство оружия занимает больше времени.
Buildings/#Weaponsmith_workers_75,Text,,"Эта постройка не работает в полную силу, производство оружия идёт не так быстро."
Buildings/#Weaver,Text,,Ткацкая мастерская
Buildings/#Weaver_disabled,Text,,Ваш торговый советник приказал завязать с производством ткани.
Buildings/#Weaver_flavor,Text,,"Здесь из льняного волокна создают ткань, которая используется моргами для бальзамирования. Ткань также можно выгодно продать."
Buildings/#Weaver_stock_0,Text,,Эта мастерская не будет производить ткань без поставок льна со склада или из фермы.
Buildings/#Weaver_storage,Text,,"Запасы льна<sprite name=""Flax"">: {0} мер."
Buildings/#Weaver_tooltip,Text,,"Производит ткань <sprite name=""Linen""> изо льна <sprite name=""Flax"">."
Buildings/#Weaver_workers_0,Text,,"В ткацкой мастерской нет рабочих, и ткань никто не производит."
Buildings/#Weaver_workers_1,Text,,"Здесь почти нет рабочих, в этом году мастерская произведёт очень мало ткани."
Buildings/#Weaver_workers_100,Text,,"Мастерская работает в полную силу, быстро и качественно производя ткань."
Buildings/#Weaver_workers_25,Text,,В этой мастерской слишком мало рабочих. Производство ткани идёт очень медленно.
Buildings/#Weaver_workers_50,Text,,"Мастерской не хватает рабочих, она производит ткань не так быстро, как могла бы."
Buildings/#Weaver_workers_75,Text,,"Производство ткани пойдёт полным ходом, если нанять ещё больше рабочих."
Buildings/#Well,Text,,Колодец
Buildings/#Well_flavor,Text,,"Жители, которым не доставляют чистую воду, могут добывать её в колодце, однако такие районы не столь привлекательны и защищены от болезней."
Buildings/#Well_nohouses,Text,,"Колодец построен зря, поскольку в радиусе действия нет домов."
Buildings/#Well_tooltips,Text,,Предоставляет воду на расстоянии двух ячеек. Рабочие не требуются. Размещается на покрытой травой земле.
Buildings/#Well_unneeded,Text,,Колодец не бесполезен. Все дома получают воду из источника.
Buildings/#WoodCutter,Text,,Лесорубы
Buildings/#WoodCutter_disabled,Text,,Рубка деревьев прекращена по приказу торгового советника.
Buildings/#WoodCutter_flavor,Text,,Древесина используется во многих областях — от возведения монументов до кораблестроения. Она очень востребована по всему Царству.
Buildings/#WoodCutter_storage,Text,,"Запасы брёвен<sprite name=""Wood"">: {0} штук."
Buildings/#WoodCutter_workers_0,Text,,"Лесорубов нет, эта постройка никак не участвует в экономике города."
Buildings/#WoodCutter_workers_1,Text,,"Лесорубов почти нет, поставки древесины практически незначительны."
Buildings/#WoodCutter_workers_100,Text,,В постройке достаточно рабочих. Добыча древесины идёт полным ходом.
Buildings/#WoodCutter_workers_25,Text,,В этой постройке слишком мало рабочих. Производство древесины идёт очень медленно.
Buildings/#WoodCutter_workers_50,Text,,"В постройке не хватает рабочих, производство древесины занимает больше времени."
Buildings/#WoodCutter_workers_75,Text,,"Эта постройка не работает в полную силу, добыча древесины идёт не так быстро."
Buildings/#Work Camp,Text,,Рабочий лагерь
Buildings/#Work Camp_both,Text,,Наши рабочие трудятся на пойменных полях и на стройках монументов.
Buildings/#Work Camp_farms,Text,,Наши рабочие трудятся на пойменных полях.
Buildings/#Work Camp_flavor,Text,,"В лагере живут рабочие, которые работают на пойменных полях или на стройках монументов."
Buildings/#Work Camp_monuments,Text,,Наши рабочие трудятся на стройках монументов.
Buildings/#Work Camp_notarget,Text,,Наши рабочие отправились на поиски работы.
Buildings/#Work Camp_tooltip,Text,,Готовит рабочих для работы на пойменных полях и на стройках монументов.
Buildings/#Work Camp_workers_0,Text,,"В этом лагере не хватает работников, чтобы поддерживать местных чернорабочих."
Buildings/#Work Camp_workers_1,Text,,"Мы готовим столько рабочих, сколько вообще возможно."
Buildings/#WorkersCount,Text,,{0} / {1} рабочих
Buildings/#WorkforceCount,Text,,Рабочих: {0} (нужно {1})
Buildings/#Zoo,Text,,Зоопарк
Buildings/#Zoo_stock_gamemeat_0,Text,,"В зоопарке есть смотрители, но без мяса дичи животных здесь не поселят."
Buildings/#Zoo_stock_straw_0,Text,,"В зоопарке есть смотрители, но без соломы животных здесь не поселят."
Buildings/#Zoo_storage_gamemeat,Text,,"Дичь<sprite name=""GameMeat"">: {0} мер."
Buildings/#Zoo_storage_straw,Text,,"Солома<sprite name=""Straw"">: {0} мер."
Buildings/#Zoo_tooltip,Text,,"Развлекает жителей при регулярных поставках мяса дичи <sprite name=""GameMeat""> и соломы <sprite name=""Straw"">."
Buildings/#Zoo_workers_0,Text,,"Люди боятся приходить в зоопарк, где нет смотрителей. Пока здесь никто не работает, от зоопарка мало толку."
Buildings/#Zoo_workers_0_alt,Text,,Без животных зоопарк может удивить только пустыми клетками.
Buildings/#Zoo_workers_1,Text,,В зоопарке жители дивятся экзотическим животным со всех уголков земли.
Buildings/#building_cannot_burn,Text,,Не может сгореть.
Buildings/#building_cannot_collapse,Text,,Не может обрушиться.
Buildings/#building_damagerisk_00,Text,,Нет риска обрушения.
Buildings/#building_damagerisk_15,Text,,Очень низкий риск обрушения.
Buildings/#building_damagerisk_30,Text,,Низкий риск обрушения.
Buildings/#building_damagerisk_45,Text,,Небольшой риск обрушения.
Buildings/#building_damagerisk_60,Text,,Высокий риск обрушения.
Buildings/#building_damagerisk_75,Text,,Крайне высокий риск обрушения.
Buildings/#building_damagerisk_90,Text,,Экстремально большой риск обрушения
Buildings/Altar_button,Text,,"Построить алтарь за {0}<sprite name=""Deben"">"
Buildings/Oracle_button,Text,,"Построить оракул за {0}<sprite name=""Deben"">"
Buildings_NoRoadAccess,Text,,Этой постройке необходим доступ к дороге
Events/#Battle_Launch_Button,Text,,К битве
Events/#Battle_Launch_Subtitle,Text,,Настало время сражения
Events/#Battle_Launch_Title,Text,,Враг на нашей земле
Events/#BloodRiver_Content,Text,,"О, горе нам! Вода, главный источник жизни и пищи, отравлена кровью. Сколько придётся нам терпеть эту порчу?"
Events/#BloodRiver_Title,Text,,Кровавая река
Events/#ConstructionProject_City_Announcement,Text,,"{[greeting]} {[player_name]}, в городе {[city_name]} решили возвести крупное сооружение {[reason_phrase]}. Они просят в течение {1} месяцев прислать нужные им материалы ({[resource]}, {0} шт.)."
Events/#ConstructionProject_City_Overdue,Text,,"{[greeting]} {[player_name]}, правители города {[city_name]} подумывают донести на вас фараону. Поскольку вы не отправили в срок нужные им материалы ({[resource]}, {0} шт.), то они не успеют закончить своё строительство. Быть может, если вы отправите их сейчас, {[city_name]} закончит стройку и будет молчать о вашем бездействии."
Events/#ConstructionProject_City_ReasonPhrase_1,Text,,во славу Египта
Events/#ConstructionProject_City_Reminder,Text,,"{[greeting]} {[player_name]}, для завершения строительства город {[city_name]} нуждается в следующих материалах: {[resource]}, {0} шт. Отправьте их в течение шести месяцев, иначе правители города будут недовольны."
Events/#ConstructionProject_City_Title,Text,,Строительство
Events/#ConstructionProject_City_Warning,Text,,"{[greeting]} {[player_name]}, у вас осталось шесть месяцев, чтобы отправить на строительство в город {[city_name]} нужные им материалы ({[resource]}, {0} шт.). Если вы этого не сделаете, то никто не знает, каково будет их возмездие."
Events/#ConstructionProject_Pharaoh_Announcement,Text,,"{[greeting]} {[player_name]}, фараон решил построить нечто монументальное {[reason_phrase]}. Он просит в течение {1} месяцев прислать в город {[city_name]} ресурс ({[resource]}, {0} шт.). Чем бы этот проект ни был, он наверняка приумножит славу Египта."
Events/#ConstructionProject_Pharaoh_Overdue,Text,,"{[greeting]} {[player_name]}, фараон вне себя от вашей дерзости. Вы так и не прислали на строительство в город {[city_name]} нужные материалы ({[resource]}, {0} шт.). Быть может, вы ещё сможете сохранить лицо, если отправите их сейчас."
Events/#ConstructionProject_Pharaoh_ReasonPhrase_1,Text,,в честь своих многочисленных достижений
Events/#ConstructionProject_Pharaoh_Reminder,Text,,"{[greeting]} {[player_name]}, терпение фараона на исходе. Вы всё ещё не прислали на строительство в городе {[city_name]} запрошенный ресурс ({[resource]}, {0} шт.). У вас осталось шесть месяцев, чтобы выполнить запрос фараона."
Events/#ConstructionProject_Pharaoh_Title,Text,,Строительство для фараона
Events/#ConstructionProject_Pharaoh_Warning,Text,,"{[greeting]} {[player_name]}, неоконченное строительство будет пятном позора на репутации фараона. У вас есть шесть месяцев, чтобы отправить в город {[city_name]} нужные материалы ({[resource]}, {0} шт.). Если вы подведёте фараона, он непременно разделит позор с вами."
Events/#ContaminatedWater_Content,Text,,"{[greeting]} {[player_name]}, {[reason_phrase]}. Несколько жителей заболели из-за плохой воды. Будем уповать, что болезнь не распространится."
Events/#ContaminatedWater_ReasonPhrase_1,Text,,несчастья преследуют наш город
Events/#ContaminatedWater_ReasonPhrase_2,Text,,произошло неприятное событие
Events/#ContaminatedWater_Title,Text,,Загрязнение воды
Events/#Defeat_Content,Text,,"О горестен сей день! Никто и помыслить не мог, что вас постигнет столь бесславный конец. Мы подвели народ и навлекли позор на своих предков и потомков. Египет ждёт нового правителя, который займёт ваше место..."
Events/#Defeat_Title,Text,,Поражение!
Events/#DemandDown_Content,Text,,"{[greeting]} {[player_name]}, {[reason_phrase]} город {[city_name]} решил сократить количество товара {[resource]}, которым готов с вами торговать."
Events/#DemandDown_ReasonPhrase_1,Text,,"жители начали тратить меньше, поэтому"
Events/#DemandDown_ReasonPhrase_2,Text,,"времена меняются, и теперь"
Events/#DemandDown_Title,Text,,Торговля сокращается
Events/#DemandUp_Content,Text,,"{[greeting]} {[player_name]}, {[reason_phrase]} {[city_name]} хочет ещё больше торговать товаром {[resource]}."
Events/#DemandUp_ReasonPhrase_1,Text,,"город растёт, поэтому"
Events/#DemandUp_ReasonPhrase_2,Text,,"времена меняются, и теперь"
Events/#DemandUp_Title,Text,,Торговля развивается
Events/#DistantBattleLost_Content,Text,,"{[greeting]} {[player_name]}, {[reason_phrase]} в бою у города {[city_name]} египетская армия потерпела поражение."
Events/#DistantBattleLost_ReasonPhrase_1,Text,,"досадная неудача постигла наших воинов. К сожалению,"
Events/#DistantBattleLost_ReasonPhrase_2,Text,,"война так непредсказуема. К несчастью,"
Events/#DistantBattleLost_Title,Text,,Египетская армия разбита
Events/#DistantBattleWon_Content,Text,,"{[greeting]} {[player_name]}, {[reason_phrase]} египетская армия одержала победу!"
Events/#DistantBattleWon_ReasonPhrase_1,Text,,благодаря доблести хорошо обученных солдат в далёком городе {[city_name]}
Events/#DistantBattleWon_ReasonPhrase_2,Text,,свершилось чудо! В бою у города {[city_name]}
Events/#DistantBattleWon_Title,Text,,Победа в бою
Events/#DistantBattle_City_Announcement,Text,,"{[greeting]} {[player_name]}, {[reason_phrase]} египетская армия сражается у далёкого города {[city_name]} и просит подкреплений. Отправьте солдат на помощь в течение {0} месяцев."
Events/#DistantBattle_City_FirstReminder,Text,,"{[greeting]} {[player_name]}, битва за город {[city_name]} всё разгорается. Отправьте солдат в течение шести месяцев, пока не стало поздно. Вы всё ещё можете разделить славную победу."
Events/#DistantBattle_City_LastReminder,Text,,"{[greeting]} {[player_name]}, битва за город {[city_name]} продолжается. Египет ещё может завоевать блистательную победу, если вы в скорейшем времени отправите подмогу."
Events/#DistantBattle_City_ReasonPhrase_1,Text,,"снаряжайте солдат,"
Events/#DistantBattle_City_ReasonPhrase_2,Text,,напастям нет конца. Ныне
Events/#DistantBattle_City_Title,Text,,Далекая битва
Events/#DistantBattle_Pharaoh_Announcement,Text,,"{[greeting]} {[player_name]}, {[reason_phrase]} египетская армия сражается в ожесточённой битве. Великий фараон требует, чтобы вы отправили солдат в далёкий город {[city_name]}. У вас есть {0} месяцев."
Events/#DistantBattle_Pharaoh_FirstReminder,Text,,"{[greeting]} {[player_name]}, у города {[city_name]} продолжается кровопролитная битва. Фараон все ещё ждёт вашей помощи. Отправьте солдат в течение шести месяцев, пока не стало поздно. Бездействие может дорого стоить."
Events/#DistantBattle_Pharaoh_LastReminder,Text,,"{[greeting]} {[player_name]}, египетская армия все ещё ведёт изнурительную борьбу у города {[city_name]}. Благородный фараон требует как можно скорее отправить войска. Лучше не злить властителя, поскольку он настроен воинственно."
Events/#DistantBattle_Pharaoh_ReasonPhrase_1,Text,,"созывайте солдат, ибо"
Events/#DistantBattle_Pharaoh_ReasonPhrase_2,Text,,"наши беды не кончаются, поскольку"
Events/#DistantBattle_Pharaoh_Title,Text,,Далекая битва
Events/#DistantCity_To_EgyptianCity_Content,Text,,"{[greeting]} {[player_name]}, {[reason_phrase]} Египетская армия захватила город {[city_name]}, расширив наше влияние!"
Events/#DistantCity_To_EgyptianCity_ReasonPhrase_1,Text,,наше оружие не знает поражений!
Events/#DistantCity_To_EgyptianCity_ReasonPhrase_2,Text,,могущество нашего Царства неустанно растёт.
Events/#DistantCity_To_EgyptianCity_Title,Text,,Чужеземный город захвачен
Events/#Earthquake_Content,Text,,"{[greeting]} {[player_name]}, {[reason_phrase]}! Пески разверзлись под нашими ногами. Город никогда не будет прежним. Сделайте всё возможное, чтобы устранить последствия землетрясения."
Events/#Earthquake_ReasonPhrase_1,Text,,жители города в ужасе
Events/#Earthquake_ReasonPhrase_2,Text,,беда опять подкралась к городу
Events/#Earthquake_ReasonPhrase_3,Text,,"несмотря на страшное землетрясение,"
Events/#Earthquake_Title,Text,,Землетрясение!
Events/#EgyptianCityAttacked_City_Announcement,Text,,"{[greeting]} {[player_name]}, {[reason_phrase]} египетский город {[city_name]} подвергся нападению и просит вашей помощи. Снарядите войско в течение {0} месяцев."
Events/#EgyptianCityAttacked_City_FirstReminder,Text,,"{[greeting]} {[player_name]}, вы совсем забыли про город {[city_name]}? Отправьте войско в течение 6 месяцев, иначе последствия будут самые трагические."
Events/#EgyptianCityAttacked_City_LastReminder,Text,,"{[greeting]} {[player_name]}, {[city_name]} вскоре попадёт в лапы врагов. Скорее отправьте войска и помогите городу {[city_name]} в трудную минуту."
Events/#EgyptianCityAttacked_City_ReasonPhrase_1,Text,,из-за давнего конфликта
Events/#EgyptianCityAttacked_City_ReasonPhrase_2,Text,,"бедам нет конца, ибо"
Events/#EgyptianCityAttacked_City_Title,Text,,Египетский город атакован
Events/#EgyptianCityAttacked_Pharaoh_Announcement,Text,,"{[greeting]} {[player_name]}, {[reason_phrase]} неверные напали на египетский город {[city_name]}! Фараон приказал вам отправить воинов на защиту. У вас есть {0} месяцев, чтобы снарядить войско."
Events/#EgyptianCityAttacked_Pharaoh_FirstReminder,Text,,"{[greeting]} {[player_name]}, армии божественного фараона продолжают отбиваться от захватчиков у города {[city_name]}. Отправьте подкрепление в течение шести месяцев, если не хотите разгневать властителя."
Events/#EgyptianCityAttacked_Pharaoh_LastReminder,Text,,"{[greeting]} {[player_name]}, фараон устал дожидаться ваших воинов. Скорее отправьте их в город {[city_name]}, иначе будет слишком поздно."
Events/#EgyptianCityAttacked_Pharaoh_ReasonPhrase_1,Text,,алчущие новых завоеваний
Events/#EgyptianCityAttacked_Pharaoh_ReasonPhrase_2,Text,,"бедам нет конца, ибо"
Events/#EgyptianCityAttacked_Pharaoh_Title,Text,,Египетский город атакован
Events/#EgyptianCitySaved_Content,Text,,"{[greeting]} {[player_name]}, {[reason_phrase]} город {[city_name]} удалось защитить от нашествия врагов."
Events/#EgyptianCitySaved_ReasonPhrase_1,Text,,благодаря доблести египетской армии
Events/#EgyptianCitySaved_ReasonPhrase_2,Text,,"расстановка сил постоянно меняется, однако"
Events/#EgyptianCitySaved_Title,Text,,Египетский город спасён
Events/#EgyptianCity_To_DistantCity_Content,Text,,"{[greeting]} {[player_name]}, {[reason_phrase]} великий город {[city_name]} захвачен врагами."
Events/#EgyptianCity_To_DistantCity_ReasonPhrase_2,Text,,"нет конца нашим бедам,"
Events/#EgyptianCity_To_DistantCity_Title,Text,,Египетский город пал
Events/#FamineRelief_City_Announcement,Text,,"{[greeting]} {[player_name]}, {[reason_phrase]} в городе {[city_name]} разразился голод. Отправьте в течение {1} месяцев припасы ({[resource]}, {0} шт.). Не дайте людям погибнуть!"
Events/#FamineRelief_City_Overdue,Text,,"{[greeting]} {[player_name]}, стенания голодных остались неуслышанными. Вы не отправили в срок в город {[city_name]} припасы ({[resource]}, {0} шт.). Впрочем, лучше поздно, чем никогда... Отправьте пищу и помогите жителям, если они ещё остались."
Events/#FamineRelief_City_ReasonPhrase_1,Text,,"жители города {[city_name]} теряют надежду, поскольку"
Events/#FamineRelief_City_ReasonPhrase_2,Text,,"напасти всё множатся,"
Events/#FamineRelief_City_Reminder,Text,,"{[greeting]} {[player_name]}, жители города {[city_name]} стенают от голода, а вы все ещё не прислали им припасы ({[resource]}, {0} шт.). Отправьте их в течение шести месяцев, иначе стенания голодных превратятся в плач по усопшим."
Events/#FamineRelief_City_Title,Text,,Голод
Events/#FamineRelief_City_Warning,Text,,"{[greeting]} {[player_name]}, жители города {[city_name]} не понимают, отчего вы так жестоки! У вас осталось шесть месяцев, чтобы спасти их и отправить припасы ({[resource]}, {0} шт.). Если откажетесь, их смерти будут на вашей совести."
Events/#FamineRelief_Pharaoh_Announcement,Text,,"{[greeting]} {[player_name]}, {[reason_phrase]}, на город {[city_name]} обрушился голод. Фараон повелел вам помочь соседям. Накормите народ, отправив им в течение {1} месяцев припасы ({[resource]}, {0} шт.)."
Events/#FamineRelief_Pharaoh_Overdue,Text,,"{[greeting]} {[player_name]}, фараон считает вас бессердечным аспидом. Вы так и не соизволили накормить земляков. Вы всё ещё может отправить в город {[city_name]} припасы ({[resource]}, {0} шт.) и исправиться в глазах фараона."
Events/#FamineRelief_Pharaoh_ReasonPhrase_1,Text,,удача отвернулась от подданных фараона
Events/#FamineRelief_Pharaoh_ReasonPhrase_2,Text,,напасти всё множатся
Events/#FamineRelief_Pharaoh_Reminder,Text,,"{[greeting]} {[player_name]}, фараон озадачен вашей бессердечностью. Вы все ещё не прислали страждущим в городе {[city_name]} припасы ({[resource]}, {0} шт.). У вас осталось шесть месяцев, чтобы выполнить запрос фараона."
Events/#FamineRelief_Pharaoh_Title,Text,,Голод
Events/#FamineRelief_Pharaoh_Warning,Text,,"{[greeting]} {[player_name]}, если вы в течение шести месяцев не отправите припасы в город {[city_name]} ({[resource]}, {0} шт.), будет слишком поздно. Фараон не потерпит вашей неотзывчивости, если вы не отправите товаров."
Events/#FloodFails_Content,Text,,"{[greeting]} {[player_name]}, {[reason_phrase]} жрецы пришли с плохими вестями... Они боятся, что в этом году разлива не будет! Следите за Нилометром. Если прогнозы жрецов не изменятся, нужно будет готовиться к худшему."
Events/#FloodFails_ReasonPhrase_1,Text,,"засуха охватила всю Африку, и"
Events/#FloodFails_ReasonPhrase_2,Text,,"нам выпало новое испытание,"
Events/#FloodFails_Title,Text,,Разлива не будет
Events/#Flood_Prediction_Title,Text,,Прогноз Нилометра
Events/#Flood_Quality_Excellent,Text,,"Земледельцы несказанно рады прогнозам, обещающим превосходный разлив в этом году!"
Events/#Flood_Quality_Good,Text,,"Все приметы указывают на то, что в этом году нас ждёт хороший разлив."
Events/#Flood_Quality_Mediocre,Text,,"Наши мудрецы предупреждают, что разлив в этом году будет, скорее всего, посредственным."
Events/#Flood_Quality_Mediocre_Osiris,Text,,"Мы ожидаем, что следующий разлив будет в лучшем случае посредственным. Быть может, Осирис проявит благосклонность, если его умилостивить."
Events/#Flood_Quality_None,Text,,"Ужасная весть! Знамения указывают на то, что в этом году разлива не будет вообще!"
Events/#Flood_Quality_Perfect,Text,,"Жрецы объявили, что в этом году город будет благословлён великолепным разливом!"
Events/#Flood_Quality_Poor,Text,,Жрецы ожидают в этом году слабый разлив.
Events/#Flood_Quality_Poor_Osiris,Text,,Жрецы предсказывают в этом году слабый разлив. Люди умоляют вас умилостивить Осириса и молятся о лучшем разлив в будущем.
Events/#FloodedClayPit_Content,Text,,"Страшный потоп обрушился на один из наших глиняных карьеров! Пришлось уничтожить его, чтобы спасти остальные."
Events/#FloodedClayPit_Title,Text,,Глиняный карьер затопило
Events/#GeneralRequest_City_Announcement,Text,,"{[greeting]} {[player_name]}, {[reason_phrase]} город {[city_name]} просит в течение {1} месяцев прислать следующий ресурс ({[resource]}, {0} шт.). Помогите городу {[city_name]}, и в будущем он поможет нам."
Events/#GeneralRequest_City_Overdue,Text,,"{[greeting]} {[player_name]}, время вышло, а вы так и не отправили в город {[city_name]} запрошенный ресурс ({[resource]}, {0} шт.). Впрочем, всё же попробуйте выполнить просьбу, это может удовлетворить город {[city_name]}."
Events/#GeneralRequest_City_ReasonPhrase_1,Text,,"чтобы удовлетворить потребности жителей,"
Events/#GeneralRequest_City_ReasonPhrase_2,Text,,"нет конца этому,"
Events/#GeneralRequest_City_Reminder,Text,,"{[greeting]} {[player_name]}, {[city_name]} с нетерпением ожидает запрошенного ресурса ({[resource]}, {0} шт.). У вас осталось 6 месяцев, чтобы выполнить просьбу."
Events/#GeneralRequest_City_Title,Text,,Другой город запрашивает товары
Events/#GeneralRequest_City_Warning,Text,,"{[greeting]} {[player_name]}, отправьте в город {[city_name]} запрошенный ресурс ({[resource]}, {0} шт.). Сделайте это за 6 месяцев, иначе наживёте себе врагов по соседству."
Events/#GeneralRequest_Pharaoh_Announcement,Text,,"{[greeting]} {[player_name]}, {[reason_phrase]} несравненный фараон требует в течение {1} месяцев прислать в город {[city_name]} следующий ресурс ({[resource]}, {0} шт.). Выполните его просьбу, и он будет к вам благосклонен."
Events/#GeneralRequest_Pharaoh_Overdue,Text,,"{[greeting]} {[player_name]}, вы хотите разгневать фараона? Вы не отправили вовремя в город {[city_name]} запрошенный ресурс ({[resource]}, {0} шт.). Даже запоздалая попытка выполнить этот запрос может немного успокоить фараона."
Events/#GeneralRequest_Pharaoh_ReasonPhrase_1,Text,,"чтобы пополнить запасы в своих владениях,"
Events/#GeneralRequest_Pharaoh_ReasonPhrase_2,Text,,"алчность фараона не знает границ, поэтому"
Events/#GeneralRequest_Pharaoh_Reminder,Text,,"{[greeting]} {[player_name]}, фараон недоумевает, почему в город {[city_name]} ещё не поступил запрошенный ресурс ({[resource]}, {0} ед.)? У вас осталось 6 месяцев, чтобы выполнить запрос фараона."
Events/#GeneralRequest_Pharaoh_Title,Text,,Фараон запрашивает товары
Events/#GeneralRequest_Pharaoh_Warning,Text,,"{[greeting]} {[player_name]}, у вас лишь 6 месяцев на то, чтобы отправить в город {[city_name]} запрошенный ресурс ({[resource]}, {0} шт.). Выполните запрос фараона, иначе кары не избежать."
Events/#Gift_City_Accepted,Text,,"Наши склады и амбары приняли столько даров ({[resource]}) от города {[city_name]}, сколько смогли."
Events/#Gift_City_CashAccepted,Text,,Милостью города {[city_name]} ваша казна пополнилась {0} дебенами.
Events/#Gift_City_CashGranted,Text,,"{[greeting]} {[player_name]}, {[reason_phrase]} город {[city_name]} решил преподнести вам в дар {0} дебенов."
Events/#Gift_City_Forfeited,Text,,"{[greeting]} {[player_name]}, у нас все ещё не хватает места, чтобы принять дар города {[city_name]} ({[resource]}, {0} шт.), а потому он нам не достанется."
Events/#Gift_City_Granted,Text,,"{[greeting]} {[player_name]}, {[reason_phrase]} город {[city_name]} решил преподнести вам дар ({[resource]}, {0} ед.)."
Events/#Gift_City_InsufficientSpace,Text,,"{[greeting]} {[player_name]}, {[reason_phrase]} город {[city_name]} решил преподнести вам дар ({[resource]}, {0} шт.), однако склады и амбары заполнены. Освободите место, и подарок доставят в следующем месяце."
Events/#Gift_City_LastChance,Text,,"{[greeting]} {[player_name]}, город {[city_name]} пытался преподнести вам дар ({[resource]}, {0} шт.), однако на складах и в амбарах все ещё недостаточно места. Вы слишком долго заставляете послов ждать, их терпение на исходе. Примите часть дар, поскольку они больше не вернутся."
Events/#Gift_City_PartialSpace,Text,,"{[greeting]} {[player_name]}, {[reason_phrase]} город {[city_name]} решил преподнести вам дар ({[resource]}, {0} ед.). На складах и в амбарах города недостаточно места, поэтому вы можете принять только половину дар."
Events/#Gift_City_Postponed,Text,,Послы из города {[city_name]} вернутся с даром ({[resource]}) через месяц.
Events/#Gift_City_ReasonPhrase_1,Text,,"поскольку вам не помешает помощь,"
Events/#Gift_City_ReasonPhrase_2,Text,,"египтяне всегда помогают друг другу, поэтому"
Events/#Gift_City_Refused,Text,,"Пусть вы отказались принять дар ({[resource]}) от города {[city_name]}, кому-нибудь пригодится наша помощь."
Events/#Gift_City_Title,Text,,Дар от соседей
Events/#Gift_DetailsTitle,Text,,Дар
Events/#Gift_Pharaoh_Accepted,Text,,"По велению фараона наши склады и амбары приняли столько даров ({[resource]}) от города {[city_name]}, сколько смогли."
Events/#Gift_Pharaoh_CashAccepted,Text,,По велению фараона ваша казна пополнилась {0} дебенами.
Events/#Gift_Pharaoh_CashGranted,Text,,"{[greeting]} {[player_name]}, {[reason_phrase]} фараон приказал городу {[city_name]} отправить вам в дар {0} дебенов."
Events/#Gift_Pharaoh_Forfeited,Text,,"{[greeting]} {[player_name]}, у нас все ещё не хватает места, чтобы принять дар города {[city_name]} ({[resource]}, {0} шт.), а потому он нам не достанется."
Events/#Gift_Pharaoh_Granted,Text,,"{[greeting]} {[player_name]}, {[reason_phrase]} фараон приказал городу {[city_name]} отправить вам в дар ресурсы ({[resource]}, {0} шт.)."
Events/#Gift_Pharaoh_InsufficientSpace,Text,,"{[greeting]} {[player_name]}, {[reason_phrase]} фараон приказал городу {[city_name]} отправить вам в дар ресурсы ({[resource]}, {0} шт.), однако склады и амбары заполнены. Освободите место, и подарок доставят в следующем месяце."
Events/#Gift_Pharaoh_LastChance,Text,,"{[greeting]} {[player_name]}, по приказу фараона город {[city_name]} пытался преподнести вам дар ({[resource]}, {0} шт.), однако на складах и в амбарах все ещё недостаточно места. Вы слишком долго заставляете послов ждать, их терпение на исходе. Примите часть дар, поскольку они больше не вернутся."
Events/#Gift_Pharaoh_PartialSpace,Text,,"{[greeting]} {[player_name]}, {[reason_phrase]} фараон приказал преподнести вам дар из города {[city_name]} ({[resource]}, {0} шт.). На складах и в амбарах недостаточно места, поэтому вы можете принять только половину дара."
Events/#Gift_Pharaoh_Postponed,Text,,Послы из города {[city_name]} вернутся с даром ({[resource]}) через месяц.
Events/#Gift_Pharaoh_ReasonPhrase_1,Text,,"поскольку вам не помешает помощь,"
Events/#Gift_Pharaoh_ReasonPhrase_2,Text,,"щедрость фараона не знает границ, поэтому"
Events/#Gift_Pharaoh_Refused,Text,,"Пусть вы отказались принять дар ({[resource]}) от города {[city_name]}, кому-нибудь пригодится наша помощь."
Events/#Gift_Pharaoh_Title,Text,,Дар от фараона
Events/#GoldMineCollapse_Content,Text,,"{[greeting]} {[player_name]}, {[reason_phrase]} золотой рудник завалило. Наши архитекторы ничего не могли с этим поделать. Остаётся уповать на то, что рабочие успели выбраться из шахты."
Events/#GoldMineCollapse_ReasonPhrase_1,Text,,из-за движения песков
Events/#GoldMineCollapse_ReasonPhrase_2,Text,,случилось непредвиденное! Наш
Events/#GoldMineCollapse_Title,Text,,Обрушение на золотом руднике
Events/#GreatFestival_City_Announcement,Text,,"{[greeting]} {[player_name]}, {[reason_phrase]} город {[city_name]} просит прислать на великий праздник в честь божества {[god]} ресурс ({[resource]}, {0} шт.). Эти товары нужны городу через {1} месяца."
Events/#GreatFestival_City_Overdue,Text,,"{[greeting]} {[player_name]}, в городе {[city_name]} недовольны тем, что к великому празднику в честь божества {[god]} пришлось искать товары где-то ещё. Вы всё ещё можете их задобрить, если отправите запрошенный ресурс ({[resource]}, {0} шт.)."
Events/#GreatFestival_City_ReasonPhrase_1,Text,,"{[god]} благословляет город {[city_name]}, поэтому"
Events/#GreatFestival_City_ReasonPhrase_2,Text,,"{[god]} проявляет недовольство, поэтому"
Events/#GreatFestival_City_Reminder,Text,,"{[greeting]} {[player_name]}, великий праздник в честь божества {[god]} приближается, а вы все ещё не отправили в город {[city_name]} запрошенный ресурс ({[resource]}, {0} шт.). У вас осталось шесть месяцев."
Events/#GreatFestival_City_Warning,Text,,"{[greeting]} {[player_name]}, в городе {[city_name]} недовольны вашими действиями! Отправьте в течение шести месяцев запрошенный ресурс ({[resource]}, {0} шт.). В противном случае хороших отношений с городом не видать."
Events/#GreatFestival_Pharaoh_Announcement,Text,,"{[greeting]} {[player_name]}, {[reason_phrase]} фараон хочет провести великий праздник в честь божества {[god]} в городе {[city_name]}, и ему требуются ваши товары. Отправьте в течение {1} месяцев ресурсы ({[resource]}, {0} шт.)."
Events/#GreatFestival_Pharaoh_Overdue,Text,,"{[greeting]} {[player_name]}, срок истёк, и фараон приказал устроить великий праздник в честь божества {[god]} без вашей помощи. Все же отправьте в город {[city_name]} запрошенный ресурс ({[resource]}, {0} шт.). Быть может, фараон найдёт силы сменить гнев на милость."
Events/#GreatFestival_Pharaoh_ReasonPhrase_1,Text,,"чтобы почтить божество,"
Events/#GreatFestival_Pharaoh_ReasonPhrase_2,Text,,"{[god]} проявляет недовольство, поэтому"
Events/#GreatFestival_Pharaoh_Reminder,Text,,"{[greeting]} {[player_name]}, у вас осталось шесть месяцев на то, чтобы прислать в город {[city_name]} на великий праздник в честь божества {[god]} ресурс ({[resource]}, {0} шт.). Если вы не выполните просьбу, фараон будет недоволен."
Events/#GreatFestival_Pharaoh_Title,Text,,{[god]} в ожидании праздника
Events/#GreatFestival_Pharaoh_Warning,Text,,"{[greeting]} {[player_name]}, у вас всего шесть месяцев, чтобы отправить в город {[city_name]} на великий праздник в честь божества {[god]} запрошенный ресурс ({[resource]}, {0} шт.). Горе тому, на кого обрушится ярость фараона!"
Events/#Greetings_1,Text,,О деревенский старейшина
Events/#Greetings_10,Text,,О визирь
Events/#Greetings_11,Text,,О великий фараон
Events/#Greetings_12,Text,,Приветствую
Events/#Greetings_2,Text,,О деревенский вельможа
Events/#Greetings_3,Text,,О царский учёный
Events/#Greetings_4,Text,,О царский писец
Events/#Greetings_5,Text,,О царский судья
Events/#Greetings_6,Text,,О царский градоначальник
Events/#Greetings_7,Text,,О царский наместник
Events/#Greetings_8,Text,,О номарх
Events/#Greetings_9,Text,,О казначей
Events/#Hailstorm_Content,Text,,"Ветер несёт гибель и разорение! Разразилась чудовищная буря, обрушившая на наши земли жестокий град. Да защитят боги тех, кто не успел спрятаться от беспощадного проклятия!"
Events/#Hailstorm_Title,Text,,Град
Events/#Invasion_Bedouin_Announcement,Text,,"{[greeting]} {[player_name]}, {[reason_phrase]} армия бедуинов движется в сторону города и достигнет его через {[time_until_attack]} месяцев."
Events/#Invasion_Bedouin_FirstAlert,Text,,"{[greeting]} {[player_name]}, {[reason_phrase]} армия бедуинов готовится к нападению. Она достигнет города в течение шести месяцев."
Events/#Invasion_Bedouin_FirstReminder,Text,,"{[greeting]} {[player_name]}, {[reason_phrase]} армия бедуинов всё ближе. Она достигнет города в течение двух лет."
Events/#Invasion_Bedouin_LastAlert,Text,,"{[greeting]} {[player_name]}, {[reason_phrase]} армия бедуинов совсем близко! Она достигнет города в течение месяца."
Events/#Invasion_Bedouin_LastReminder,Text,,"{[greeting]} {[player_name]}, {[reason_phrase]} армия бедуинов всё ближе к городу. Она придёт сюда в течение года."
Events/#Invasion_Bedouin_ReasonPhrase_1,Text,,"враги жаждут наших богатств,"
Events/#Invasion_Bedouin_ReasonPhrase_2,Text,,"нам угрожает великая беда,"
Events/#Invasion_Bedouin_Title,Text,,Нападение бедуинской армии
Events/#Invasion_ForeignArmy_Announcement,Text,,"{[greeting]} {[player_name]}, {[reason_phrase]} {[a_foreign_army]} вторглась в наши земли и достигнет города через {0} месяцев."
Events/#Invasion_ForeignArmy_FirstAlert,Text,,"{[greeting]} {[player_name]}, {[reason_phrase]} {[a_foreign_army]} вторглась в наши земли и достигнет города через шесть месяцев. Приготовьтесь к их прибытию."
Events/#Invasion_ForeignArmy_FirstReminder,Text,,"{[greeting]} {[player_name]}, {[reason_phrase]} {[a_foreign_army]} окажется у наших ворот через два года."
Events/#Invasion_ForeignArmy_LastAlert,Text,,"{[greeting]} {[player_name]}, {[reason_phrase]} {[a_foreign_army]} в предвкушении трофеев прибудет к городу через месяц."
Events/#Invasion_ForeignArmy_LastReminder,Text,,"{[greeting]} {[player_name]}, {[reason_phrase]} {[a_foreign_army]} мечтает захватить ваш город и прибудет через один год."
Events/#Invasion_ForeignArmy_ReasonPhrase_1,Text,,"стремясь создать собственную империю,"
Events/#Invasion_ForeignArmy_ReasonPhrase_2,Text,,"нет конца нашим бедам,"
Events/#Invasion_ForeignArmy_Title,Text,,Вторжение чужеземной армии
Events/#Invasion_PharaohArmy_Announcement,Text,,"{[greeting]} {[player_name]}, {[reason_phrase]} армия фараона выдвинулась в вашу сторону и достигнет города через {0} месяцев."
Events/#Invasion_PharaohArmy_FirstAlert,Text,,"{[greeting]} {[player_name]}, {[reason_phrase]} армия фараона с предвкушением ждёт нападения и достигнет города через шесть месяцев."
Events/#Invasion_PharaohArmy_FirstReminder,Text,,"{[greeting]} {[player_name]}, {[reason_phrase]}! Армия фараона всё ближе. Она достигнет города в течение двух лет."
Events/#Invasion_PharaohArmy_LastAlert,Text,,"{[greeting]} {[player_name]}, {[reason_phrase]} армия фараона всего в одном месяце пути от вашего пути!"
Events/#Invasion_PharaohArmy_LastReminder,Text,,"{[greeting]} {[player_name]}, {[reason_phrase]} армия фараона готовится к битве и достигнет города через один год."
Events/#Invasion_PharaohArmy_ReasonPhrase_1,Text,,"ваша репутация в Царстве окончательно испорчена. Быть может, если одарить египетский народ, вы ещё сможете вернуть его расположение, однако"
Events/#Invasion_PharaohArmy_ReasonPhrase_2,Text,,"вы полностью утратили доверие, поэтому"
Events/#Invasion_PharaohArmy_Title,Text,,Нападение армии фараона
Events/#KingdomRatingDown_Content,Text,,"{[greeting]} {[player_name]}, {[reason_phrase]} египетский народ недоволен вами, а потому ваша репутация в Царстве падает."
Events/#KingdomRatingDown_ReasonPhrase_1,Text,,"в Царстве растёт недовольство,"
Events/#KingdomRatingDown_ReasonPhrase_2,Text,,"плохие вести,"
Events/#KingdomRatingDown_Title,Text,,Рейтинг Царства падает
Events/#KingdomRatingUp_Content,Text,,"{[greeting]} {[player_name]}, {[reason_phrase]} вы завоевали уважение среди египтян, а потому ваша репутация в Царстве растёт."
Events/#KingdomRatingUp_ReasonPhrase_1,Text,,"настали хорошие времена,"
Events/#KingdomRatingUp_ReasonPhrase_2,Text,,"радостные вести,"
Events/#KingdomRatingUp_Title,Text,,Рейтинг Царства растёт
Events/#LandTradeProblem_Content,Text,,"{[greeting]} {[player_name]}, {[reason_phrase]} коварные пески заносят дороги, полностью засыпав некоторые участки. Торговцы боятся сбиться с пути и не рискуют выходить. Пока ветра не утихнут, никаких торговцев не будет."
Events/#LandTradeProblem_ReasonPhrase_1,Text,,из-за сильных ветров
Events/#LandTradeProblem_ReasonPhrase_2,Text,,"пустыня — опасное место,"
Events/#LandTradeProblem_Title,Text,,Песчаная буря
Events/#LocustPlague_Content,Text,,"Люди рассказывают о безумном рое прожорливой саранчи, опустошающем поля по всему Египту. Берегитесь нашествия в следующем урожайном сезоне!"
Events/#LocustPlague_Title,Text,,Нашествие саранчи
Events/#Notif_AttackCancelled_Content,Text,,"Поступил новый приказ! Вам удалось вернуть уважение Египта, а потому ваше уничтожение больше не требуется. Я прощаюсь с вами... на этот раз."
Events/#Notif_AttackCancelled_Title,Text,,Нападение не состоялось
Events/#Notif_CitySentimentFall30,Text,,"Настроения в городе настолько низки, что никто не хочет селиться в нашем городе. Если настроения упадут ещё ниже, люди начнут покидать город. Необходимо решить эту проблему как можно скорее!"
Events/#Notif_CitySentimentFall50,Text,,"Настроения в городе падают, и всё меньше и меньше людей хочет поселиться в нашем городе. Решите эту проблему как можно скорее, пока приток новых жителей вовсе не сошёл на нет."
Events/#Notif_CitySentimentFall_Title,Text,,Настроения в городе падают!
Events/#Notif_CitySentimentUp30,Text,,"Настроения в городе начинают расти, а вместе с ним медленно растёт приток новых жителей. Худшее уже позади."
Events/#Notif_CitySentimentUp50,Text,,"Настроения в городе на подъёме. В город прибывают много поселенцев, но ситуацию можно сделать ещё лучше."
Events/#Notif_CollapsedBuilding_Content,Text,,"Без надлежащего осмотра со стороны архитекторов некоторые крупные сооружения могут обвалиться. Нажмите «Слой рисков», чтобы увидеть здания под угрозой обрушения. Рядом с ними следует построить пост архитектора."
Events/#Notif_CollapsedBuilding_Title,Text,,Рухнуло здание
Events/#Notif_CompliancePossible_Content_Debens,Text,,"Ваш советник по политике сообщает, что в казне теперь содержится достаточно дебенов для выполнения последнего запроса."
Events/#Notif_CompliancePossible_Content_Resources,Text,,"Ваш советник по политике сообщает, что на складе теперь содержится достаточно товаров для выполнения последнего запроса."
Events/#Notif_CompliancePossible_Title,Text,,Требование выполнимо
Events/#Notif_CrimeWave_Content,Text,,"Да смилостивятся боги над нами! В город проникла шайка алчных расхитителей гробниц, жаждущих нажиться нечестивым способом. Остановите их, пока они не разворовали великолепные погребальные принадлежности, захороненные вместе с нашими благородными усопшими."
Events/#Notif_CrimeWave_Title,Text,,Череда преступлений
Events/#Notif_DebtAnniversary_Content,Text,,"В вашей казне так и не появились дебены. Каждый год невыплаченного долга наносит урон вашей репутации, а значит — и вашей репутации в Царстве. Возможно, вам следует не много подучиться в науке управления деньгами."
Events/#Notif_DebtAnniversary_Title,Text,,Годовщина долга
Events/#Notif_Debt_Content,Text,,"Ваша казна терпит убытки. Вы можете взять взаймы 5000 дебенов, однако, если не выплатить долг в кратчайшие сроки, репутация вашей династии может пострадать."
Events/#Notif_Debt_Title,Text,,Долги!
Events/#Notif_DisconnectedEntries_Content,Text,,Места появления и возвращения служащих для здания разъедены!
Events/#Notif_DisconnectedEntries_Title,Text,,Отсоединённые постройки
Events/#Notif_Disease_Content,Text,,"Болезнь поразила районы без должного здравоохранения. Люди умирают, и вы не можете им помочь. Повысьте уровень здравоохранения в неблагополучных областях, чтобы этот случай не повторился."
Events/#Notif_Disease_Title,Text,,Болезнь
Events/#Notif_Festival_NotEnoughDebens_Content,Text,,"Для оплаты праздника не хватает дебенов<sprite name=""Deben"">."
Events/#Notif_Festival_NotEnoughFunds_Content,Text,,Для проведения праздника не хватает дебенов.
Events/#Notif_Festival_NotEnoughFunds_Title,Text,,Внимание
Events/#Notif_Festival_NotEnoughResources_Content,Text,,"У вас есть {0} мер пива<sprite name=""Beer"">. Для праздника требуется {1} мер."
Events/#Notif_Festival_NotEnoughResources_Title,Text,,Внимание
Events/#Notif_FinishedAbuSimbel_Content,Text,,"{[greeting]} {[player_name]}, это поистине величайшее достижение! Ваши умелые работники создали бессмертный памятник, прославляющий величие нашего фараона и могущество всего Египта."
Events/#Notif_FinishedAbuSimbel_Title,Text,,Абу-Симбел закончен!
Events/#Notif_FinishedAlexandriaLibrary_Content,Text,,"{[greeting]} {[player_name]}, после долгих трудов изысканные двери великолепной Александрийской библиотеки готовы распахнуться для учёных со всего света."
Events/#Notif_FinishedAlexandriaLibrary_Title,Text,,Александрийская библиотека закончена!
Events/#Notif_FinishedBentPyramid_Content,Text,,"{[greeting]} {[player_name]}, строительство ломаной пирамиды наконец завершилось! Это поистине великое событие для города."
Events/#Notif_FinishedBentPyramid_Title,Text,,Ломаная пирамида закончена!
Events/#Notif_FinishedCaesareum_Content,Text,,"{[greeting]} {[player_name]}, священный храм и великолепные сады Цезариума наконец-то завершены! Слава о его небывалой красоте уже расходится по всей стране."
Events/#Notif_FinishedCaesareum_Title,Text,,Цезариум закончен!
Events/#Notif_FinishedGrandTomb_Content,Text,,"{[greeting]} {[player_name]}, после долгих трудов великая царская гробница наконец завершена, и очень вовремя — говорят, что великий фараон скоро нас покинет. Эта выдающаяся гробница поможет ему совершить путешествие в загробный мир."
Events/#Notif_FinishedGrandTomb_Title,Text,,Великая гробница закончена!
Events/#Notif_FinishedLargeTomb_Content,Text,,"{[greeting]} {[player_name]}, после долгих лет трудов в недрах земли рабочие наконец завершили строительство самой величественной гробницы! Это поистине выдающееся достижение."
Events/#Notif_FinishedLargeTomb_Title,Text,,Большая гробница закончена!
Events/#Notif_FinishedLighthouse_Content,Text,,"{[greeting]} {[player_name]}, немало пота и даже крови пролили рабочие при возведении дивного Фаросского маяка, однако вот уложен последний блок мрамора! Его яркий свет уже привлекает торговцев со всего света."
Events/#Notif_FinishedLighthouse_Title,Text,,Фаросский маяк построен!
Events/#Notif_FinishedMastaba_Content,Text,,"{[greeting]} {[player_name]}, на место уложен последний кирпич — строительство мастабы завершилось!"
Events/#Notif_FinishedMastaba_Title,Text,,Мастаба закончена!
Events/#Notif_FinishedMausoleum_Content,Text,,"{[greeting]} {[player_name]}, священный мавзолей наконец достроен! Это поистине знаменательное событие в жизни города."
Events/#Notif_FinishedMausoleum_Title,Text,,Мавзолей закончен!
Events/#Notif_FinishedMedTomb_Content,Text,,"{[greeting]} {[player_name]}, наконец среднюю царскую гробницу достроили и наполнили всем необходимым. Она непременно поможет недавно усопшему фараону отправиться в загробный мир."
Events/#Notif_FinishedMedTomb_Title,Text,,Средняя гробница закончена!
Events/#Notif_FinishedMudbrickPyramid_Content,Text,,"{[greeting]} {[player_name]}, каменотёсы закончили облицовку ослепительно белым известняком, и наконец кирпичная пирамида готова!"
Events/#Notif_FinishedMudbrickPyramid_Title,Text,,Кирпичная пирамида закончена!
Events/#Notif_FinishedObelisk_Content,Text,,"{[greeting]} {[player_name]}, каменщики нанесли последние штрихи, и вот обелиск наконец закончен!"
Events/#Notif_FinishedObelisk_Title,Text,,Обелиск закончен!
Events/#Notif_FinishedPyramid_Content,Text,,"{[greeting]} {[player_name]}, это величайшее достижение! После бесчисленных месяцев тяжких трудов пирамида наконец-то готова!"
Events/#Notif_FinishedPyramid_Title,Text,,Пирамида закончена!
Events/#Notif_FinishedSmallTomb_Content,Text,,"{[greeting]} {[player_name]}, строительство малой царской гробницы завершено. Уповаем, что ещё нескоро строителям придётся воздвигать новую."
Events/#Notif_FinishedSmallTomb_Title,Text,,Малая гробница закончена!
Events/#Notif_FinishedSphinx_Content,Text,,"{[greeting]} {[player_name]}, наконец-то каменотёсы закончили работу над Великим сфинксом. Этот монумент будет веками охранять Египет."
Events/#Notif_FinishedSphinx_Title,Text,,Сфинкс закончен!
Events/#Notif_FinishedSteppedPyramid_Content,Text,,"{[greeting]} {[player_name]}, наконец-то ступенчатая пирамида достроена! Этот монумент навсегда останется свидетельством ваших достижений."
Events/#Notif_FinishedSteppedPyramid_Title,Text,,Ступенчатая пирамида закончена!
Events/#Notif_FinishedSunTemple_Content,Text,,"{[greeting]} {[player_name]}, спустя многие месяцы тяжёлой работы строительство храма Солнца закончено! Это поистине великое событие в жизни вашего города."
Events/#Notif_FinishedSunTemple_Title,Text,,Храм Солнца закончен!
Events/#Notif_Fire_Content,Text,,"Город охвачен огнём! Нажмите «Слой рисков», чтобы увидеть места, где может возникнуть пожар. Рядом пожароопасными зданиями следует построить пожарный пост."
Events/#Notif_Fire_Title,Text,,В городе пожар
Events/#Notif_GoldMiner_Attacked,Text,,Старателя с золотого рудника ограбили!
Events/#Notif_GoldMiner_Attacked_Content,Text,,Увеличьте количество стражников для предотвращения подобного инцидента. Каждый ограбленный доставщик означает потерю 100 дебенов!
Events/#Notif_HighUnemployement_Content,Text,,"В городе слишком мало рабочих мест. Если не создать новые, безработные жители могут в отчаянии встать на преступный путь или отправиться искать счастья в других городах."
Events/#Notif_HighUnemployement_Title,Text,,Безработица
Events/#Notif_InsufficientWorkforce_Content,Text,,"Рабочие места пустуют, потому что в городе не хватает людей трудоспособного возраста. Найдите новых рабочих, иначе городские службы и производство придут в упадок."
Events/#Notif_InsufficientWorkforce_Title,Text,,Требуются рабочие
Events/#Notif_KingdomRoadBlocked_Content_var,Text,,У части города нет доступа к Царскому тракту.
Events/#Notif_Malaria_Content,Text,,"Жители нескольких домов слегли с малярией. Заботьтесь о здоровье горожан, чтобы они не умирали понапрасну!"
Events/#Notif_Malaria_Title,Text,,Малярия
Events/#Notif_MummyAttack_Content,Text,,"Ожившая мумия наводит страх на улицы города. Остановите нежить, пока проклятие не распространилось дальше."
Events/#Notif_MummyAttack_Title,Text,,Нападение мумии!
Events/#Notif_NoAccessToFish_Content,Text,,"Рыбаки пожаловались, что мост преградил им путь! Корабли не могут проплывать под мостом. Уберите его, чтобы рыбаки начали привозить в город свежую рыбу."
Events/#Notif_NoAccessToFish_Title,Text,,Нет пути для рыбацких лодок
Events/#Notif_NoWorkingDock_Content,Text,,"Вы повелели советнику по торговле начать торговлю с морским купцом, однако корабли не могут пристать к нашим берегам! Необходимо построить пристань и нанять рабочих. Когда пристань заработает, корабли начнут торговать."
Events/#Notif_NoWorkingDock_Title,Text,,Нет действующей пристани
Events/#Notif_OutOfMoney_Content,Text,,"О великий фараон, городская казна опустела! Верные номархи преподнесли вам столько дебенов, сколько смогли себе позволить, однако впредь они не помогут."
Events/#Notif_OutOfMoney_Content_var,Text,,"Казна опустела. Вам дарован дополнительный запас дебенов, однако впредь меценаты не будут вас спасать. Используйте этот дар так, чтобы город начал приносить деньги."
Events/#Notif_OutOfMoney_Title,Text,,Кончились деньги!
Events/#Notif_Plague_Content,Text,,"В городе свирепствует чума! Учитывая слабое здоровье жителей, это был лишь вопрос времени. Будем уповать на силы наших аптекарей."
Events/#Notif_Plague_Title,Text,,Чума
Events/#Notif_PopulationMilestone_100,Text,,В вашу деревню пришло уже сто человек.
Events/#Notif_PopulationMilestone_1000,Text,,Уже тысяча человек считают ваш город своим домом.
Events/#Notif_PopulationMilestone_10000,Text,,С населением в десять тысяч человек ваш город по праву входит в число величайших в Египте.
Events/#Notif_PopulationMilestone_15000,Text,,Немногие города могут сравниться с вашим! В нём проживает уже пятнадцать тысяч человек.
Events/#Notif_PopulationMilestone_2000,Text,,"Насчитывая уже две тысячи жителей, ваш город становится более важным."
Events/#Notif_PopulationMilestone_20000,Text,,Прочие наместники и номархи могут только завидовать вашему городу численностью в двадцать тысяч человек!
Events/#Notif_PopulationMilestone_25000,Text,,"Горстка переселенцев, что когда-то основала ваш город, и представить себе не могла, что когда-нибудь в нём будет жить двадцать пять тысяч человек!"
Events/#Notif_PopulationMilestone_3000,Text,,Население вашего города впервые достигло отметки трёх тысяч человек.
Events/#Notif_PopulationMilestone_500,Text,,В вашем растущем городе поселилось уже 500 человек.
Events/#Notif_PopulationMilestone_5000,Text,,Ваш город становится большим. Здесь живёт уже пять тысяч человек.
Events/#Notif_PopulationMilestone_50000,Text,,Ваш город насчитывает уже пятьдесят тысяч человек! Никому до вас такое не удавалось.
Events/#Notif_PopulationMilestone_Title,Text,,Новая веха населения
Events/#Notif_RoadMissing_Content,Text,,ВНИМАНИЕ! Здание не соединено с дорогой.
Events/#Notif_RoadMissing_Title,Text,,Нет дороги
Events/#Notif_Theft_CourtHouse,Text,,Здание суда только что ограбили!
Events/#Notif_Theft_CourtHouse_Content,Text,,"Хотя суды помогают снизить преступность, вам также нужны стражники для того, чтобы воры не разграбляли сами суды!"
Events/#Notif_Theft_Mansion,Text,,Вор украл сбережения из вашего особняка!
Events/#Notif_Theft_Mansion_Content,Text,,"Следите за тем, чтобы у вас было достаточно стражников, обходящих город, и воры не влезут в ваш особняк снова!"
Events/#Notif_Theft_Palace,Text,,Дворец ограбили!
Events/#Notif_Theft_Palace_Content,Text,,"Следите за тем, чтобы у вас было достаточно стражников, обходящих город, и воры не влезут во дворец снова!"
Events/#Notif_Theft_TaxCollector,Text,,Контору сборщика налогов только что ограбили!
Events/#Notif_Theft_TaxCollector_Content,Text,,"Постройте ещё здания городской стражи, чтобы сборщики налогов не подвергались грабежам!"
Events/#Notif_TroopsReturnDefeated_Content,Text,,"Под покровом ночи остатки посрамлённого отряда тихо вернулись под надёжное укрытие ваших фортов, поклявшись впредь не допускать подобного унижения."
Events/#Notif_TroopsReturnDefeated_Title,Text,,Возвращение войска
Events/#Notif_TroopsReturnVictorious_Content,Text,,"Ваши бравые герои возвращаются домой с победой. Не всем суждено было уцелеть, Египет будет вечно чтить их подвиг!"
Events/#Notif_TroopsReturnVictorious_Title,Text,,Герои вернулись!
Events/#PerfectFlood_Content,Text,,"{[greeting]} {[player_name]}, {[reason_phrase]}! На нас снизошло благословение! В этом году обещается сильный разлив. Регулярно проверяйте Нилометр. Если прогнозы ухудшатся, город может оказаться к этому не готов."
Events/#PerfectFlood_ReasonPhrase_1,Text,,вас ждёт благая весть — вскоре в Африку придут обильные дожди
Events/#PerfectFlood_ReasonPhrase_2,Text,,удача на нашей стороне
Events/#PerfectFlood_Title,Text,,Ожидается превосходный разлив
Events/#PriceDown_Content,Text,,"{[greeting]} {[player_name]}, {[reason_phrase]} цена на товар {[resource]} снизилась. Его продажа будет приносить меньше дохода."
Events/#PriceDown_ReasonPhrase_1,Text,,из-за переизбытка по всему Царству
Events/#PriceDown_ReasonPhrase_2,Text,,"дела на рынках продолжают меняться, и"
Events/#PriceDown_Title,Text,,Снижение цен
Events/#PriceUp_Content,Text,,"{[greeting]} {[player_name]}, {[reason_phrase]}, цена на товар {[resource]} выросла. Ввоз будет дороже, зато можно больше заработать на продаже."
Events/#PriceUp_ReasonPhrase_1,Text,,из-за снижения поставок по всему миру
Events/#PriceUp_ReasonPhrase_2,Text,,"дела на рынках продолжают меняться, и"
Events/#PriceUp_Title,Text,,Повышение цен
Events/#Request_DetailsTitle,Text,,Запрос
Events/#SeaTradeProblem_Content,Text,,"{[greeting]} {[player_name]}, {[reason_phrase]}! Беспокойные волны могут разнести торговые корабли на щепки. Буря будет бушевать ещё несколько месяцев, и пока торговцы не готовы рисковать товаром. Мы не можем вести торговлю по воде."
Events/#SeaTradeProblem_ReasonPhrase_1,Text,,бушует шторм
Events/#SeaTradeProblem_ReasonPhrase_2,Text,,нам выпало новое испытание
Events/#SeaTradeProblem_Title,Text,,Буря
Events/#ThreatCompliance_Content,Text,,"{[greeting]} {[player_name]}, {[reason_phrase]} городу ничто не угрожает... пока."
Events/#ThreatCompliance_ReasonPhrase_1,Text,,"поскольку вы безропотно пошли на попятную,"
Events/#ThreatCompliance_ReasonPhrase_2,Text,,"вы безропотно пошли на попятную, и"
Events/#ThreatCompliance_ReasonPhrase_3,Text,,"раз вы безропотно пошли на попятную,"
Events/#ThreatCompliance_Title,Text,,Требование выполнено
Events/#Threat_City_Announcement,Text,,"{[greeting]} {[player_name]}, {[reason_phrase]} город {[city_name]} требует прислать в течение {1} месяцев ресурс ({[resource]}, {0} шт.). Если откажетесь, {[city_name]} направит против вас свои войска."
Events/#Threat_City_Overdue,Text,,"{[greeting]} {[player_name]}, {[city_name]} оглашается боевым кличем воинов, которые готовятся смести ваш город с лица земли. Как можно скорее отправьте в город {[city_name]} запрошенный ресурс ({[resource]}, {0} шт.). Может, тогда они проявят милосердие."
Events/#Threat_City_ReasonPhrase_1,Text,,"город {[city_name]} жаждет славы, поэтому"
Events/#Threat_City_ReasonPhrase_2,Text,,"аппетиты города {[city_name]} поистине непомерны, вот и сейчас"
Events/#Threat_City_Reminder,Text,,"{[greeting]} {[player_name]}, армия города {[city_name]} предвкушает славную битву. Они оставят воинственные планы, если в течение шести месяцев вы отправите запрошенный ресурс ({[resource]}, {0} шт.). Хотя солдаты будут разочарованы."
Events/#Threat_City_Title,Text,,Поборы другого города
Events/#Threat_City_Warning,Text,,"{[greeting]} {[player_name]}, завоевательная армия города {[city_name]} готовится к походу. Они ещё могут пощадить город, если в течение шести месяцев вы отправите им запрошенный ресурс ({[resource]}, {0} шт.)."
Events/#Threat_Pharaoh_Announcement,Text,,"{[greeting]} {[player_name]}, {[reason_phrase]} он приказал в течение {1} месяцев прислать в город {[city_name]} ресурс ({[resource]}, {0} шт.). Иначе он нападёт на ваш цветущий город."
Events/#Threat_Pharaoh_Overdue,Text,,"{[greeting]} {[player_name]}, время истекло! Фараон жаждет вашей крови. Вы ещё можете удержать его от нападения, если как можно скорее отправите в город {[city_name]} запрошенный ресурс ({[resource]}, {0} шт.)."
Events/#Threat_Pharaoh_ReasonPhrase_1,Text,,"фараон в дурном расположении духа, поэтому"
Events/#Threat_Pharaoh_ReasonPhrase_2,Text,,"ничто не радует нашего фараона, поэтому"
Events/#Threat_Pharaoh_Reminder,Text,,"{[greeting]} {[player_name]}, гордый фараон уже собирает войска и вскоре прикажет им атаковать ваш город. У вас шесть месяцев, чтобы отправить в город {[city_name]} запрошенный ресурс ({[resource]}, {0} шт.). Иначе неприятностей не избежать."
Events/#Threat_Pharaoh_Title,Text,,Поборы фараона
Events/#Threat_Pharaoh_Warning,Text,,"{[greeting]} {[player_name]}, раз вы не отдаёте требуемое добровольно, тщеславный фараон вознамерился забрать это силой. Его армия готовится к вторжению, однако вы ещё можете предотвратить бойню, если в течение шести месяцев отправите ему запрошенный ресурс ({[resource]}, {0} шт.). В противном случае кровопролития не избежать."
Events/#ToadPlague_Content,Text,,"На нашу землю наслали гнусное проклятие! Бесконечные жабы переполняют улицы и жилища, вынуждая жителей бежать из домов!"
Events/#ToadPlague_Title,Text,,Нашествие жаб
Events/#TradeRouteAvailable_Content,Text,,"{[greeting]} {[player_name]}, {[reason_phrase]} можно проложить новый торговый путь в город {[city_name]}."
Events/#TradeRouteAvailable_ReasonPhrase_1,Text,,благодаря плодотворным переговорам
Events/#TradeRouteAvailable_ReasonPhrase_2,Text,,времена меняются! Теперь
Events/#TradeRouteAvailable_Title,Text,,Появился новый торговый путь
Events/#TradeRouteShutsDown_Content,Text,,"{[greeting]} {[player_name]}, {[reason_phrase]} торговый путь в город {[city_name]} больше недоступен."
Events/#TradeRouteShutsDown_ReasonPhrase_1,Text,,из-за политической неопределённости
Events/#TradeRouteShutsDown_ReasonPhrase_2,Text,,"свершилось предначертанное. Кажется,"
Events/#TradeRouteShutsDown_Title,Text,,Торговый путь закрыт
Events/#TroopsCarryOver_Content,Text,,"Верные солдаты из предыдущего города желают снова присоединиться к вам. Они вернутся, если вы построите {[Forts]}."
Events/#TroopsCarryOver_Forts_1,Text,,форт для пехотинцев
Events/#TroopsCarryOver_Forts_2,Text,,форт для лучников
Events/#TroopsCarryOver_Forts_3,Text,,форт для колесничих
Events/#TroopsCarryOver_Forts_4,Text,,форты для пехотинцев и лучников
Events/#TroopsCarryOver_Forts_5,Text,,форты крепости для пехотинцев и колесничих
Events/#TroopsCarryOver_Forts_6,Text,,форты для лучников и колесничих
Events/#TroopsCarryOver_Forts_7,Text,,"форты для пехотинцев, лучников и колесничих"
Events/#TroopsCarryOver_Title,Text,,Верные солдаты желают присоединиться
Events/#UnderSiege_Content,Text,,"{[greeting]} {[player_name]}, {[reason_phrase]} город {[city_name]} находится в изнурительной осаде."
Events/#UnderSiege_ReasonPhrase_1,Text,,"разведчики вернулись с ужасным известием. Похоже, что"
Events/#UnderSiege_ReasonPhrase_2,Text,,нет конца нашим страданиям. Отныне
Events/#UnderSiege_Title,Text,,Торговый город в осаде
Events/#WagesDown_Content,Text,,"{[greeting]} {[player_name]}, {[reason_phrase]} по всему Египетскому царству снизили жалование рабочим. Все готовы трудиться за меньшие деньги."
Events/#WagesDown_ReasonPhrase_1,Text,,в попытке сократить траты
Events/#WagesDown_ReasonPhrase_2,Text,,в попытке сократить траты
Events/#WagesDown_Title,Text,,Жалование падает
Events/#WagesUp_Content,Text,,"{[greeting]} {[player_name]}, {[reason_phrase]} жалование работников выросла по всему Царству. Рабочие могут покинуть город в поисках лучшей жизни, если не предоставить им такие же условия, что в других городах."
Events/#WagesUp_ReasonPhrase_1,Text,,"времена меняются, и теперь"
Events/#WagesUp_ReasonPhrase_2,Text,,"для одних повод радостный, для других — досадный:"
Events/#WagesUp_Title,Text,,Рабочие радуются прибавке
Events/ChainedEvents/#ConstructionProjectComply_City_ReasonPhrase_1,Text,,"поскольку вы помогли городу {[city_name]} закончить стройку в срок, отправив материалы ({[resource]}, {0} шт.),"
Events/ChainedEvents/#ConstructionProjectComply_City_ReasonPhrase_2,Text,,"вы помогли городу {[city_name]} соблюсти график стройки, отправив материалы ({[resource]}, {0} шт.). Вдобавок"
Events/ChainedEvents/#ConstructionProjectComply_City_ReasonPhrase_3,Text,,"хотя вы помогли городу {[city_name]} закончить стройку в срок, отправив материалы ({[resource]}, {0} шт.),"
Events/ChainedEvents/#ConstructionProjectComply_Pharaoh_ReasonPhrase_1,Text,,"благодаря тому, что отправленные вами материалы ({[resource]}, {0} шт.) были очень важны для своевременного завершения проекта фараона в городе {[city_name]}, поэтому"
Events/ChainedEvents/#ConstructionProjectComply_Pharaoh_ReasonPhrase_2,Text,,"отправленные вами материалы ({[resource]}, {0} шт.) были очень важны для своевременного завершения проекта фараона в городе {[city_name]}. Также,"
Events/ChainedEvents/#ConstructionProjectComply_Pharaoh_ReasonPhrase_3,Text,,"хотя отправленные вами материалы ({[resource]}, {0} шт.) были очень важны для своевременного завершения проекта фараона в городе {[city_name]},"
Events/ChainedEvents/#ConstructionProjectRefuse_City_ReasonPhrase_1,Text,,"поскольку вы отвергли город {[city_name]} и не отправили им товары ({[resource]}, {0} шт.),"
Events/ChainedEvents/#ConstructionProjectRefuse_City_ReasonPhrase_2,Text,,"вы отвергли город {[city_name]} и не отправили им товары ({[resource]}, {0} шт.). Вдобавок,"
Events/ChainedEvents/#ConstructionProjectRefuse_City_ReasonPhrase_3,Text,,"хотя вы отвергли город {[city_name]} и не отправили им товары ({[resource]}, {0} шт.),"
Events/ChainedEvents/#ConstructionProjectRefuse_Pharaoh_ReasonPhrase_1,Text,,"поскольку вы отказались прислать материалы ({[resource]}, {0} шт.) для важной стройки фараона в городе {[city_name]},"
Events/ChainedEvents/#ConstructionProjectRefuse_Pharaoh_ReasonPhrase_2,Text,,"вы весьма неосмотрительно отказались прислать материалы ({[resource]}, {0} шт.) для важной стройки фараона в городе {[city_name]}. Кроме того,"
Events/ChainedEvents/#ConstructionProjectRefuse_Pharaoh_ReasonPhrase_3,Text,,"хотя вы неосмотрительно отказались прислать материалы ({[resource]}, {0} шт.) для важной стройки фараона в городе {[city_name]},"
Events/ChainedEvents/#ConstructionProjectTooLate_City_ReasonPhrase_1,Text,,"поскольку вы слишком долго откладывали отправку материалов ({[resource]}, {0} шт.) в город {[city_name]},"
Events/ChainedEvents/#ConstructionProjectTooLate_City_ReasonPhrase_2,Text,,"вы слишком долго откладывали отправку нужных материалов ({[resource]}, {0} шт.) в город {[city_name]}. Притом"
Events/ChainedEvents/#ConstructionProjectTooLate_City_ReasonPhrase_3,Text,,"хотя вы слишком долго откладывали отправку нужных материалов ({[resource]}, {0} шт.) в город {[city_name]}, ваши усилия всё равно были оценены. Поэтому"
Events/ChainedEvents/#ConstructionProjectTooLate_Pharaoh_ReasonPhrase_1,Text,,"так как вы долго не отправляли материалы ({[resource]}, {0} шт.) в город {[city_name]} и затянули стройку фараона,"
Events/ChainedEvents/#ConstructionProjectTooLate_Pharaoh_ReasonPhrase_2,Text,,"вы слишком долго не отправляли материалы ({[resource]}, {0} шт.), и стройка фараона в городе {[city_name]} затянулась. Кроме того,"
Events/ChainedEvents/#ConstructionProjectTooLate_Pharaoh_ReasonPhrase_3,Text,,"несмотря на то, что вы долго не отправляли материалы ({[resource]}, {0} шт.) в город {[city_name]} и затянули стройку фараона, ваши усилия всё равно были оценены, и поэтому"
Events/ChainedEvents/#ContaminatedWater_ReasonPhrase_1,Text,,из-за недавнего загрязнения воды
Events/ChainedEvents/#ContaminatedWater_ReasonPhrase_2,Text,,загрязнение воды стало прискорбным событием. Теперь
Events/ChainedEvents/#ContaminatedWater_ReasonPhrase_3,Text,,"несмотря на недавнее загрязнение воды,"
Events/ChainedEvents/#DemandDown_ReasonPhrase_1,Text,,"поскольку {[city_name]} торгует товаром {[resource]} всё меньше,"
Events/ChainedEvents/#DemandDown_ReasonPhrase_2,Text,,"город {[city_name]} стал меньше торговать, и"
Events/ChainedEvents/#DemandDown_ReasonPhrase_3,Text,,"хотя в город {[city_name]} стал меньше торговать,"
Events/ChainedEvents/#DemandUp_ReasonPhrase_1,Text,,"поскольку {[city_name]} хочет торговать товаром {[resource]} всё больше,"
Events/ChainedEvents/#DemandUp_ReasonPhrase_2,Text,,"{[city_name]} хочет ещё больше торговать товаром {[resource]}. Кроме того,"
Events/ChainedEvents/#DemandUp_ReasonPhrase_3,Text,,"хотя {[city_name]} хочет ещё больше торговать товаром {[resource]},"
Events/ChainedEvents/#DistantBattleComply_City_ReasonPhrase_1,Text,,"поскольку ваши воины помогли городу {[city_name]} выиграть битву,"
Events/ChainedEvents/#DistantBattleComply_City_ReasonPhrase_2,Text,,участие вашего войска стало решающим в победе у города {[city_name]}. Также
Events/ChainedEvents/#DistantBattleComply_City_ReasonPhrase_3,Text,,"хотя участие вашего войска стало решающим в победе у города {[city_name]},"
Events/ChainedEvents/#DistantBattleComply_Pharaoh_ReasonPhrase_1,Text,,"поскольку фараону удалось победить у города {[city_name]} благодаря вашему войску,"
Events/ChainedEvents/#DistantBattleComply_Pharaoh_ReasonPhrase_2,Text,,ваши воины помогли фараону одержать победу у города {[city_name]}. И вот ещё что:
Events/ChainedEvents/#DistantBattleComply_Pharaoh_ReasonPhrase_3,Text,,"хотя ваши воины помогли фараону одержать победу у города {[city_name]},"
Events/ChainedEvents/#DistantBattleLost_City_ReasonPhrase_1,Text,,"поскольку войску, которое вы направили в город {[city_name]}, не хватило сил, чтобы сокрушить врага,"
Events/ChainedEvents/#DistantBattleLost_City_ReasonPhrase_2,Text,,"войску, которое вы направили в город {[city_name]}, не хватило сил, чтобы сокрушить нашего врага. Также учтите, что"
Events/ChainedEvents/#DistantBattleLost_City_ReasonPhrase_3,Text,,"хотя воины, которых вы направили в город {[city_name]}, не сумели сокрушить врага,"
Events/ChainedEvents/#DistantBattleLost_Pharaoh_ReasonPhrase_1,Text,,"поскольку воины, которых вы направили в город {[city_name]}, не выстояли против врага фараона,"
Events/ChainedEvents/#DistantBattleLost_Pharaoh_ReasonPhrase_2,Text,,"воины, которых вы направили в город {[city_name]}, пали в бою с врагом фараона. Кроме того,"
Events/ChainedEvents/#DistantBattleLost_Pharaoh_ReasonPhrase_3,Text,,"хотя воины, которых вы направили в город {[city_name]}, пали в бою с врагом фараона,"
Events/ChainedEvents/#DistantBattleLost_ReasonPhrase_1,Text,,"поскольку Египет проиграл битву у города {[city_name]},"
Events/ChainedEvents/#DistantBattleLost_ReasonPhrase_2,Text,,Египет проиграл битву у города {[city_name]}. К тому же
Events/ChainedEvents/#DistantBattleLost_ReasonPhrase_3,Text,,"хотя Египет проиграл битву у города {[city_name]},"
Events/ChainedEvents/#DistantBattleRefuse_City_ReasonPhrase_1,Text,,"поскольку вы отказались предоставить воинов для битвы у города {[city_name]},"
Events/ChainedEvents/#DistantBattleRefuse_City_ReasonPhrase_2,Text,,"вы отказались предоставить воинов для битвы у города {[city_name]}, оставив земляков на произвол судьбы. К тому же"
Events/ChainedEvents/#DistantBattleRefuse_City_ReasonPhrase_3,Text,,"хотя вы отказались предоставить воинов для битвы в городе {[city_name]},"
Events/ChainedEvents/#DistantBattleRefuse_Pharaoh_ReasonPhrase_1,Text,,"поскольку вы дерзко отклонили запрос фараона и не отправили воинов в город {[city_name]},"
Events/ChainedEvents/#DistantBattleRefuse_Pharaoh_ReasonPhrase_2,Text,,"вы дерзко отклонили запрос фараона и не отправили воинов в город {[city_name]}. Это весьма недальновидное решение. Как бы там ни было,"
Events/ChainedEvents/#DistantBattleRefuse_Pharaoh_ReasonPhrase_3,Text,,"хотя вы отклонили запрос фараона и не отправили воинов в город {[city_name]},"
Events/ChainedEvents/#DistantBattleTooLate_City_ReasonPhrase_1,Text,,"поскольку ваши воины опоздали к битве у города {[city_name]},"
Events/ChainedEvents/#DistantBattleTooLate_City_ReasonPhrase_2,Text,,"ваши воины опоздали к битве у города {[city_name]}. Кроме того,"
Events/ChainedEvents/#DistantBattleTooLate_City_ReasonPhrase_3,Text,,"хотя ваши воины опоздали к битве у города {[city_name]}, вашу готовность идти на жертвы ради царства высоко оценили. Поэтому"
Events/ChainedEvents/#DistantBattleTooLate_Pharaoh_ReasonPhrase_1,Text,,"поскольку ваши солдаты не успели помочь фараону у города {[city_name]},"
Events/ChainedEvents/#DistantBattleTooLate_Pharaoh_ReasonPhrase_2,Text,,ваши солдаты не успели помочь фараону у города {[city_name]}. Вдобавок
Events/ChainedEvents/#DistantBattleTooLate_Pharaoh_ReasonPhrase_3,Text,,"хотя ваши солдаты не успели помочь фараону в битве у города {[city_name]}, он высоко оценил вашу готовность идти на жертвы ради царства. Поэтому"
Events/ChainedEvents/#DistantBattleWon_ReasonPhrase_1,Text,,"поскольку наши воины одержали верх в далёкой битве у города {[city_name]},"
Events/ChainedEvents/#DistantCity_To_EgyptianCity_ReasonPhrase_1,Text,,"поскольку наши воины захватили чужеземный город {[city_name]},"
Events/ChainedEvents/#DistantCity_To_EgyptianCity_ReasonPhrase_2,Text,,наши воины захватили чужеземный город {[city_name]}! Теперь
Events/ChainedEvents/#DistantCity_To_EgyptianCity_ReasonPhrase_3,Text,,"хотя наши воины захвали чужеземный город {[city_name]},"
Events/ChainedEvents/#Earthquake_ReasonPhrase_1,Text,,из-за страшного землетрясения
Events/ChainedEvents/#Earthquake_ReasonPhrase_2,Text,,вдобавок к страшному землетрясению
Events/ChainedEvents/#Earthquake_ReasonPhrase_3,Text,,"несмотря на страшное землетрясение,"
Events/ChainedEvents/#EgyptianCityAttackedComply_City_ReasonPhrase_1,Text,,"поскольку ваши воины умело расправились с врагом у города {[city_name]},"
Events/ChainedEvents/#EgyptianCityAttackedComply_City_ReasonPhrase_2,Text,,ваши воины умело расправились с врагом у города {[city_name]}. Вдобавок
Events/ChainedEvents/#EgyptianCityAttackedComply_City_ReasonPhrase_3,Text,,"хотя ваши воины умело расправились с врагом у города {[city_name]},"
Events/ChainedEvents/#EgyptianCityAttackedComply_Pharaoh_ReasonPhrase_1,Text,,"поскольку вашим воинам удалось победить врагов фараона у города {[city_name]},"
Events/ChainedEvents/#EgyptianCityAttackedComply_Pharaoh_ReasonPhrase_2,Text,,вашим воинам удалось победить врагов фараона у города {[city_name]}. К тому же
Events/ChainedEvents/#EgyptianCityAttackedComply_Pharaoh_ReasonPhrase_3,Text,,"хотя вашим воинам удалось победить врагов фараона у города {[city_name]},"
Events/ChainedEvents/#EgyptianCityAttackedLost_City_ReasonPhrase_1,Text,,"поскольку воины, которых вы направили в город {[city_name]}, не смогли справиться с захватчиком,"
Events/ChainedEvents/#EgyptianCityAttackedLost_City_ReasonPhrase_2,Text,,ваше слабое войско разгромили у города {[city_name]}. Вдобавок
Events/ChainedEvents/#EgyptianCityAttackedLost_City_ReasonPhrase_3,Text,,"хотя вашим воинам не удалось победить у города {[city_name]},"
Events/ChainedEvents/#EgyptianCityAttackedLost_Pharaoh_ReasonPhrase_1,Text,,"поскольку воины, которых вы прислали фараону в город {[city_name]}, оказались слишком слабы,"
Events/ChainedEvents/#EgyptianCityAttackedLost_Pharaoh_ReasonPhrase_2,Text,,"хилое войско, которое вы предоставили фараону, было разбито у города {[city_name]}. Также"
Events/ChainedEvents/#EgyptianCityAttackedLost_Pharaoh_ReasonPhrase_3,Text,,"несмотря на то, что ваши воины не сумели помочь фараону у города {[city_name]},"
Events/ChainedEvents/#EgyptianCityAttackedRefuse_City_ReasonPhrase_1,Text,,"поскольку вы отказались предоставить воинов для борьбы с налётчиками у города {[city_name]},"
Events/ChainedEvents/#EgyptianCityAttackedRefuse_City_ReasonPhrase_2,Text,,"в городе {[city_name]} пали духом, ведь вы отказались предоставить воинов против их врага. Кроме того,"
Events/ChainedEvents/#EgyptianCityAttackedRefuse_City_ReasonPhrase_3,Text,,"хотя вы отказались предоставить воинов для борьбы с налётчиками у города {[city_name]},"
Events/ChainedEvents/#EgyptianCityAttackedRefuse_Pharaoh_ReasonPhrase_1,Text,,"поскольку вы отказались предоставить воинов фараону в битве у города {[city_name]},"
Events/ChainedEvents/#EgyptianCityAttackedRefuse_Pharaoh_ReasonPhrase_2,Text,,"фараон узнал, что вы отказались предоставить воинов в битве у города {[city_name]}. Притом"
Events/ChainedEvents/#EgyptianCityAttackedRefuse_Pharaoh_ReasonPhrase_3,Text,,"несмотря на то, что вы отказались предоставить воинов фараону в битве у города {[city_name]},"
Events/ChainedEvents/#EgyptianCityAttackedTooLate_City_ReasonPhrase_1,Text,,"поскольку вы слишком долго не отправляли воинов на защиту города {[city_name]},"
Events/ChainedEvents/#EgyptianCityAttackedTooLate_City_ReasonPhrase_2,Text,,ваши воины не успели на помощь городу {[city_name]}. К тому же
Events/ChainedEvents/#EgyptianCityAttackedTooLate_City_ReasonPhrase_3,Text,,"ваши воины слишком поздно прибыли на помощь городу {[city_name]}, но ввиду того, что вы приложили усилия и были готовы пожертвовать своим войском,"
Events/ChainedEvents/#EgyptianCityAttackedTooLate_Pharaoh_ReasonPhrase_1,Text,,"поскольку армия фараона так и не дождалась от вас подкрепления в битве у города {[city_name]},"
Events/ChainedEvents/#EgyptianCityAttackedTooLate_Pharaoh_ReasonPhrase_2,Text,,"армия фараона проиграла в битве у города {[city_name]}, поскольку ваше войско опоздало. Кроме того,"
Events/ChainedEvents/#EgyptianCityAttackedTooLate_Pharaoh_ReasonPhrase_3,Text,,"ваше войско опоздало к битве, которую армия фараона вела у города {[city_name]}, однако ваши усилия не останется незамеченным. Поэтому"
Events/ChainedEvents/#EgyptianCitySaved_ReasonPhrase_1,Text,,"поскольку город {[city_name]} удалось защитить от нашествия врагов,"
Events/ChainedEvents/#EgyptianCitySaved_ReasonPhrase_2,Text,,город {[city_name]} удалось защитить от нашествия врагов! Теперь
Events/ChainedEvents/#EgyptianCitySaved_ReasonPhrase_3,Text,,"хотя город {[city_name]} удалось защитить от нашествия врагов,"
Events/ChainedEvents/#EgyptianCity_To_DistantCity_ReasonPhrase_1,Text,,"поскольку город {[city_name]} пал перед захватчиками,"
Events/ChainedEvents/#EgyptianCity_To_DistantCity_ReasonPhrase_2,Text,,город {[city_name]} пал перед захватчиками. К тому же
Events/ChainedEvents/#EgyptianCity_To_DistantCity_ReasonPhrase_3,Text,,"хотя город {[city_name]} пал перед захватчиками,"
Events/ChainedEvents/#FamineReliefComply_City_ReasonPhrase_1,Text,,"поскольку отправленная вами пища ({[resource]}, {0} ед.) помогла городу {[city_name]} прокормить своих голодающих жителей,"
Events/ChainedEvents/#FamineReliefComply_City_ReasonPhrase_2,Text,,"отправленная вами пища ({[resource]}, {0} ед.) помогла городу {[city_name]} прокормить своих голодающих жителей. Также визири докладывают, что"
Events/ChainedEvents/#FamineReliefComply_City_ReasonPhrase_3,Text,,"хотя вы отправили пищу ({[resource]}, {0} шт.) и помогли жителям города {[city_name]} справиться с голодом,"
Events/ChainedEvents/#FamineReliefComply_Pharaoh_ReasonPhrase_1,Text,,"поскольку вы скоро исполнили приказ фараоны и отправили пищу ({[resource]}, {0} шт.) в город {[city_name]},"
Events/ChainedEvents/#FamineReliefComply_Pharaoh_ReasonPhrase_2,Text,,"вы скоро исполнили приказ фараоны и отправили пищу ({[resource]}, {0} шт.) в город {[city_name]}. Это было очень мудро. Теперь,"
Events/ChainedEvents/#FamineReliefComply_Pharaoh_ReasonPhrase_3,Text,,"хотя вы скоро исполнили приказ фараоны и отправили пищу ({[resource]}, {0} шт.) в город {[city_name]},"
Events/ChainedEvents/#FamineReliefRefuse_City_ReasonPhrase_1,Text,,"поскольку вы отвернулись от жителей города {[city_name]}, отказавшись прислать им пищу ({[resource]}, {0} шт.) в голодное время,"
Events/ChainedEvents/#FamineReliefRefuse_City_ReasonPhrase_2,Text,,"вы отвернулись от жителей города {[city_name]}, отказавшись прислать им пищу ({[resource]}, {0} шт.) в голодное время. Советники также сообщают, что"
Events/ChainedEvents/#FamineReliefRefuse_City_ReasonPhrase_3,Text,,"хотя вы отвернулись от жителей города {[city_name]}, отказавшись прислать им пищу ({[resource]}, {0} шт.) в голодное время,"
Events/ChainedEvents/#FamineReliefRefuse_Pharaoh_ReasonPhrase_1,Text,,"поскольку вы отвернулись от фараона и его подданных в городе {[city_name]}, отказавшись отправить голодающим пищу ({[resource]}, {0} шт.),"
Events/ChainedEvents/#FamineReliefRefuse_Pharaoh_ReasonPhrase_2,Text,,"вы отвернулись от фараона и его подданных в городе {[city_name]}, отказавшись отправить голодающим пищу ({[resource]}, {0} шт.). Это было глупо. Советники также сообщают, что"
Events/ChainedEvents/#FamineReliefRefuse_Pharaoh_ReasonPhrase_3,Text,,"несмотря на то, что вы отвернулись от фараона и его подданных в городе {[city_name]}, отказавшись отправить голодающим пищу ({[resource]}, {0} шт.),"
Events/ChainedEvents/#FamineReliefTooLate_City_ReasonPhrase_1,Text,,"поскольку вы слишком поздно отправили пищу ({[resource]}, {0} шт.) в помощь жителям города {[city_name]},"
Events/ChainedEvents/#FamineReliefTooLate_City_ReasonPhrase_2,Text,,"вы слишком поздно отправили пищу ({[resource]}, {0} шт.) в помощь жителям города {[city_name]}, и их страдания были велики. К тому же,"
Events/ChainedEvents/#FamineReliefTooLate_City_ReasonPhrase_3,Text,,"хотя вы слишком поздно отправили пищу ({[resource]}, {0} шт.) в помощь жителям города {[city_name]}, она всё же помогла смягчить последствия голода, так что"
Events/ChainedEvents/#FamineReliefTooLate_Pharaoh_ReasonPhrase_1,Text,,"поскольку вы обрекли жителей города {[city_name]} на долгий голод, задержав отправку пищи ({[resource]}, {0} шт.),"
Events/ChainedEvents/#FamineReliefTooLate_Pharaoh_ReasonPhrase_2,Text,,"вы обрекли жителей города {[city_name]} на долгий голод, задержав отправку необходимой пищи ({[resource]}, {0} шт.). Кроме того, советники сообщают, что"
Events/ChainedEvents/#FamineReliefTooLate_Pharaoh_ReasonPhrase_3,Text,,"хотя вы обрекли жителей города {[city_name]} на долгий голод, задержав отправку необходимой пищи ({[resource]}, {0} шт.), она всё же немного помогла, поэтому"
Events/ChainedEvents/#FloodFails_ReasonPhrase_1,Text,,"поскольку разлива не будет,"
Events/ChainedEvents/#FloodFails_ReasonPhrase_2,Text,,"разлива не будет, и"
Events/ChainedEvents/#FloodFails_ReasonPhrase_3,Text,,"хотя разлива не будет,"
Events/ChainedEvents/#GeneralRequestComply_City_ReasonPhrase_1,Text,,"поскольку вы отправили то, что хотел город {[city_name]} ({[resource]}, {0} шт.),"
Events/ChainedEvents/#GeneralRequestComply_City_ReasonPhrase_2,Text,,"город {[city_name]} получил, что хотел ({[resource]}, {0} шт.). Также вам следует знать, что"
Events/ChainedEvents/#GeneralRequestComply_City_ReasonPhrase_3,Text,,"хотя вы отправили то, что хотел город {[city_name]} ({[resource]}, {0} шт.),"
Events/ChainedEvents/#GeneralRequestComply_Pharaoh_ReasonPhrase_1,Text,,"поскольку вы отправили запрошенное фараоном в город {[city_name]} ({[resource]}, {0} шт.),"
Events/ChainedEvents/#GeneralRequestComply_Pharaoh_ReasonPhrase_2,Text,,"вы отправили в город {[city_name]} то, о чём просил фараон ({[resource]}, {0} шт.). К слову,"
Events/ChainedEvents/#GeneralRequestComply_Pharaoh_ReasonPhrase_3,Text,,"вы отправили в город {[city_name]} то, о чём просил фараон ({[resource]}, {0} шт.), однако"
Events/ChainedEvents/#GeneralRequestRefuse_City_ReasonPhrase_1,Text,,"поскольку вы не отправили товары в город {[city_name]} ({[resource]}, {0} шт.),"
Events/ChainedEvents/#GeneralRequestRefuse_City_ReasonPhrase_2,Text,,"вы не отправили в город {[city_name]} ({[resource]}, {0} шт.), и им это не понравилось. Вдобавок"
Events/ChainedEvents/#GeneralRequestRefuse_City_ReasonPhrase_3,Text,,"несмотря на то, что вы не отправили в город {[city_name]} ({[resource]}, {0} шт),"
Events/ChainedEvents/#GeneralRequestRefuse_Pharaoh_ReasonPhrase_1,Text,,"поскольку вы проигнорировали запрос фараона ({[resource]}, {0} шт.),"
Events/ChainedEvents/#GeneralRequestRefuse_Pharaoh_ReasonPhrase_2,Text,,"вы проигнорировали запрос фараона ({[resource]}, {0} шт.), и он остался этим недовольным. К тому же,"
Events/ChainedEvents/#GeneralRequestRefuse_Pharaoh_ReasonPhrase_3,Text,,"хотя вы проигнорировали запрос фараона ({[resource]}, {0} шт.),"
Events/ChainedEvents/#GeneralRequestTooLate_City_ReasonPhrase_1,Text,,"поскольку вы опоздали с отправкой запрошенных городом {[city_name]} товаров ({[resource]}, {0} шт.),"
Events/ChainedEvents/#GeneralRequestTooLate_City_ReasonPhrase_2,Text,,"вы опоздали с отправкой запрошенных городом {[city_name]} товаров ({[resource]}, {0} шт.). Также вам следует знать, что"
Events/ChainedEvents/#GeneralRequestTooLate_City_ReasonPhrase_3,Text,,"хотя вы слишком поздно отправили запрошенное городом {[city_name]} ({[resource]}, {0} шт.), ваши усилия не остались без внимания. Поэтому"
Events/ChainedEvents/#GeneralRequestTooLate_Pharaoh_ReasonPhrase_1,Text,,"поскольку вы медлили с выполнением запроса фараона ({[resource]}, {0} шт.),"
Events/ChainedEvents/#GeneralRequestTooLate_Pharaoh_ReasonPhrase_2,Text,,"Запрос фараона (({[resource]}, {0} шт.) не был выполнен из-за того, что вы опоздали. Кроме того,"
Events/ChainedEvents/#GeneralRequestTooLate_Pharaoh_ReasonPhrase_3,Text,,"вы медлили с выполнением запроса фараона ({[resource]}, {0} шт.), однако ваши усилия не остались без внимания. Поэтому"
Events/ChainedEvents/#GiftAccepted_ReasonPhrase_1,Text,,"поскольку вы приняли подарок ({[resource]}, {0} шт.) от города {[city_name]},"
Events/ChainedEvents/#GiftAccepted_ReasonPhrase_2,Text,,"вы приняли подарок от города {[city_name]},"
Events/ChainedEvents/#GiftAccepted_ReasonPhrase_3,Text,,"хотя вы приняли подарок ({[resource]}, {0} шт.) от города {[city_name]},"
Events/ChainedEvents/#GiftForfeited_ReasonPhrase_1,Text,,"поскольку вы не приняли подарок ({[resource]}, {0} шт.) от города {[city_name]},"
Events/ChainedEvents/#GiftForfeited_ReasonPhrase_2,Text,,"вы не приняли подарок ({[resource]}, {0} шт.) от города {[city_name]}. Кроме того,"
Events/ChainedEvents/#GiftForfeited_ReasonPhrase_3,Text,,"хотя вы не приняли подарок ({[resource]}, {0} шт.) от города {[city_name]},"
Events/ChainedEvents/#GiftRefused_ReasonPhrase_1,Text,,"поскольку вы отказались принять подарок ({[resource]}, {0} шт.) от города {[city_name]},"
Events/ChainedEvents/#GiftRefused_ReasonPhrase_2,Text,,"вы отказались принять подарок ({[resource]}, {0} шт.) от города {[city_name]}. Теперь"
Events/ChainedEvents/#GiftRefused_ReasonPhrase_3,Text,,"хотя вы отказались принять подарок ({[resource]}, {0} шт.) от города {[city_name]},"
Events/ChainedEvents/#GoldmineCollapse_ReasonPhrase_1,Text,,из-за обрушения золотого рудника
Events/ChainedEvents/#GoldmineCollapse_ReasonPhrase_2,Text,,обрушение золотого рудника омрачило жизнь города. Теперь
Events/ChainedEvents/#GoldmineCollapse_ReasonPhrase_3,Text,,"несмотря на обрушение золотого рудника,"
Events/ChainedEvents/#GreatFestivalComply_City_ReasonPhrase_1,Text,,"поскольку вы помогли городу {[city_name]} устроить великий праздник в честь божества {[god]}, отправив ресурс ({[resource]}, {0} шт.),"
Events/ChainedEvents/#GreatFestivalComply_City_ReasonPhrase_2,Text,,"вы помогли городу {[city_name]} устроить великий праздник в честь божества {[god]}, отправив ресурс ({[resource]}, {0} шт.). Город очень вам признателен. Кроме того,"
Events/ChainedEvents/#GreatFestivalComply_City_ReasonPhrase_3,Text,,"хотя вы помогли городу {[city_name]} устроить великий праздник в честь божества {[god]}, отправив ресурс ({[resource]}, {0} шт.),"
Events/ChainedEvents/#GreatFestivalComply_Pharaoh_ReasonPhrase_1,Text,,"поскольку вы проявили почтение к фараону и богу {[god]}, вовремя отравив к великому празднику в городе {[city_name]} необходимые припасы ({[resource]}, {0} шт.),"
Events/ChainedEvents/#GreatFestivalComply_Pharaoh_ReasonPhrase_2,Text,,"вы проявили любезное почтение к фараону и богу {[god]}, вовремя отравив к великому празднику в городе {[city_name]} необходимые припасы ({[resource]}, {0} шт.). Также,"
Events/ChainedEvents/#GreatFestivalComply_Pharaoh_ReasonPhrase_3,Text,,"хотя вы проявили любезное почтение к фараону и богу {[god]}, вовремя отравив к великому празднику в городе {[city_name]} необходимые припасы ({[resource]}, {0} шт.),"
Events/ChainedEvents/#GreatFestivalRefuse_City_ReasonPhrase_1,Text,,"поскольку вы проигнорировали запрос города {[city_name]} и не отправили на великий праздник в честь божества {[god]} ресурс ({[resource]}, {0} шт.),"
Events/ChainedEvents/#GreatFestivalRefuse_City_ReasonPhrase_2,Text,,"вы проигнорировали просьбу города {[city_name]} и не отправили на великий праздник в честь {[god]} ресурс ({[resource]}, {0} шт.). К тому же,"
Events/ChainedEvents/#GreatFestivalRefuse_City_ReasonPhrase_3,Text,,"хотя вы проигнорировали запрос города {[city_name]} и не отправили на великий праздник в честь божества {[god]} ресурс ({[resource]}, {0} шт.),"
Events/ChainedEvents/#GreatFestivalRefuse_Pharaoh_ReasonPhrase_1,Text,,"поскольку вы не выполнили запрос фараона и не отправили в город {[city_name]} на великий праздник в честь божества {[god]} ресурс ({[resource]}, {0} шт.),"
Events/ChainedEvents/#GreatFestivalRefuse_Pharaoh_ReasonPhrase_2,Text,,"вы не выполнили запрос фараона и не отправили в город {[city_name]} на великий праздник в честь божества {[god]} ресурс ({[resource]}, {0} шт.). К тому же,"
Events/ChainedEvents/#GreatFestivalRefuse_Pharaoh_ReasonPhrase_3,Text,,"несмотря на то, что вы не выполнили запрос фараона и не отправили в город {[city_name]} на великий праздник в честь божества {[god]} ресурс ({[resource]}, {0} шт.),"
Events/ChainedEvents/#GreatFestivalTooLate_City_ReasonPhrase_1,Text,,"поскольку город {[city_name]} не получил к великому празднику в честь божества {[god]} нужный товар ({[resource]}, {0} шт.),"
Events/ChainedEvents/#GreatFestivalTooLate_City_ReasonPhrase_2,Text,,"город {[city_name]} не получил к великому празднику в честь божества {[god]} нужный товар ({[resource]}, {0} шт.). К тому же,"
Events/ChainedEvents/#GreatFestivalTooLate_City_ReasonPhrase_3,Text,,"пусть город {[city_name]} не получил к великому празднику в честь божества {[god]} нужный товар ({[resource]}, {0} шт.), вы всё же старались,"
Events/ChainedEvents/#GreatFestivalTooLate_Pharaoh_ReasonPhrase_1,Text,,"поскольку вы слишком поздно отправили необходимые припасы ({[resource]}, {0} шт.) в город {[city_name]} на великий праздник, устроенный фараоном в честь бога {[god]},"
Events/ChainedEvents/#GreatFestivalTooLate_Pharaoh_ReasonPhrase_2,Text,,"вы слишком поздно отправили необходимые припасы ({[resource]}, {0} шт.) в город {[city_name]} на великий праздник, устроенный фараоном в честь бога {[god]}. Также,"
Events/ChainedEvents/#GreatFestivalTooLate_Pharaoh_ReasonPhrase_3,Text,,"хотя вы слишком поздно отправили необходимые припасы ({[resource]}, {0} шт.) в город {[city_name]} на великий праздник, устроенный фараоном в честь бога {[god]},"
Events/ChainedEvents/#Invasion_Bedouin_ReasonPhrase_1,Text,,"поскольку вам удалось отбиться от бедуинской армии,"
Events/ChainedEvents/#Invasion_Bedouin_ReasonPhrase_2,Text,,вам удалось отбиться от бедуинской армии. К тому же
Events/ChainedEvents/#Invasion_Bedouin_ReasonPhrase_3,Text,,"хотя вам удалось отбиться от бедуинской армии,"
Events/ChainedEvents/#Invasion_ForeignArmy_ReasonPhrase_1,Text,,"поскольку на город напала {[a_foreign_army]},"
Events/ChainedEvents/#Invasion_ForeignArmy_ReasonPhrase_2,Text,,на город напала {[a_foreign_army]}. Теперь
Events/ChainedEvents/#Invasion_ForeignArmy_ReasonPhrase_3,Text,,"хотя на город напала {[a_foreign_army]},"
Events/ChainedEvents/#Invasion_PharaohArmy_ReasonPhrase_1,Text,,"поскольку на город напала армия фараона,"
Events/ChainedEvents/#Invasion_PharaohArmy_ReasonPhrase_2,Text,,на город напала армия фараона. Вдобавок
Events/ChainedEvents/#Invasion_PharaohArmy_ReasonPhrase_3,Text,,"хотя на город напала армия фараона,"
Events/ChainedEvents/#KingdomRatingDown_ReasonPhrase_1,Text,,"поскольку ваша репутация сильно пострадала,"
Events/ChainedEvents/#KingdomRatingDown_ReasonPhrase_2,Text,,"вы теряете популярность в Царстве, и теперь"
Events/ChainedEvents/#KingdomRatingDown_ReasonPhrase_3,Text,,"хотя вы теряете популярность по всему Царству,"
Events/ChainedEvents/#KingdomRatingUp_ReasonPhrase_1,Text,,"поскольку ваша репутация в Царстве недавно выросла,"
Events/ChainedEvents/#KingdomRatingUp_ReasonPhrase_2,Text,,ваша репутация в Царстве улучшилась. Теперь
Events/ChainedEvents/#KingdomRatingUp_ReasonPhrase_3,Text,,"ваша репутация растёт, однако"
Events/ChainedEvents/#LandTradeProblem_ReasonPhrase_1,Text,,"поскольку торговцы не решаются выдвигаться в путь, пока бушует песчаная буря, сухопутная торговля остановилась,"
Events/ChainedEvents/#LandTradeProblem_ReasonPhrase_2,Text,,"песчаная буря прекратила любые перемещения торговцев. Кроме того,"
Events/ChainedEvents/#LandTradeProblem_ReasonPhrase_3,Text,,"несмотря на песчаные бури, нарушившие торговлю,"
Events/ChainedEvents/#PerfectFlood_ReasonPhrase_1,Text,,"поскольку в этом году ожидается хороший разлив,"
Events/ChainedEvents/#PerfectFlood_ReasonPhrase_2,Text,,"в этом году ожидается хороший разлив, и"
Events/ChainedEvents/#PerfectFlood_ReasonPhrase_3,Text,,"хотя в этом году ожидается хороший разлив,"
Events/ChainedEvents/#PriceDown_ReasonPhrase_1,Text,,"поскольку цена на ваш товар {[resource]} снизилась,"
Events/ChainedEvents/#PriceDown_ReasonPhrase_2,Text,,цены падают. Вдобавок
Events/ChainedEvents/#PriceDown_ReasonPhrase_3,Text,,"хотя цены упали,"
Events/ChainedEvents/#PriceUp_ReasonPhrase_1,Text,,"поскольку цена на ресурс {[resource]} возросла,"
Events/ChainedEvents/#PriceUp_ReasonPhrase_2,Text,,цена на ресурс {[resource]} возросла. Вдобавок
Events/ChainedEvents/#PriceUp_ReasonPhrase_3,Text,,"хотя цены возросли,"
Events/ChainedEvents/#SeaTradeProblem_ReasonPhrase_1,Text,,"море невероятно разбушевалось, поэтому"
Events/ChainedEvents/#SeaTradeProblem_ReasonPhrase_2,Text,,"пока нас одолевали шторма,"
Events/ChainedEvents/#SeaTradeProblem_ReasonPhrase_3,Text,,"несмотря на страшную бурю,"
Events/ChainedEvents/#ThreatCompliance_ReasonPhrase_1,Text,,"поскольку вы безропотно пошли на попятную,"
Events/ChainedEvents/#ThreatCompliance_ReasonPhrase_2,Text,,"вы безропотно пошли на попятную, и"
Events/ChainedEvents/#ThreatCompliance_ReasonPhrase_3,Text,,"хотя вы безропотно пошли на попятную,"
Events/ChainedEvents/#ThreatComply_City_ReasonPhrase_1,Text,,"поскольку вы отправили ресурс ({[resource]}, {0} шт.), выполнив требование города {[city_name]},"
Events/ChainedEvents/#ThreatComply_City_ReasonPhrase_2,Text,,"вы отправили ресурс ({[resource]}, {0} шт.), выполнив требование города {[city_name]}. И похоже, что"
Events/ChainedEvents/#ThreatComply_City_ReasonPhrase_3,Text,,"хотя вы исполнили требование города {[city_name]} и отправили ресурс ({[resource]}, {0} шт.),"
Events/ChainedEvents/#ThreatComply_Pharaoh_ReasonPhrase_1,Text,,"поскольку вы исполнили волю фараона и отправили в город {[city_name]} ресурс ({[resource]}, {0} шт.),"
Events/ChainedEvents/#ThreatComply_Pharaoh_ReasonPhrase_2,Text,,"вы исполнили волю фараона и отправили в город {[city_name]} ресурс ({[resource]}, {0} шт.). Также советники сообщают, что"
Events/ChainedEvents/#ThreatComply_Pharaoh_ReasonPhrase_3,Text,,"хотя вы сделали для города {[city_name]} всё, что требовал фараон,"
Events/ChainedEvents/#ThreatRefuse_City_ReasonPhrase_1,Text,,"поскольку вы сознательно навлекли на себя опасность, отказавшись отправить в город {[city_name]} ресурс ({[resource]}, {0} шт.),"
Events/ChainedEvents/#ThreatRefuse_City_ReasonPhrase_2,Text,,"вы сознательно навлекли на себя опасность, отказавшись отправить в город {[city_name]} ресурс ({[resource]}, {0} шт.). Также вам следует знать, что"
Events/ChainedEvents/#ThreatRefuse_City_ReasonPhrase_3,Text,,"хотя вы определённо навлекли на себя опасность, отказавшись отправить в город {[city_name]} ресурс ({[resource]}, {0} шт.),"
Events/ChainedEvents/#ThreatRefuse_Pharaoh_ReasonPhrase_1,Text,,"поскольку вы нарушили приказ фараона и не отправили в город {[city_name]} ресурс ({[resource]}, {0} шт.),"
Events/ChainedEvents/#ThreatRefuse_Pharaoh_ReasonPhrase_2,Text,,"вы нарушили приказ фараона и не отправили в город {[city_name]} ресурс ({[resource]}, {0} шт.). Кроме того,"
Events/ChainedEvents/#ThreatRefuse_Pharaoh_ReasonPhrase_3,Text,,"несмотря на то, что вы проигнорировали угрозы фараона, требовавшего отправить в город {[city_name]} ресурс ({[resource]}, {0} шт.),"
Events/ChainedEvents/#ThreatTooLate_City_ReasonPhrase_1,Text,,"поскольку вы недооценили угрозы города {[city_name]} и не отправили ресурс ({[resource]}, {0} шт.),"
Events/ChainedEvents/#ThreatTooLate_City_ReasonPhrase_2,Text,,"должно быть, вы недооценили угрозы города {[city_name]} и не отправили ресурс ({[resource]}, {0} шт.). Но это уже в прошлом,"
Events/ChainedEvents/#ThreatTooLate_City_ReasonPhrase_3,Text,,"вы сильно рисковали, промедлив с отправкой в город {[city_name]} ресурса ({[resource]}, {0} шт). Однако вы все же выполнили требование, поэтому"
Events/ChainedEvents/#ThreatTooLate_Pharaoh_ReasonPhrase_1,Text,,"вы слишком долго медлили с отправкой в город {[city_name]} товара ({[resource]}, {0} шт.), испытывая терпение фараона. Потому"
Events/ChainedEvents/#ThreatTooLate_Pharaoh_ReasonPhrase_2,Text,,"вы слишком долго медлили с отправкой в город {[city_name]} товара ({[resource]}, {0} шт.), испытывая терпение фараона. Также вам нужно знать, что"
Events/ChainedEvents/#ThreatTooLate_Pharaoh_ReasonPhrase_3,Text,,"вы слишком долго медлили с отправкой в город {[city_name]} товара ({[resource]}, {0} шт.), испытывая терпение фараона, однако вы всё же выполнили просьбу, поэтому"
Events/ChainedEvents/#TradeRouteShutsDown_ReasonPhrase_1,Text,,"поскольку торговый путь в город {[city_name]} был закрыт,"
Events/ChainedEvents/#TradeRouteShutsDown_ReasonPhrase_2,Text,,торговый путь в город {[city_name]} был закрыт. Вдобавок
Events/ChainedEvents/#TradeRouteShutsDown_ReasonPhrase_3,Text,,"хотя торговый путь в город {[city_name]} был закрыт,"
Events/ChainedEvents/#UnderSiege_ReasonPhrase_1,Text,,"поскольку город {[city_name]} в осаде,"
Events/ChainedEvents/#UnderSiege_ReasonPhrase_2,Text,,"город {[city_name]} в осаде, и"
Events/ChainedEvents/#UnderSiege_ReasonPhrase_3,Text,,"хотя город {[city_name]} в осаде,"
Events/ChainedEvents/#WagesDown_ReasonPhrase_1,Text,,"поскольку жалование падает,"
Events/ChainedEvents/#WagesDown_ReasonPhrase_2,Text,,"жалование падает, кроме того,"
Events/ChainedEvents/#WagesDown_ReasonPhrase_3,Text,,"хотя жалование падает,"
Events/ChainedEvents/#WagesUp_ReasonPhrase_1,Text,,"поскольку жалование по всему Царству растёт,"
Events/ChainedEvents/#WagesUp_ReasonPhrase_2,Text,,"жалование по всему Царству растёт, и"
Events/ChainedEvents/#WagesUp_ReasonPhrase_3,Text,,"хотя жалование по всему Царству растёт,"
Houses/#devolve_bazaarnofood,Text,,"Состояние этого дома скоро ухудшится. У жителей есть доступ к базару, но там не так много пищи."
Houses/#devolve_losteducation,Text,,Состояние этого дома скоро ухудшится. Жители потеряли доступ к учебным заведениям и не могут получить превосходное образование.
Houses/#devolve_lowentertainment_1,Text,,"Состояние этого дома скоро ухудшится, так как в округе почти нет развлечений."
Houses/#devolve_lowentertainment_20,Text,,"Состояние этого дома скоро ухудшится, так как в округе слишком мало развлечений."
Houses/#devolve_lowentertainment_40,Text,,"Состояние этого дома скоро ухудшится. В этом районе есть какие-то развлечения, но их недостаточно."
Houses/#devolve_lowentertainment_60,Text,,"Состояние этого дома скоро ухудшится. В этом районе есть немало развлечений, но они недостаточно разнообразные."
Houses/#devolve_lowentertainment_80,Text,,"Состояние этого дома скоро ухудшится. В этом районе есть отличные развлечения, но в местах для них большие толпы, либо сами развлечения слишком однообразны для разборчивой образованной публики."
Houses/#devolve_no2ndfood,Text,,"Состояние этого дома скоро ухудшится, так как в местном базаре есть только один вид пищи. Это отталкивает богатых граждан."
Houses/#devolve_no2ndluxurygoods,Text,,"Состояние этого дома скоро ухудшится, так как его разборчивые жители хотят получать ещё один тип предметов роскоши."
Houses/#devolve_no2ndreligion,Text,,Состояние этого дома скоро ухудшится. Из мест для поклонения у жителей остался доступ к храму только одного бога.
Houses/#devolve_no3rdfood,Text,,"Состояние этого дома скоро ухудшится, так как в местном базаре есть только два вида пищи. Это отталкивает образованных людей."
Houses/#devolve_no3rdreligion,Text,,Состояние этого дома скоро ухудшится. Из мест для поклонения у жителей остался доступ к храмам только двух богов.
Houses/#devolve_nobazaar,Text,,Состояние этого дома скоро ухудшится. У жителей больше нет доступа к базару.
Houses/#devolve_nobeer,Text,,"Состояние этого дома скоро ухудшится, так как кончились запасы пива, а в местном базаре его доставляют нерегулярно."
Houses/#devolve_nocourthouse,Text,,"Состояние этого дома скоро ухудшится, так как их давно не посещал магистрат из здания суда."
Houses/#devolve_nodentist,Text,,Состояние этого дома скоро ухудшится. У жителей больше нет доступа к дантисту.
Houses/#devolve_nodesirability,Text,,Состояние этого дома скоро ухудшится. Привлекательность района упала слишком низко.
Houses/#devolve_noeducation,Text,,"Состояние этого дома скоро ухудшится. Жители потеряли доступ к начальному образованию, которое даёт школа писцов или библиотека."
Houses/#devolve_noentertainment,Text,,"Состояние этого дома скоро ухудшится, так как в округе нет развлечений."
Houses/#devolve_nofood,Text,,Состояние этого дома скоро ухудшится. Жители давно не получали пищи с местного базара.
Houses/#devolve_nohealth,Text,,"Состояние этого дома скоро ухудшится из-за плохо налаженного здравоохранения. У жителей не только нет доступа к бальзамировщику, но и к лекарю им попасть не так просто."
Houses/#devolve_nolibrary,Text,,"Состояние этого дома скоро ухудшится. Жители потеряли доступ к библиотеке, и им стало сложнее получить образование."
Houses/#devolve_nolinen,Text,,"Состояние этого дома скоро ухудшится, так как кончились запасы ткани, а в местном базаре её доставляют нерегулярно."
Houses/#devolve_noluxurygoods,Text,,Состояние этого дома скоро ухудшится. Живущим здесь праздным писцам нужны предметы роскоши с местного базар.
Houses/#devolve_nomortuary,Text,,"Состояние этого дома скоро ухудшится, так как его отрезали от системы здравоохранения. Сюда заходит лекарь, но у жителей нет доступа к бальзамировщику."
Houses/#devolve_nophysician,Text,,"Состояние этого дома скоро ухудшится, так как его отрезали от системы здравоохранения. У жителей есть доступ к бальзамировщику, но им сложно найти лекаря."
Houses/#devolve_nopottery,Text,,"Состояние этого дома скоро ухудшится, так как кончились запасы керамики, а в местном базаре её доставляют нерегулярно."
Houses/#devolve_noreligion,Text,,Состояние этого дома скоро ухудшится. Жители потеряли доступ к местам для поклонения богам.
Houses/#devolve_noscribalschool,Text,,"Состояние этого дома скоро ухудшится. Жители потеряли доступ к школе писцов, и им стало сложнее получить образование."
Houses/#devolve_nowater,Text,,"Состояние этого дома скоро ухудшится, так как у жителей нет доступа даже к самому примитивному источнику воды."
Houses/#devolve_nowatercarrier,Text,,"Состояние этого дома скоро ухудшится, так как сюда не ходит водонос."
Houses/#evolve_bazaarnofood,Text,,"Этот дом не может улучшиться. У жителей есть доступ к базару, но там не так много пищи."
Houses/#evolve_lowentertainment_1,Text,,"Этот дом не может улучшиться, так как в округе почти нет развлечений."
Houses/#evolve_lowentertainment_20,Text,,"Этот дом не может улучшиться, так как в округе слишком мало развлечений."
Houses/#evolve_lowentertainment_40,Text,,"Этот дом не может улучшиться. В этом районе есть какие-то развлечения, но их недостаточно."
Houses/#evolve_lowentertainment_60,Text,,"Этот дом не может улучшиться, так как развлечения в этом районе слишком однообразные."
Houses/#evolve_lowentertainment_80,Text,,"Этот дом не может улучшиться. В этом районе есть отличные развлечения, но в местах для них большие толпы, либо сами развлечения слишком однообразны для разборчивой образованной публики."
Houses/#evolve_no2ndfood,Text,,"Этот дом не может улучшиться, так как богатым жителям требуются поставки второго вида пищи с местного базара."
Houses/#evolve_no2ndluxurygood,Text,,"Чтобы улучшить этот дом, жители должны получать с базара второй тип предметов роскоши, например чёрное дерево<sprite name=""Ebony"">."
Houses/#evolve_no2ndreligion,Text,,"У жителей этого дома есть доступ к храмам только одного бога. Дом не улучшится, пока они не смогут воздавать почести другим богам."
Houses/#evolve_no3rdfood,Text,,"Этот дом не может улучшиться, так как богатым жителям требуются поставки третьего вида пищи с местного базара."
Houses/#evolve_no3rdreligion,Text,,"У жителей этого дома есть доступ к храмам только двух богов. Дом не улучшится, пока они не смогут воздавать почести другим богам."
Houses/#evolve_nobazaar,Text,,"Этот дом не может улучшиться, так как у жителей нет доступа к местному базару."
Houses/#evolve_nobeer,Text,,"Этот дом не может улучшиться, так как более обеспеченным жителям требуются поставки пива с местного базара."
Houses/#evolve_nocourthouse,Text,,"Этот дом не может улучшиться, так как у жителей нет доступа к магистрату из здания суда."
Houses/#evolve_nodentist,Text,,"Этот дом не может улучшиться, так как у жителей нет доступа к дантисту."
Houses/#evolve_nodesirability,Text,,"Это жилище не может улучшиться, пока район не станет более привлекательным."
Houses/#evolve_noeducation,Text,,"Этот дом не может улучшиться, так как у жителей нет доступа к начальному образованию, которое даёт школа писцов или библиотека."
Houses/#evolve_noentertainment,Text,,"Этот дом не может улучшиться, так как в округе нет развлечений."
Houses/#evolve_nofood,Text,,"Этот дом не может улучшиться, так как жителям требуются поставки пищи с местного базара."
Houses/#evolve_nohealth,Text,,"Этот дом не может улучшиться, так как его отрезали от системы здравоохранения. У жителей нет доступа к лекарю или моргу."
Houses/#evolve_nolibrary,Text,,"Этот дом не может улучшиться, так ка для лучшего качества образования необходим доступ к библиотеке."
Houses/#evolve_nolinen,Text,,"Этот дом не может улучшиться, так как более обеспеченным жителям требуются поставки ткани с местного базара."
Houses/#evolve_noluxurygood,Text,,"Этот дом не может улучшиться. Чтобы сюда переехали более обеспеченные жители, местный базар должен обеспечить дом предметами роскоши, например, украшениями<sprite name=""Jewelry"">."
Houses/#evolve_nomortuary,Text,,"Этот дом не может улучшиться, так как его жителям необходимо лучшее здравоохранение. Местный лекарь хорошо справляется с работой, но также требуется доступ к моргу."
Houses/#evolve_nophysican,Text,,"Этот дом не может улучшиться, так как его жителям необходимо лучшее здравоохранение. Здесь есть доступ к моргу, но требуется и лекарь."
Houses/#evolve_nopottery,Text,,"Этот дом не может улучшиться, так как более обеспеченным жителям требуются поставки керамики с местного базара."
Houses/#evolve_noreligion,Text,,"Этот дом не может улучшиться, так как у жителей нет доступа к местам для поклонения богам."
Houses/#evolve_noscribalschool,Text,,"Этот дом не может улучшиться, так ка для лучшего качества образования необходим доступ к школе писцов."
Houses/#evolve_nowater,Text,,"Этот дом не может улучшиться, так как у жителей нет доступа даже к самому примитивному источнику воды."
Houses/#evolve_nowatercarrier,Text,,"Этот дом не может улучшиться, так как сюда не ходит водонос."
Houses/#evolve_perfect,Text,,В этом дворце живут самые сливки египетского общества. Они ни в чём не нуждаются. Одно только удовлетворение их текущих потребностей уже немалое достижение!
Houses/#evolve_soon,Text,,"Условия жизни стали лучше, и жители этого дома прямо сейчас занимаются его улучшением."
Houses/#house_00,Text,,Нет жителей
Houses/#house_00_desc,Text,,"Этот участок в данный момент свободен. Либо здесь ещё ничего не построили, либо предыдущие жильцы умерли от болезни."
Houses/#house_00_noroad,Text,,"Этот участок находится слишком далеко от дороги. Если в ближайшее время рядом с ним не появится дорога, участок пропадёт."
Houses/#house_01,Text,,Грубая хижина
Houses/#house_02,Text,,Крепкая хижина
Houses/#house_03,Text,,Скромная лачуга
Houses/#house_04,Text,,Обычная лачуга
Houses/#house_05,Text,,Примитивный дом
Houses/#house_06,Text,,Обычный дом
Houses/#house_07,Text,,Скромная усадьба
Houses/#house_08,Text,,Просторная усадьба
Houses/#house_09,Text,,Скромные апартаменты
Houses/#house_10,Text,,Просторные апартаменты
Houses/#house_11,Text,,Обычная резиденция
Houses/#house_12,Text,,Просторная резиденция
Houses/#house_13,Text,,Элегантная резиденция
Houses/#house_14,Text,,Богатая резиденция
Houses/#house_15,Text,,Обычное поместье
Houses/#house_16,Text,,Просторное поместье
Houses/#house_17,Text,,Элегантное поместье
Houses/#house_18,Text,,Величественное поместье
Houses/#house_19,Text,,Скромное имение
Houses/#house_20,Text,,Роскошное имение
Houses/#house_crimerisk_00,Text,,От жителей нет никаких жалоб о преступлениях.
Houses/#house_crimerisk_15,Text,,Это мирный район.
Houses/#house_crimerisk_30,Text,,"Случаются мелкие преступления, но ничего серьёзного."
Houses/#house_crimerisk_45,Text,,Преступность становится проблемой.
Houses/#house_crimerisk_60,Text,,Уровень преступности пугает местных жителей.
Houses/#house_crimerisk_75,Text,,"Место, где царит беззаконие. Люди боятся за свою жизнь."
Houses/#house_crimerisk_90,Text,,Это просто рассадник воров.
Houses/#house_disease,Text,,Зараза будет в доме ещё {0} дней.
Houses/#house_extraroom,Text,,Есть место для {0} человек
Houses/#house_firerisk_00,Text,,Нет риска пожара.
Houses/#house_firerisk_15,Text,,Очень низкий риск пожара.
Houses/#house_firerisk_30,Text,,Низкий риск пожара.
Houses/#house_firerisk_45,Text,,Незначительный риск пожара.
Houses/#house_firerisk_60,Text,,Высокий риск пожара.
Houses/#house_firerisk_75,Text,,Очень высокий риск пожара.
Houses/#house_firerisk_90,Text,,Крайне высокий риск пожара.
Houses/#house_food,Text,,Пища
Houses/#house_frogs,Text,,Нашествие жаб продлится ещё {0} дней.
Houses/#house_goods,Text,,Товары
Houses/#house_health_00,Text,,У обитателей этого дома отличное состояние здоровья.
Houses/#house_health_15,Text,,У обитателей этого дома очень хорошее здоровье.
Houses/#house_health_30,Text,,"Здоровье обитателей этого дома хорошее, но есть небольшой риск заражения чумой."
Houses/#house_health_45,Text,,"Здоровье обитателей этого дома довольно среднее, они могут заболеть чумой."
Houses/#house_health_60,Text,,"Здоровье обитателей этого дома в не лучшем состоянии, есть высокий риск чумы."
Houses/#house_health_75,Text,,"Здоровье обитателей этого дома в плохом состоянии, скорее всего, они скоро заразятся чумой."
Houses/#house_health_90,Text,,Здоровье обитателей этого дома в ужасном состоянии. Чума неизбежна.
Houses/#house_luxurygoods,Text,,Предметы роскоши
Houses/#house_nodesirability,Text,,Здание поблизости ({[Building]}) плохо влияет на привлекательность этого места.
Houses/#house_nospace,Text,,"Этот дом улучшится до более престижной резиденции, если у него будет место для расширения."
Houses/#house_occupants,Text,,Проживает {0} человек
Keyboard/A,Text,,A
Keyboard/Alpha0,Text,,0
Keyboard/Alpha1,Text,,1
Keyboard/Alpha2,Text,,2
Keyboard/Alpha3,Text,,3
Keyboard/Alpha4,Text,,4
Keyboard/Alpha5,Text,,5
Keyboard/Alpha6,Text,,6
Keyboard/Alpha7,Text,,7
Keyboard/Alpha8,Text,,8
Keyboard/Alpha9,Text,,9
Keyboard/AltGr,Text,,Alt Gr
Keyboard/Ampersand,Text,,&
Keyboard/Asterisk,Text,,*
Keyboard/At,Text,,@
Keyboard/B,Text,,B
Keyboard/BackQuote,Text,,`
Keyboard/Backslash,Text,,\
Keyboard/Backspace,Text,,Backspace
Keyboard/Break,Text,,Break
Keyboard/C,Text,,C
Keyboard/CapsLock,Text,,Caps Lock
Keyboard/Caret,Text,,^
Keyboard/Clear,Text,,Clear
Keyboard/Colon,Text,,:
Keyboard/Comma,Text,,","
Keyboard/D,Text,,D
Keyboard/Delete,Text,,Delete
Keyboard/Dollar,Text,,$
Keyboard/DoubleQuote,Text,,""""
Keyboard/DownArrow,Text,,Стрелка вниз
Keyboard/E,Text,,E
Keyboard/End,Text,,End
Keyboard/Equals,Text,,=
Keyboard/Escape,Text,,Escape
Keyboard/Exclaim,Text,,!
Keyboard/F,Text,,F
Keyboard/F1,Text,,F1
Keyboard/F10,Text,,F10
Keyboard/F11,Text,,F11
Keyboard/F12,Text,,F12
Keyboard/F13,Text,,F13
Keyboard/F14,Text,,F14
Keyboard/F15,Text,,F15
Keyboard/F2,Text,,F2
Keyboard/F3,Text,,F3
Keyboard/F4,Text,,F4
Keyboard/F5,Text,,F5
Keyboard/F6,Text,,F6
Keyboard/F7,Text,,F7
Keyboard/F8,Text,,F8
Keyboard/F9,Text,,F9
Keyboard/G,Text,,G
Keyboard/Greater,Text,,>
Keyboard/H,Text,,H
Keyboard/Hash,Text,,#
Keyboard/Help,Text,,Help
Keyboard/Home,Text,,Home
Keyboard/I,Text,,I
Keyboard/Insert,Text,,Insert
Keyboard/J,Text,,J
Keyboard/K,Text,,K
Keyboard/Keypad0,Text,,Keypad 0
Keyboard/Keypad1,Text,,Keypad 1
Keyboard/Keypad2,Text,,Keypad 2
Keyboard/Keypad3,Text,,Keypad 3
Keyboard/Keypad4,Text,,Keypad 4
Keyboard/Keypad5,Text,,Keypad 5
Keyboard/Keypad6,Text,,Keypad 6
Keyboard/Keypad7,Text,,Keypad 7
Keyboard/Keypad8,Text,,Keypad 8
Keyboard/Keypad9,Text,,Keypad 9
Keyboard/KeypadDivide,Text,,Keypad /
Keyboard/KeypadEnter,Text,,Keypad Enter
Keyboard/KeypadEquals,Text,,Keypad =
Keyboard/KeypadMinus,Text,,Keypad -
Keyboard/KeypadMultiply,Text,,Keypad *
Keyboard/KeypadPeriod,Text,,Keypad .
Keyboard/KeypadPlus,Text,,Keypad +
Keyboard/L,Text,,L
Keyboard/LeftAlt,Text,,Левый Alt
Keyboard/LeftApple,Text,,Левый Apple
Keyboard/LeftArrow,Text,,Стрелка влево
Keyboard/LeftBracket,Text,,[
Keyboard/LeftCommand,Text,,Левый Command
Keyboard/LeftControl,Text,,Левый Ctrl
Keyboard/LeftCurlyBracket,Text,,{
Keyboard/LeftParen,Text,,(
Keyboard/LeftShift,Text,,Левый Shift
Keyboard/LeftWindows,Text,,Левый Windows
Keyboard/Less,Text,,<
Keyboard/M,Text,,M
Keyboard/Menu,Text,,Menu
Keyboard/Minus,Text,,-
Keyboard/N,Text,,N
Keyboard/None,Text,,Нет
Keyboard/Numlock,Text,,Num Lock
Keyboard/O,Text,,O
Keyboard/P,Text,,P
Keyboard/PageDown,Text,,Page Down
Keyboard/PageUp,Text,,Page Up
Keyboard/Pause,Text,,Pause
Keyboard/Percent,Text,,%
Keyboard/Period,Text,,.
Keyboard/Pipe,Text,,|
Keyboard/Plus,Text,,=+
Keyboard/Print,Text,,Print
Keyboard/Q,Text,,Q
Keyboard/Question,Text,,?
Keyboard/Quote,Text,,'
Keyboard/R,Text,,R
Keyboard/Return,Text,,Ввод
Keyboard/RightAlt,Text,,Правый Alt
Keyboard/RightApple,Text,,Правый Apple
Keyboard/RightArrow,Text,,Стрелка вправо
Keyboard/RightBracket,Text,,]
Keyboard/RightCommand,Text,,Правый Command
Keyboard/RightControl,Text,,Правый Ctrl
Keyboard/RightCurlyBracket,Text,,}
Keyboard/RightParen,Text,,)
Keyboard/RightShift,Text,,Правый Shift
Keyboard/RightWindows,Text,,Правый Windows
Keyboard/S,Text,,S
Keyboard/ScrollLock,Text,,Scroll Lock
Keyboard/Semicolon,Text,,;
Keyboard/Slash,Text,,/
Keyboard/Space,Text,,Пробел
Keyboard/SysReq,Text,,Sys Req
Keyboard/T,Text,,T
Keyboard/Tab,Text,,Tab
Keyboard/Tilde,Text,,~
Keyboard/U,Text,,U
Keyboard/Underscore,Text,,_
Keyboard/UpArrow,Text,,Стрелка вверх
Keyboard/V,Text,,V
Keyboard/W,Text,,W
Keyboard/X,Text,,X
Keyboard/Y,Text,,Y
Keyboard/Z,Text,,Z
Legacy/,Text,,"Crime can also produce <link=""#_Title""><u></u></link>477tomb&robbers, but only if your city is the final resting place for one of Egypt's greatest and hosts a tomb (Pyramid, Mastaba, Mausoleum or Royal Burial Tomb). Tomb robbers are especially adept at breaking into and plundering the treasures of Royal Burial Tombs. Sometimes, greed can corrupt even the happiest of citizens. These greedy citizens get together with their friends and speculate about the lavish burial provisions interred with the noble dead. When this lust for riches gets the best of them, a crime wave breaks out, and these citizens become tomb robbers! Since you cannot look deep into the hearts of your citizens, you have no way of knowing when a crime wave will occur. However, constables will eagerly strike down anyone who tries to defile a tomb by pilfering its burial provisions."
Legacy/#BuildingButtons_Content,Text,,"These buttons let you actually place structures on the landscape. The building's price is shown on its button. When you select a structure to build, a ghostly green image of it attaches to your cursor. When you sweep the cursor over buildable land, that image is green; on unsuitable terrain, the green image becomes a red diamond. Access help for individual buildings by clicking on existing structures with your right mouse button, or choose them from the 'Buildings' section of the <link=""#_Title""><u></u></link>10Table&of&Contents."
Legacy/#BuildingButtons_Title,Text,,Кнопки строений
Legacy/#ControlToggle_Content,Text,,"This button simply allows you to hide or show the Control Panel. Hiding the panel enables you to see more of the city, but can make some game controls less convenient. Your personal preference is the only consideration in choosing whether or not to hide the panel."
Legacy/#ControlToggle_Title,Text,,Переключатель контрольной панели
Legacy/#FileMenu_Content,Text,,"From the File Menu, you can start a new game, replay the current mission, load a previously saved game, save your current game, delete a previously saved game, and exit Pharaoh."
Legacy/#FileMenu_Title,Text,,Меню файл
Legacy/#HelpMenu_Content,Text,,"The Help menu lists the topics for all the things you need to know to play Pharaoh. You can also select many historical entries from the bottom part of the Table of Contents. 'Mouse help' means the little word balloons that appear when you put your cursor over something.  'Full' displays mouse help for almost everything in the game.  'Some' turns mouse help off, with a few exceptions like <link=""#_Title""><u></u></link>18Overlay&views and your city's Palace reports.  'None' disables mouse help completely. 'Warnings' are the short banner messages that appear at the top of your screen.  You might wish to turn them off after you get the hang of playing Pharaoh."
Legacy/#HelpMenu_Title,Text,,Меню справки
Legacy/#Messages_Content,Text,,"When a notable event occurs in the city or elsewhere in the Kingdom, you receive a message describing the event.  Some of these messages are urgent and require quick response on your part.  They could be requests from Pharaoh or other cities, or could be directing your attention to a particular trouble spot in your city. When a new message arrives, the 'Message' button on the Control Panel lights up and a chime sounds.  Click on the button to read the message.  If the matter is extremely urgent, the message is delivered to you directly and appears on the screen automatically.  If the message is alerting you to some trouble in your city, you can click on the alarm button within the message to proceed directly to the trouble spot.   Other messages contain instructions that help you manage the city more successfully.  These messages are useful guides that teach important game concepts and set up short-term goals.  Meeting the short-term goals outlined in these special messages enables you to win a mission and move on to the next step.  These messages are marked with a blue scroll in the message list. You can erase individual messages by right-clicking on their titles in your message list.  A button at the bottom of the panel lets you delete all previously-opened messages at once, although it won't delete unread or blue-scroll (tutorial) messages.  Once you delete a message from the list, it is gone forever. You can, of course, choose to keep the message for future reference. Expert players might want to disable certain popup messages from the <link=""#_Title""><u></u></link>12Options&menu.  When you enable this option, messages appear across the top of the screen and are also added to your Message box."
Legacy/#Messages_Title,Text,,Сообщения
Legacy/#Monuments_,Text,,Закончен
Legacy/#OptionsMenu_Content,Text,,"Use the Options menu to change the way Pharaoh looks and sounds. Use the Display option to adjust your view and the Sound option to adjust the volume of the sounds, speech and music. The Speed setting changes the rate at which time passes in Pharaoh. Choose which version of the city names you would like to use (either Classical or Egyptian) by selecting the Cities option.  You probably have a passing familiarity with the classical names, but the Egyptian option lends a bit more authenticity to Pharaoh. To control the way you receive messages while playing, adjust the Popup Messages settings. Most of the messages you receive appear in a popup screen. When the screen pops up, the game stops until you close to screen. The Popup Messages settings allow you to turn this feature off for some of the messages you receive. From the category list provided, simply select which types of messages you do not want to receive as a popup message by clicking on the category name. The category name will appear in yellow, and messages in that category will be displayed in a banner across the top of the screen. They will also appear in your <link=""#_Title""><u></u></link>34message&list. You will not have to stop governing the city to deal with the message. If you select 'Compliance Now Possible' from the list, requested goods will automatically be sent from the city's Storage Yards when the shipment is ready. See the entry on the <link=""#_Title""><u></u></link>22Political&Overseer for more information on requests.  You can turn the game's automatic save function on or off from this menu.  Autosave saves your game every six months, which gives you a reliable fallback if you forget to save manually or if you have computer problems.  It always overwrites the same filename, so there's no danger of filling up your hard drive with autosaves.  You might turn off this feature to eliminate the brief pauses while the game saves itself.   To change the difficulty level at any time during the game, use the Difficulty option.  Note, however, that your mission score is tied to the difficulty level that you choose. If you change the difficulty part way through a mission, your score will be computed using the easiest level that you play. Finally, the Monument Speedup option allows you to use the gods' help in building some <link=""#_Title""><u></u></link>370monuments. Turn the option on, and a god may choose to bless you by helping you build your monument. The gods enjoy working on certain monuments only, specifically the pyramids and mastabas."
Legacy/#OptionsMenu_Title,Text,,Меню параметров
Legacy/#OverlaySelector_Content,Text,,"The Overlay Selector lets you look at the city through different filters. The overlays are key to city planning and managing the city's services. When you choose an overlay, you will see only the buildings and walkers that relate directly to the report you've chosen. Other buildings are usually replaced by columns.  In most cases, the columns indicate access to a particular service or city function.  The higher the column, the better the building's access to the service. The exceptions to the rule are the Risks Overlays, the Problems Overlay, the Desirability Overlay and the Hide Cliffs Overlay.  With the Risks Overlays, housing and other buildings are still replaced by columns, but the taller and redder the column the greater the risk.  The Problems Overlay shows the buildings that are not operating properly or that are about to develop a serious problem.  Icons indicating the problem appear on top of the building.  This overlay also shows cart pushers who have stalled because they have no place to bring their goods or food. With the Desirability Overlay selected, the city's land is replaced by different colored blocks.  Gold blocks indicate the areas that people find the most desirable.  The browner the block, the less desirable the area. For more on desirability, click <link=""#_Title""><u></u></link>56here. If cliffs are blocking your view, use the Hide Cliffs Overlay to temporarily flatten them. If you have any Royal Burial Tombs built into the cliffs, you'll be able to see into them when you've selected the Hide Cliffs Overlay.  Finally, the Water Overlay is a little different from the other overlays as well. Access to water carriers is shown with blue columns that grow taller with better access.  This overlay also shows which land can support water-related structures and which land has access to drinking water from a well.  Dark blue squares mark the housing that has well water, and light blue squares show which land has the necessary groundwater to support a <link=""#_Title""><u></u></link>62Well, <link=""#_Title""><u></u></link>61Water&Supply or other building that needs groundwater access. The best way to familiarize yourself with the different overlays is to experiment with them. Once you understand the information they provide, you will be able to plan your city more efficiently."
Legacy/#OverlaySelector_Title,Text,,Выбор слоя
Legacy/#Overseers_Content,Text,,Use the Overseer menu to visit a specific Overseer.  Overseers present crucial information about the condition of your city at any given time.
Legacy/#Overseers_Title,Text,,Советники
Legacy/CompanyOrders_Content,Text,,"To station a <link=""#_Title""><u></u></link>37company in the field, or to simply instruct it to move to a new location, click on it and then click on a new location.  The company's standard will appear in the new location, and the company will march towards it, assuming that the soldiers can get there.  Note that the steep, muddy embankment between a flood plain and dry land is impassible except where a road connects the two terrains.   You can issue a company the following orders:
Hold Ground in Tight Formation In tight formation, soldiers stand as close to each other as possible.  Because they have been told to hold ground, they will not leave their position to attack enemies.  They will attack any enemy that comes within their range, though.  The tight formation reduces the amount of ground that the soldiers can defend and makes them an easier target for enemy arrows.  Their shoulder-to-shoulder stance enhances their defensive strength in close combat.
Hold Ground in Loose Formation  This command can only be issued to infantry and archers; it cannot be issued to charioteers.  Soldiers in loose formation spread out to cover more ground while holding their positions.  They will attack if an enemy comes into range.  This formation makes infantry and archers less vulnerable to enemy arrows, but does not offer much protection against enemy infantry attack, as each soldier in the line can effectively only defend himself.
Engage Nearby Enemies When given this order, a company moves to attack enemies in their immediate vicinity.  The attack continues until the enemy is killed or retreats, or until you issue a different order...or until your own defeated company's morale breaks and your men head back to their Fort.
Mop-Up   When told to mop-up, soldiers seek out any enemies in a wide area and attack them.  Companies under mop-up orders are at their most aggressive, and they break formation entirely to fearlessly battle the foe.  Fearlessness, however, does hamper their ability to defend themselves, so this order is best used when the city's army outnumbers its enemies.
Charge  The charge command can be issued only to charioteers.  Charging an enemy line breaks up its formation, making the enemy more vulnerable to attack.  When told to charge, the charioteers work the horses up into a lather, and they pull the chariots at top speed for a great distance.  Eventually, the horses tire and the chariots slow down and need to rest, so issue this order sparingly.
Return to Fort   Click Return to Fort when your soldiers have done their duty and defeated the enemy.  At the Fort, they can rest up for the next battle.   If morale is low, they'll return to Fort on their own.
In addition to issuing the specific orders outlined above, you can also tell companies to attack by selecting them and clicking on an enemy.  The company will pursue the targeted enemy to the death unless you issue a different order.
For more on ancient Egyptian warfare, click <link=""#_Title""><u></u></link>184here."
Legacy/CompanyOrders_Title,Text,,Приказы отряду
Legacy/ControlPanel_Content,Text,,"This panel accesses all of the controls that you need to build and maintain your city.  The best way to understand its functions is simply to click on its various buttons - go ahead, you can't hurt anything!  If Mouse Help is turned ON (under 'Help' on the Menu Bar), put your cursor over any element for a short description of it.  For detailed explanations of every topic in Pharaoh, use the 'Help' item on the Menu Bar."
Legacy/ControlPanel_Title,Text,,Контрольная панель
MapEditor/,Text,,Сырьё
MapEditor/#Available_Buildings,Text,,Доступные постройки
MapEditor/#Available_Foods,Text,,Доступная еда
MapEditor/#Available_Goods,Text,,Доступные товары
MapEditor/#Available_Luxury,Text,,Доступные предметы роскоши
MapEditor/#Available_Resources,Text,,"Доступные еда, товары и предметы роскоши"
MapEditor/#Average,Text,,Средний ландшафт
MapEditor/#Brush_Clear,Text,,Удалить флаги
MapEditor/#Brush_Cliff,Text,,Утёс
MapEditor/#Brush_Dune,Text,,Песчаные дюны
MapEditor/#Brush_Floodplain,Text,,Пойменное поле
MapEditor/#Brush_Marsh,Text,,Болото
MapEditor/#Brush_Meadow,Text,,Луг
MapEditor/#Brush_Ore,Text,,Рудоносная скала
MapEditor/#Brush_Road,Text,,Дорога
MapEditor/#Brush_Rock,Text,,Обычная скала
MapEditor/#Brush_Sand,Text,,Равнина
MapEditor/#Brush_Size,Text,,Размер кисти
MapEditor/#Brush_Trees,Text,,Деревья
MapEditor/#Brush_Water,Text,,Вода
MapEditor/#Building_Available,Text,,Доступно
MapEditor/#Building_Locked,Text,,Заблокировано
MapEditor/#Building_Unavailable,Text,,Недоступно
MapEditor/#CityStatus_DistantCityToEgyptianCity,Text,,Удаленный город в Египетский город
MapEditor/#CityStatus_EgyptianCityToDistantCity,Text,,Египетский город в Удаленный город
MapEditor/#CityStatus_TradeAvailable,Text,,Доступна торговля
MapEditor/#CityStatus_TradeShutsdown,Text,,Торговля остановлена
MapEditor/#CityStatus_UnderSiege,Text,,Под осадой
MapEditor/#CreateFolder,Text,,Создать каталог
MapEditor/#Enormous,Text,,Огромный ландшафт
MapEditor/#EnterFolderName,Text,,Введите имя каталога
MapEditor/#EventInvalid_Desc,Text,,"У события неправильные параметры.
Хотите исправить или удалить его и вернуться к списку событий?"
MapEditor/#EventInvalid_FixEvent,Text,,Исправить событие
MapEditor/#EventInvalid_ReturnToEventList,Text,,Удалить и вернуться к списку
MapEditor/#EventInvalid_Title,Text,,Неправильное событие
MapEditor/#EventLink_None,Text,,Нет
MapEditor/#EventType_BloodRiver,Text,,Кровавая река
MapEditor/#EventType_CityStatusChange,Text,,Изменение статуса города
MapEditor/#EventType_ClayPitFlood,Text,,Затопление глиняного карьера
MapEditor/#EventType_ContaminatedWater,Text,,Заражённая вода
MapEditor/#EventType_FailedFlood,Text,,Нет разлива
MapEditor/#EventType_Gift,Text,,Подарок
MapEditor/#EventType_GoldMineCollapse,Text,,Обрушение золотого рудника
MapEditor/#EventType_Hailstorm,Text,,Град
MapEditor/#EventType_Invasion,Text,,Вторжение
MapEditor/#EventType_KingdomInvasion,Text,,Вторжение Царства
MapEditor/#EventType_KingdomRatingDecrease,Text,,Снижение рейтинга Царства
MapEditor/#EventType_KingdomRatingIncrease,Text,,Увеличение рейтинга Царства
MapEditor/#EventType_LandTradeProblem,Text,,Проблема сухопутной торговли
MapEditor/#EventType_LocustPlague,Text,,Нашествие саранчи
MapEditor/#EventType_PerfectFlood,Text,,Превосходный разлив
MapEditor/#EventType_PriceDecrease,Text,,Снижение цены
MapEditor/#EventType_PriceIncrease,Text,,Увеличение цены
MapEditor/#EventType_Request,Text,,Запрос
MapEditor/#EventType_ToadPlague,Text,,Нашествие лягушек
MapEditor/#EventType_TradeDecrease,Text,,Снижение торговли
MapEditor/#EventType_TradeIncrease,Text,,Увеличение торговли
MapEditor/#EventType_TroopRequest,Text,,Запрос войск
MapEditor/#EventType_WageDecrease,Text,,Снижение жалования
MapEditor/#EventType_WageIncrease,Text,,Увеличение жалования
MapEditor/#EventType_WaterTradeProblem,Text,,Проблема водной торговли
MapEditor/#Event_AmountMax,Text,,Макс. количество
MapEditor/#Event_AmountMin,Text,,Мин. количество
MapEditor/#Event_ArmyMax,Text,,Макс. армии
MapEditor/#Event_ArmyMin,Text,,Мин. армии
MapEditor/#Event_ChainedEvent,Text,,Связанное событие
MapEditor/#Event_CityStatus,Text,,Статус города
MapEditor/#Event_EventLinks,Text,,Вызов другого события
MapEditor/#Event_Frequency,Text,,Частота
MapEditor/#Event_From,Text,,От
MapEditor/#Event_Goods,Text,,Товары
MapEditor/#Event_InvasionDelay,Text,,Задержка вторжения
MapEditor/#Event_IsBedouin,Text,,Бедуины?
MapEditor/#Event_IsNaval,Text,,Водное?
MapEditor/#Event_LinkAccept,Text,,При принятии
MapEditor/#Event_LinkDecline,Text,,При отказе
MapEditor/#Event_LinkDefeat,Text,,При поражении
MapEditor/#Event_LinkLate,Text,,При задержке
MapEditor/#Event_LinkVictory,Text,,При победе
MapEditor/#Event_Reason,Text,,Причина
MapEditor/#Event_Related_City,Text,,Связанный город
MapEditor/#Event_Type,Text,,Тип события
MapEditor/#Event_WarshipMax,Text,,Макс. военных кораблей
MapEditor/#Event_WarshipMin,Text,,Мин. военных кораблей
MapEditor/#Fish,Text,,Точка рыболовства
MapEditor/#Flood_Visualizer,Text,,Визуализация разлива
MapEditor/#Frequency_Delay,Text,,Задержка
MapEditor/#Frequency_Month,Text,,Месяц
MapEditor/#Frequency_Once,Text,,Однажды
MapEditor/#Frequency_Recurrent,Text,,Периодически
MapEditor/#Frequency_TimeLimit,Text,,Лимит времени
MapEditor/#Frequency_Triggered,Text,,По триггеру
MapEditor/#Frequency_Until,Text,,До
MapEditor/#Frequency_Year,Text,,Год
MapEditor/#From_City,Text,,Город
MapEditor/#From_Pharaoh,Text,,Фараон
MapEditor/#Game_Good,Text,,Ресурсы
MapEditor/#God_Local,Text,,Местный
MapEditor/#God_None,Text,,Нет
MapEditor/#God_Patron,Text,,Покровитель
MapEditor/#GroundEntry,Text,,Точка входа
MapEditor/#GroundExit,Text,,Точка выхода
MapEditor/#IE_Buyer,Text,,Цена покупки
MapEditor/#IE_Items,Text,,Предметы
MapEditor/#IE_Seller,Text,,Цена продажи
MapEditor/#ImportExport,Text,,Цены импорта/экспорта
MapEditor/#Kingdom_Builder,Text,,Строитель Царства
MapEditor/#Large,Text,,Большой ландшафт
MapEditor/#LinkedBuilding_DisablingBuildings,Text,,Отключение {0} также отключит следующие постройки:
MapEditor/#LinkedBuilding_EnablingBuildings,Text,,Включение {0} также включит следующие постройки:
MapEditor/#LinkedBuilding_Title,Text,,Связанные постройки
MapEditor/#LinkedGoods_EnablingGoods,Text,,Включение {0} также включит следующие товары:
MapEditor/#LinkedGoods_Title,Text,,Связанные товары
MapEditor/#Map_Illustration,Text,,Иллюстрация миссии
MapEditor/#Map_Musics,Text,,Настройки аудио
MapEditor/#Map_Name,Text,,Название карты
MapEditor/#Map_Period,Text,,Период
MapEditor/#Map_Tagline,Text,,Подзаголовок карты
MapEditor/#Mission_Events,Text,,События миссии
MapEditor/#Music_Add,Text,,Добавить музыку
MapEditor/#Music_Available,Text,,Доступная музыка
MapEditor/#Music_Population,Text,,Музыка на основе населения
MapEditor/#Music_To,Text,,К
MapEditor/#New,Text,,Создать
MapEditor/#OverwriteMap,Text,,Переписать карту
MapEditor/#OverwriteMapConfirm,Text,,Подтвердите перезапись карты
MapEditor/#Placeholder_CityName,Text,,Введите название города
MapEditor/#Placeholder_CityTagline,Text,,Введите подзаголовок города
MapEditor/#Predator,Text,,Точка убийц
MapEditor/#Presets_AbuSimbel,Text,,Абу-Симбел
MapEditor/#Presets_Alexandria,Text,,Александрия
MapEditor/#Presets_Pyramids,Text,,Пирамиды
MapEditor/#Presets_ValleyOfTheKings,Text,,Долина Царей
MapEditor/#Prey,Text,,Точка добычи
MapEditor/#Quit_Editor,Text,,Выйти из редактора карт
MapEditor/#Quit_Editor_Desc,Text,,"Вы уверены, что хотите выйти из редактора и вернуться в основное меню?"
MapEditor/#Reason_ConstructionProject,Text,,Строительный проект
MapEditor/#Reason_DistantBattle,Text,,Далекая битва
MapEditor/#Reason_EgyptianCity,Text,,Египетский город
MapEditor/#Reason_Famine,Text,,Голод
MapEditor/#Reason_General,Text,,Общее
MapEditor/#Reason_GodFestival,Text,,Фестиваль бога
MapEditor/#Reason_Threat,Text,,Угроза
MapEditor/#RiverEntry,Text,,Начало реки
MapEditor/#RiverExit,Text,,Конец реки
MapEditor/#Sandbox_Mode,Text,,Режим песочницы
MapEditor/#SaveMap,Text,,Сохранить карту
MapEditor/#Settings,Text,,Настройки
MapEditor/#Small,Text,,Маленький ландшафт
MapEditor/#Tiny,Text,,Крохотный ландшафт
MapEditor/#Title_Win_Conditions,Text,,Условия победы
MapEditor/#UserMaps,Text,,Пользовательские карты
MapEditor/#Validation_NoFood,Text,,Укажите хотя бы один доступный источник еды. Людям нужно есть!
MapEditor/#Validation_NoGroundEntry,Text,,Разместите точку появления для мигрантов на карте
MapEditor/#Validation_NoRiverEntry,Text,,"Вы указали города с водной торговлей, но не указали входную точку реки!"
MapEditor/#Validation_NoTagline,Text,,Для города нужен подзаголовок
MapEditor/#Validation_NoTitle,Text,,Для города нужно название
MapEditor/#Validation_NoWinCondition,Text,,"Эта карта — не песочница, но нет определённых условий победы!"
MapEditor/#VeryLarge,Text,,Очень большой ландшафт
MapEditor/#WinCond_BurialGoods,Text,,Погребальные принадлежности
MapEditor/#WinCond_Culture,Text,,Культура
MapEditor/#WinCond_Houses,Text,,Дома
MapEditor/#WinCond_Kingdom,Text,,Царство
MapEditor/#WinCond_MonumentPresets,Text,,Наличие монументов
MapEditor/#WinCond_Monuments,Text,,Доступные монументы
MapEditor/#WinCond_NoMonument,Text,,Нет
MapEditor/#WinCond_Population,Text,,Население
MapEditor/#WinCond_Prosperity,Text,,Благополучие
MapEditor/#WinCond_SelectMonument,Text,,Выберите монумент
MapEditor/#WorldFilter_Active,Text,,Активно
MapEditor/#WorldFilter_All,Text,,Все
MapEditor/#WorldFilter_Inactive,Text,,Неактивно
MapEditor/#WorldFilter_MyCity,Text,,Мой город
MapEditor/#WorldFilter_Pharaoh,Text,,Город Фараона
MapEditor/#WorldMap_CityIllustration,Text,,Иллюстрация города
MapEditor/#WorldMap_CityStatus,Text,,Статус города
MapEditor/#WorldMap_EnableCity,Text,,Включить город
MapEditor/#WorldMap_Items,Text,,Предметы
MapEditor/#WorldMap_LandRoute,Text,,Наземный путь
MapEditor/#WorldMap_NoRoute,Text,,Нет пути
MapEditor/#WorldMap_OpenPrice,Text,,Цена открытия
MapEditor/#WorldMap_SeaRoute,Text,,Водный путь
MapEditor/#WorldMap_StatusEgyptianCity,Text,,Египетский город
MapEditor/#WorldMap_StatusForeignCity,Text,,Иноземный город
MapEditor/#WorldMap_StatusMyCity,Text,,Мой город
MapEditor/#WorldMap_StatusPharaohCity,Text,,Город Фараона
MapEditor/#WorldMap_Trade,Text,,Торговля
MapEditor/#WorldMap_Volume,Text,,Размер
MapEditor/#WorldMap_VolumeLarge,Text,,Большой
MapEditor/#WorldMap_VolumeMedium,Text,,Средний
MapEditor/#WorldMap_VolumeSmall,Text,,Маленький
MapEditor/#amount,Text,,количество
MapEditor/#god_settings,Text,,Настройки богов
MapEditor/#god_temple_complex,Text,,Храмовый комплекс
MapEditor/#map_editor_climate,Text,,Климат
MapEditor/#map_editor_create_new_climate,Text,,Набор земли
MapEditor/#map_editor_create_new_create,Text,,Создать
MapEditor/#map_editor_create_new_size,Text,,Размер карты
MapEditor/#map_editor_default_map,Text,,Карта по умолчанию
MapEditor/#map_editor_flood_quality,Text,,Качество разливов:
MapEditor/#map_editor_griddisplay,Text,,Показать сетку
MapEditor/#map_editor_parameters,Text,,Параметры
MapEditor/#parameters_additional_funds,Text,,Спасительный подарок
MapEditor/#parameters_buildings,Text,,Установить доступные постройки
MapEditor/#parameters_current_pharaoh,Text,,Текущий фараон:
MapEditor/#parameters_ennemy,Text,,Выберите врага
MapEditor/#parameters_events,Text,,Запланировать события
MapEditor/#parameters_flood_duration,Text,,Разливы длятся:
MapEditor/#parameters_flood_start,Text,,Разливы начинаются:
MapEditor/#parameters_gods,Text,,Определите богов
MapEditor/#parameters_interests,Text,,Процент при долге
MapEditor/#parameters_killers,Text,,Типы убийц
MapEditor/#parameters_kingdom_wages,Text,,Жалование царства
MapEditor/#parameters_late_flood,Text,,Поздний разлив?
MapEditor/#parameters_rank,Text,,Начальный ранг
MapEditor/#parameters_start_15th,Text,,Начинается 15-го
MapEditor/#parameters_start_1st,Text,,Начинается 1-го
MapEditor/#parameters_starting year,Text,,Год старта
MapEditor/#parameters_starting_funds,Text,,Начальные средства
MapEditor/#parameters_trade,Text,,Изменить цены импорта и экспорта
MapEditor/#save,Text,,Сохранить
MapEditor/#to,Text,,к
MapEditor/2Months,Text,,Два месяца
MapEditor/3Months,Text,,Три месяца
MapEditor/4Months,Text,,Четыре месяца
MapEditor/Arid,Text,,Засушливый климат
MapEditor/Enormous,Text,,Огромная карта
MapEditor/Excellent,Text,,Отличный
MapEditor/Good,Text,,Хороший
MapEditor/GroundInvasion,Text,,Точка вторжения
MapEditor/Humid,Text,,Влажный климат
MapEditor/Large,Text,,Большая карта
MapEditor/Mediocre,Text,,Посредственный
MapEditor/Medium,Text,,Средняя карта
MapEditor/None,Text,,Нет
MapEditor/Normal,Text,,Нормальный климат
MapEditor/Perfect,Text,,Превосходный
MapEditor/Poor,Text,,Слабый
MapEditor/RiverEntry,Text,,Начало реки
MapEditor/RiverExit,Text,,Конец реки
MapEditor/Small,Text,,Маленькая карта
MapEditor/Tiny,Text,,Крохотная карта
MapEditor/VeryLarge,Text,,Очень большая карта
Menu/#AD,Text,,н. э.
Menu/#April,Text,,апрель
Menu/#April_Short,Text,,апр
Menu/#August,Text,,август
Menu/#August_Short,Text,,авг
Menu/#Autosave,Text,,autosave
Menu/#BC,Text,,до н. э.
Menu/#Battle_Defeat_Debt,Text,,"Не найдя ни одного дебена <sprite name=""Deben""> в вашей казне, захватчики решили остаться и отстранить вас от власти. Они подберут себе того, кто не оставляет после себя пустых сокровищниц."
Menu/#Battle_Defeat_DebtANDKingdom,Text,,"Проиграв битву, вы также потеряли уважение среди ваших жителей и других египтян. Теперь, когда нет защищавшей вас армии, люди отстраняют вас от власти!"
Menu/#Battle_Defeat_Kingdom,Text,,"Ваша репутация в Египте настолько низка, что захватчики без труда отстранили вас от власти, и теперь  {[city_name]} в их руках!"
Menu/#Battle_Victory,Text,,"Вы победили захватчиков! {[city_name]} пока что в безопасности...
Восстановите свои войска как можно скорее!"
Menu/#CampaignSave,Text,,Кампания
Menu/#Campaign_Save_Details,Text,,Последнее сохранение: {[cityname]} {[year]} {[month]} {[day]}
Menu/#Campaign_Save_None,Text,,Для данной династии нет сохранённой кампании
Menu/#CampainSaveExisting,Text,,Существует сохранение для данного периода
Menu/#CampainSaveExistingDesc,Text,,Хотите ли вы перезапустить период или загрузить сохранение?
Menu/#CampainSaveExistingLoadSave,Text,,Загрузить сохранение
Menu/#CampainSaveExistingRestart,Text,,Начать заново
Menu/#Cancel,Text,,Отмена
Menu/#CityFunds,Text,,Текущие средства города
Menu/#CityPopulation,Text,,Текущее население города
Menu/#Clear_History,Text,,Очистить
Menu/#Completed,Text,,Завершено
Menu/#Confirm,Text,,Подтвердить
Menu/#Continue,Text,,Продолжить
Menu/#Create_Family,Text,,Создать династию
Menu/#Create_Save,Text,,Новое сохранение
Menu/#CurrentDate,Text,,Текущая дата!
Menu/#December,Text,,декабрь
Menu/#December_Short,Text,,дек
Menu/#DesirabilityOverlay_Hover_0,Text,,Это одно из самых непривлекательных мест в городе.
Menu/#DesirabilityOverlay_Hover_1,Text,,"Никто не желает жить здесь, но бывают места и похуже."
Menu/#DesirabilityOverlay_Hover_2,Text,,"Люди не уверены, является ли данная местность привлекательной."
Menu/#DesirabilityOverlay_Hover_3,Text,,"Здесь получше, чем в других местах, хотя и не так уж привлекательно."
Menu/#DesirabilityOverlay_Hover_4,Text,,Большинство людей с удовольствием будут здесь жить.
Menu/#DesirabilityOverlay_Hover_5,Text,,Это наиболее привлекательные места в вашем городе.
Menu/#DesirabilityOverlay_Hover_not_protected,Text,,Эта местность не защищена.
Menu/#DesirabilityOverlay_Hover_protected,Text,,Эта местность защищена.
Menu/#Enter_Name,Text,,Введите имя династии
Menu/#Enter_Save_Name,Text,,Введите название сохранения
Menu/#Family_Avatar,Text,,Выберите изображение
Menu/#February,Text,,февраль
Menu/#February_Short,Text,,фев
Menu/#FinalCultureRating,Text,,Итоговый рейтинг культуры
Menu/#FinalKingdomRating,Text,,Итоговый рейтинг Царства
Menu/#FinalMonumentRating,Text,,Итоговый рейтинг монументов
Menu/#FinalPopulation,Text,,Итоговое население
Menu/#FinalProsperityRating,Text,,Итоговый рейтинг благополучия
Menu/#Game_Selectin_Mission,Text,,Выбор миссии
Menu/#Game_Selection_Campaign,Text,,Кампании
Menu/#Game_Selection_Load,Text,,Загрузить игру
Menu/#Home,Text,,Домой
Menu/#Hover_BastetOverlay,Text,,Слой Баст
Menu/#Hover_BazaarOverlay,Text,,Слой базаров
Menu/#Hover_Briefing,Text,,Инструктаж
Menu/#Hover_ChiefOverseer,Text,,Главный советник
Menu/#Hover_CloseOverlay,Text,,Закрыть текущий слой
Menu/#Hover_CollapseOverlay,Text,,Слой рисков обрушения
Menu/#Hover_CrimeOverlay,Text,,Слой рисков преступности
Menu/#Hover_DancersOverlay,Text,,Слой танцовщиц
Menu/#Hover_DentistsOverlay,Text,,Слой дантистов
Menu/#Hover_DesirabilityOverlay,Text,,Слой привлекательности
Menu/#Hover_DiseasesOverlay,Text,,Слой рисков заболеваний
Menu/#Hover_EducationOverlay,Text,,Слой образования
Menu/#Hover_EmbalmersOverlay,Text,,Слой бальзамировщиков
Menu/#Hover_Encyclopedia,Text,,Энциклопедия
Menu/#Hover_EntertainmentOverlay,Text,,Слой развлечений
Menu/#Hover_FireOverlay,Text,,Слой рисков пожара
Menu/#Hover_HealthOverlay,Text,,Слой здоровья
Menu/#Hover_Help,Text,,Внутриигровая справка
Menu/#Hover_HerbalistsOverlay,Text,,Слой аптекарей
Menu/#Hover_JugglersOverlay,Text,,Слой жонглёров
Menu/#Hover_LibrariansOverlay,Text,,Слой библиотекарей
Menu/#Hover_MagistrateOverlay,Text,,Слой магистратов
Menu/#Hover_MalariaOverlay,Text,,Слой рисков малярии
Menu/#Hover_Menu,Text,,Меню
Menu/#Hover_MilitaryOverlay,Text,,Слой обороны
Menu/#Hover_MilitaryOverseer,Text,,Военный советник
Menu/#Hover_MusiciansOverlay,Text,,Слой музыкантов
Menu/#Hover_NilometerExcellent,Text,,Следующий разлив должен быть отличным.
Menu/#Hover_NilometerGood,Text,,Следующий разлив должен быть хорошим.
Menu/#Hover_NilometerMediocre,Text,,"Следующий разлив, скорее всего, будет посредственным."
Menu/#Hover_NilometerNone,Text,,"Следующего разлива, скорее всего, не будет."
Menu/#Hover_NilometerOff,Text,,Закрыть Нилометр
Menu/#Hover_NilometerOn,Text,,Открыть Нилометр
Menu/#Hover_NilometerPerfect,Text,,Следующий разлив должен быть идеальным.
Menu/#Hover_NilometerPoor,Text,,"Следующий разлив, скорее всего, будет слабым."
Menu/#Hover_Notifications,Text,,Оповещения
Menu/#Hover_OsirisOverlay,Text,,Слой Осириса
Menu/#Hover_OverlayAll,Text,,Все
Menu/#Hover_Overlays,Text,,Слои
Menu/#Hover_OverseerCommerce,Text,,Торговый советник
Menu/#Hover_OverseerDiversions,Text,,Советник по развлечениям
Menu/#Hover_OverseerGranaries,Text,,Советник по продовольствию
Menu/#Hover_OverseerHealth,Text,,Советник по здравоохранению
Menu/#Hover_OverseerLearning,Text,,Советник по образованию
Menu/#Hover_OverseerMonuments,Text,,Советник по монументам
Menu/#Hover_OverseerTemples,Text,,Советник по храмам
Menu/#Hover_OverseerTreasury,Text,,Советник по казне
Menu/#Hover_OverseerWorkers,Text,,Советник по рабочей силе
Menu/#Hover_Overseers,Text,,Советники
Menu/#Hover_PhysiciansOverlay,Text,,Слой лекарей
Menu/#Hover_PoliticalOverseer,Text,,Советник по политике
Menu/#Hover_ProblemsOverlay,Text,,Слой проблем
Menu/#Hover_PtahOverlay,Text,,Слой Птаха
Menu/#Hover_RaOverlay,Text,,Слой Ра
Menu/#Hover_RatingsOverseer,Text,,Советник по рейтингу
Menu/#Hover_ReligionOverlay,Text,,Слой религии
Menu/#Hover_RisksOverlay,Text,,Слой рисков
Menu/#Hover_SenetPlayersOverlay,Text,,Слой игроков в сенет
Menu/#Hover_SethOverlay,Text,,Слой Сета
Menu/#Hover_TaxationOverlay,Text,,Слой налогообложения
Menu/#Hover_TeachersOverlay,Text,,Слой учителей
Menu/#Hover_WaterOverlay,Text,,Слой водоснабжения
Menu/#Hover_Worldmap,Text,,Карта мира
Menu/#Hover_ZookeepersOverlay,Text,,Слой зоопарков
Menu/#Intro_skip,Text,,Нажмите любую клавишу для пропуска
Menu/#January,Text,,январь
Menu/#January_Short,Text,,янв
Menu/#July,Text,,июль
Menu/#July_Short,Text,,июл
Menu/#June,Text,,июнь
Menu/#June_Short,Text,,июн
Menu/#KeepPlaying,Text,,Править дальше
Menu/#LeaveConfirmation,Text,,"Вы уверены, что хотите покинуть игру? Несохранённый прогресс будет утерян."
Menu/#LoadMapIssue_Content,Text,,Произошло что-то не так с данным сохранением!
Menu/#LoadMapIssue_Title,Text,,Проблема загрузки
Menu/#Load_Campaign,Text,,Продолжить кампанию
Menu/#Loading_Saved_Game,Text,,Загрузить сохранённую игру
Menu/#March,Text,,март
Menu/#March_Short,Text,,мар
Menu/#May,Text,,май
Menu/#May_Short,Text,,май
Menu/#MissionCompleted,Text,,Миссия завершена
Menu/#NextMission,Text,,Следующая миссия
Menu/#NotPossibleBecauseBeer_tooltip,Text,,"Вы не можете использовать пиво, его нет на складах!"
Menu/#NotPossibleBecauseDefat_tooltip,Text,,"Вы не можете тратить дебены, иначе вы проиграете!"
Menu/#Notifications,Text,,Оповещения
Menu/#November,Text,,ноябрь
Menu/#November_Short,Text,,ноя
Menu/#Objectives,Text,,Задачи
Menu/#October,Text,,октябрь
Menu/#October_Short,Text,,окт
Menu/#Ok,Text,,ОК
Menu/#Options_Audio_Volume_Ambiance,Text,,Фоновые звуки
Menu/#Options_Audio_Volume_Master,Text,,Общий
Menu/#Options_Audio_Volume_Music,Text,,Музыка
Menu/#Options_Audio_Volume_SFX,Text,,Спецэффекты
Menu/#Options_Audio_Volume_Voice,Text,,Голоса
Menu/#Popup_Destroy_Monument_Content,Text,,Вы действительно хотите разрушить этот монумент?
Menu/#Popup_Destroy_Monument_Title,Text,,Разрушение монумента
Menu/#Proceed,Text,,Продолжить
Menu/#Remove_Family,Text,,Удалить династию?
Menu/#Remove_Family_Desc,Text,,Это действие удалит выбранную династию и все её сохранённые игры. Вы действительно хотите это сделать?
Menu/#Remove_Save,Text,,Удалить игру
Menu/#Remove_Save_Desc,Text,,"Вы уверены, что хотите навсегда удалить это сохранение?"
Menu/#Replay,Text,,Начать миссию заново
Menu/#Reset,Text,,Сбросить
Menu/#Restart,Text,,Перезапуск
Menu/#Return_Main_Menu,Text,,В главное меню
Menu/#Save,Text,,Сохранить игру
Menu/#SaveRequireRestart_Content,Text,,Для применения некоторых настроек требуется перезапуск игры.
Menu/#SaveRequireRestart_Title,Text,,Требуется перезапуск
Menu/#Save_Campaign,Text,,Сохранить компанию
Menu/#September,Text,,сентябрь
Menu/#September_Short,Text,,сен
Menu/#Speed,Text,,Настройки скорости
Menu/#Speed_Faster,Text,,Ускорить игру
Menu/#Speed_Lower,Text,,Замедлить игру
Menu/#Speed_Normal,Text,,Обычная скорость
Menu/#Speed_Pause,Text,,Поставить на паузу
Menu/#Title_Choose_Mission,Text,,Выбор миссии
Menu/#Title_Click_To_Start,Text,,"Щёлкните, чтобы начать игру"
Menu/#Title_Credits,Text,,Авторы
Menu/#Title_Exit_Game,Text,,Выход из игры
Menu/#Title_Extras,Text,,Дополнения
Menu/#Title_Family_Selection,Text,,Выбор династии
Menu/#Title_Historical,Text,,Изучение истории
Menu/#Title_Map_Editor,Text,,Редактор миссий
Menu/#Title_Options,Text,,Параметры
Menu/#Title_Personal,Text,,Отдельные миссии
Menu/#Title_Play,Text,,Играть
Menu/#Victory,Text,,Победа
Menu/#WhishlistOn,Text,,"Список желаемого в <sprite name=""Steam_icon_logo"">"
Menu/#WorkInProgress,Text,,В работе
Menu/#load,Text,,Загрузка
Menu/#map_editor_create_new,Text,,Новая карта
Menu/#map_editor_load,Text,,Загрузить карту
Menu/#map_editor_save,Text,,Сохранить карту
Menu/#menu_back,Text,,Назад
Menu/#options_audio,Text,,Звук
Menu/#options_fullscreen,Text,,Полный экран
Menu/#options_gameplay,Text,,Игра
Menu/#options_graphics,Text,,Графика
Menu/#options_keybinding,Text,,Клавиши
Menu/#options_language,Text,,Язык
Menu/#options_notifications,Text,,Оповещения
Menu/#options_resolution,Text,,Настройки отображения
Menu/AutoBattle/#Defeat,Text,,Поражение
Menu/AutoBattle/#DestructUnit,Text,,Уничтожено воинов
Menu/AutoBattle/#EnemyLosses,Text,,Потери противника
Menu/AutoBattle/#FlavorText,Text,,Битва закончена
Menu/AutoBattle/#LostUnit,Text,,Потеряно воинов
Menu/AutoBattle/#PlayerLosses,Text,,Наши потери
Menu/AutoBattle/#PlayerName,Text,,Наш город
Menu/AutoBattle/#ReturnToCity,Text,,Назад в город
Menu/AutoBattle/#SkipBattle,Text,,Пропустить битву
Menu/AutoBattle/#StartBattle,Text,,Начать битву
Menu/AutoBattle/#Victory,Text,,Победа
Menu/Battle/#NavalLostNoLandCombat,Text,,"Хотя ваши войска были побеждены в морском сражении, ваши враги не смогли доставить сухопутные войска для осады вашего города. Пока что опасность миновала..."
Menu/Battle/#NavalWinNoLandCombat,Text,,"Ваши войска уничтожили все вражеские корабли, и теперь противник не может высадить своих солдат для осады вашего города!"
Menu/Credits/#AGameBy,Text,,Игра от
Menu/Credits/#Activision,Text,,"Activision Publishing, Inc."
Menu/Credits/#Activision_01,Text,,"Директор, продакт-менеджмент, выявление франшиз"
Menu/Credits/#Activision_02,Text,,Joyce Chang
Menu/Credits/#Activision_03,Text,,"Старший директор, связь с общественностью"
Menu/Credits/#Activision_04,Text,,Dior Brown
Menu/Credits/#Activision_05,Text,,"Старший директор, DE&I и разработка"
Menu/Credits/#Activision_06,Text,,Makaiya Brown
Menu/Credits/#Activision_07,Text,,Лидер глобальных связей с общественностью
Menu/Credits/#Activision_08,Text,,Katy Marshall
Menu/Credits/#Activision_09,Text,,"Старший директор, юрист"
Menu/Credits/#Activision_10,Text,,Amanda O'Keeffe
Menu/Credits/#Activision_11,Text,,Старший администратор торговых марок
Menu/Credits/#Activision_12,Text,,Terry Kiel
Menu/Credits/#Activision_13,Text,,Sr. Paralegal
Menu/Credits/#Activision_14,Text,,Chris Scaglione
Menu/Credits/#Activision_15,Text,,"Старший директор, интеллектуальная собственность"
Menu/Credits/#Activision_16,Text,,Neil Yang
Menu/Credits/#Activision_17,Text,,"Вице-президент, студии и внешнее бизнес-развитие"
Menu/Credits/#Activision_18,Text,,Bob Loya
Menu/Credits/#Activision_19,Text,,"Директор, бизнес-развитие"
Menu/Credits/#Activision_20,Text,,Chris Baggio
Menu/Credits/#AdditionalProg,Text,,Дополнительное программирование
Menu/Credits/#Allcorrect,Text,,"Allcorrect Group — контроль качества английского, французского, итальянского, немецкого и испанского языка"
Menu/Credits/#Allcorrect_01,Text,,Английский язык
Menu/Credits/#Allcorrect_02,Text,,Jessica Harper
Menu/Credits/#Allcorrect_03,Text,,Французский язык
Menu/Credits/#Allcorrect_04,Text,,Romain Marchand
Menu/Credits/#Allcorrect_05,Text,,Итальянский язык
Menu/Credits/#Allcorrect_06,Text,,Alfonso De Luca
Menu/Credits/#Allcorrect_07,Text,,Немецкий язык
Menu/Credits/#Allcorrect_08,Text,,Philipp Hermann
Menu/Credits/#Allcorrect_09,Text,,Испанский язык
Menu/Credits/#Allcorrect_10,Text,,Laura Gimenez de los Galanes Montiel
Menu/Credits/#Cosmocover,Text,,Европа — Cosmocover
Menu/Credits/#Cosmocover_01,Text,,Anouchka Rodet-Besson
Menu/Credits/#Cosmocover_02,Text,,Helena Celdran Green
Menu/Credits/#Cosmocover_03,Text,,John Tyrrell
Menu/Credits/#Cosmocover_04,Text,,Matej Samide
Menu/Credits/#Cosmocover_05,Text,,Maxence Jacquier
Menu/Credits/#Cosmocover_06,Text,,Nyssa Woznicki
Menu/Credits/#Cosmocover_07,Text,,Salima Bessahraoui
Menu/Credits/#Dotemu,Text,,Dotemu
Menu/Credits/#Dotemu_01,Text,,Генеральный директор
Menu/Credits/#Dotemu_02,Text,,Cyrille Imbert
Menu/Credits/#Dotemu_03,Text,,Исполнительный ассистент
Menu/Credits/#Dotemu_04,Text,,Julien Chouvet
Menu/Credits/#Dotemu_05,Text,,Ведущий продюсер
Menu/Credits/#Dotemu_06,Text,,Alban Ligouzat
Menu/Credits/#Dotemu_07,Text,,Глава производства
Menu/Credits/#Dotemu_08,Text,,Christian Cortez
Menu/Credits/#Dotemu_09,Text,,Продюсеры-ассистенты
Menu/Credits/#Dotemu_10,Text,,Marion Chabrol-Supt
Menu/Credits/#Dotemu_11,Text,,Léa Pernot
Menu/Credits/#Dotemu_12,Text,,Консультант по игровому дизайну
Menu/Credits/#Dotemu_13,Text,,Florian Harry
Menu/Credits/#Dotemu_14,Text,,Лидер команды обеспечения качества
Menu/Credits/#Dotemu_15,Text,,Manon Botineau
Menu/Credits/#Dotemu_16,Text,,Глава команды обеспечения качества
Menu/Credits/#Dotemu_17,Text,,Pierre-Olivier Petillot
Menu/Credits/#Dotemu_18,Text,,Тестеры ядра
Menu/Credits/#Dotemu_19,Text,,Corentin “Deity” Pauvrasseau
Menu/Credits/#Dotemu_20,Text,,Тестеры
Menu/Credits/#Dotemu_21,Text,,Catherine Dorojko-Mojaïsky
Menu/Credits/#Dotemu_22,Text,,Vincent Dupont
Menu/Credits/#Dotemu_23,Text,,Grégoire Imbert
Menu/Credits/#Dotemu_24,Text,,Valentin Laginha
Menu/Credits/#Dotemu_25,Text,,Grégory Le Bris
Menu/Credits/#Dotemu_26,Text,,Justin Léger
Menu/Credits/#Dotemu_27,Text,,Thibaut Panchout
Menu/Credits/#Dotemu_28,Text,,Креативный директор
Menu/Credits/#Dotemu_29,Text,,Stéphane Perez
Menu/Credits/#Dotemu_30,Text,,Графист 360
Menu/Credits/#Dotemu_31,Text,,Enzo Simeonidis
Menu/Credits/#Dotemu_32,Text,,Глава маркетинга
Menu/Credits/#Dotemu_33,Text,,Arnaud De Sousa
Menu/Credits/#Dotemu_34,Text,,Менеджер по продукту
Menu/Credits/#Dotemu_35,Text,,Loïc Hao Yin Tam
Menu/Credits/#Dotemu_36,Text,,Специалист поддержки пользователей
Menu/Credits/#Dotemu_37,Text,,Dwayne Galpin
Menu/Credits/#Dotemu_38,Text,,Менеджер по связи с сообществом
Menu/Credits/#Dotemu_39,Text,,Charlotte Deville-Cavellin
Menu/Credits/#Dotemu_40,Text,,Менеджер по связи с социальными сетями
Menu/Credits/#Dotemu_41,Text,,Leslie Rugard
Menu/Credits/#Dotemu_42,Text,,Менеджер по связям
Menu/Credits/#Dotemu_43,Text,,Jessica Richard
Menu/Credits/#Dotemu_44,Text,,Titouan Coulon
Menu/Credits/#Dotemu_45,Text,,Менеджер брэнда
Menu/Credits/#Dotemu_46,Text,,Adrien Marie
Menu/Credits/#Dotemu_47,Text,,Развитие бизнеса
Menu/Credits/#Dotemu_48,Text,,Jules Hirtzig
Menu/Credits/#Dotemu_49,Text,,Офис-менеджер
Menu/Credits/#Dotemu_50,Text,,Anny Pang
Menu/Credits/#Dotemu_51,Text,,Глава финансового отдела
Menu/Credits/#Dotemu_52,Text,,Thibaut Camus
Menu/Credits/#Dotemu_53,Text,,Micke Moïsa
Menu/Credits/#Dotemu_54,Text,,Менеджер локализации
Menu/Credits/#Dotemu_55,Text,,Foucauld Escaillet
Menu/Credits/#Dotemu_56,Text,,Lucas Parraud
Menu/Credits/#Dotemu_57,Text,,Laura Peitavi
Menu/Credits/#Dotemu_58,Text,,Baptiste Richer
Menu/Credits/#Dotemu_59,Text,,Drice Siamer
Menu/Credits/#Dotemu_60,Text,,Maryna Syvokon
Menu/Credits/#Dotemu_61,Text,,Yeunjoo Kim
Menu/Credits/#Dotemu_62,Text,,Iliès Enotiades
Menu/Credits/#EODE,Text,,EODEstudio
Menu/Credits/#EODE_01,Text,,Léa Fressinaud-Masdefeix — художник
Menu/Credits/#EODE_02,Text,,Camille Macary — художник
Menu/Credits/#EODE_03,Text,,Glannon Robidou — художник
Menu/Credits/#EODE_04,Text,,Antoine Rousselot — художник
Menu/Credits/#End_01,Text,,"© 2023 Activision Publishing, Inc. PHARAOH — торговая марка Activision Publishing, Inc. "
Menu/Credits/#End_02,Text,,Опубликовано Dotemu и разработано Triskell Interactive.
Menu/Credits/#GameByAnd,Text,,и
Menu/Credits/#GameByAnd_01,Text,,Nadège Carlier — продюсер
Menu/Credits/#GameByAnd_02,Text,,Briana Jackson — египтолог
Menu/Credits/#GameByAnd_03,Text,,Simon Jacquemin — программист
Menu/Credits/#GameByAnd_04,Text,,Christopher Knight — звуковой дизайнер
Menu/Credits/#HUWIZ,Text,,HUWIZ QA/UX
Menu/Credits/#HUWIZ_01,Text,,Carolljo Maher
Menu/Credits/#HUWIZ_02,Text,,David Beauchemin
Menu/Credits/#HUWIZ_03,Text,,Francis Durand
Menu/Credits/#HUWIZ_04,Text,,Frédéric Renard
Menu/Credits/#HUWIZ_05,Text,,Guillaume Lanéel
Menu/Credits/#HUWIZ_06,Text,,Jean-Sébastien Blanchette
Menu/Credits/#HUWIZ_07,Text,,Julie Vieira
Menu/Credits/#HUWIZ_08,Text,,Louis St-Denis
Menu/Credits/#HUWIZ_09,Text,,Martin Gagnon
Menu/Credits/#HUWIZ_10,Text,,Maryse Melançon
Menu/Credits/#HUWIZ_11,Text,,Matthieu Boivin-Simard
Menu/Credits/#HUWIZ_12,Text,,Maxime Lacoste
Menu/Credits/#HUWIZ_13,Text,,Nicolas Lefebvre
Menu/Credits/#HUWIZ_14,Text,,Pierre-Luc Labelle
Menu/Credits/#HUWIZ_15,Text,,Rémi Laliberté-Denis
Menu/Credits/#HUWIZ_16,Text,,Sebastien Bedard
Menu/Credits/#HUWIZ_17,Text,,Thomas Morin
Menu/Credits/#Indigo Pearl,Text,,Великобритания — Indigo Pearl
Menu/Credits/#Indigo Pearl_01,Text,,Anita Wong
Menu/Credits/#Indigo Pearl_02,Text,,Luke Bennett
Menu/Credits/#Indigo Pearl_03,Text,,Rebecca Chisholme
Menu/Credits/#Loc3_01,Text,,Loc3 Ltd. - Дополнительная локализация
Menu/Credits/#Loc3_02,Text,,Менеджер проекта
Menu/Credits/#Loc3_03,Text,,Guillaume De Casaban
Menu/Credits/#Loc3_04,Text,,Claire Deiller
Menu/Credits/#Loc3_05,Text,,Французский язык
Menu/Credits/#Loc3_06,Text,,Raphaël Jugan
Menu/Credits/#Loc3_07,Text,,Немецкий язык
Menu/Credits/#Loc3_08,Text,,Anna André
Menu/Credits/#Loc3_09,Text,,Angelika Hell
Menu/Credits/#Loc3_10,Text,,Nick Schäfer
Menu/Credits/#Loc3_11,Text,,Испанский язык
Menu/Credits/#Loc3_12,Text,,Ismael Fernández
Menu/Credits/#Loc3_13,Text,,Cintia Izquierdo
Menu/Credits/#Loc3_14,Text,,Итальянский язык
Menu/Credits/#Loc3_15,Text,,Lara Ferrulli
Menu/Credits/#Localization,Text,,Локализация
Menu/Credits/#Localize,Text,,"Localize Direct AB — английский, французский, итальянский, немецкий и испанский языки"
Menu/Credits/#Localize_01,Text,,Проверка английского языка
Menu/Credits/#Localize_02,Text,,Ben Stowers
Menu/Credits/#Localize_03,Text,,Французский язык
Menu/Credits/#Localize_04,Text,,Nicolas Bonnet
Menu/Credits/#Localize_05,Text,,Итальянский язык
Menu/Credits/#Localize_06,Text,,Valentina Ambrogio
Menu/Credits/#Localize_07,Text,,Немецкий язык
Menu/Credits/#Localize_08,Text,,Frank Schröder
Menu/Credits/#Localize_09,Text,,Hans Gießner
Menu/Credits/#Localize_10,Text,,Carina Reisenhofer
Menu/Credits/#Localize_11,Text,,Испанский язык
Menu/Credits/#Localize_12,Text,,Curri Barceló Ávila
Menu/Credits/#Localize_13,Text,,Marco Fernández
Menu/Credits/#MusicAnd,Text,,и
Menu/Credits/#MusicAnd_01,Text,,Solène Gendre — вокал
Menu/Credits/#MusicAnd_02,Text,,Nidhal Jaoua — канун
Menu/Credits/#MusicAnd_03,Text,,Mathilde Legeret — скрипка
Menu/Credits/#MusicAnd_04,Text,,Agathe Leprince — виолончель
Menu/Credits/#MusicAnd_05,Text,,"Saddam Novruzbayov — най, кавала, зурна/каба, балабан/дудук и кларнет"
Menu/Credits/#MusicAnd_06,Text,,Mihai Pirvan — саксофон
Menu/Credits/#MusicAnd_07,Text,,Jonathan Ribot — канун
Menu/Credits/#MusicAnd_08,Text,,Sébastien Rocquefelte — вокал
Menu/Credits/#MusicAnd_09,Text,,Bachir Rouimi — ударные инструменты
Menu/Credits/#MusicAnd_10,Text,,Niqolah Seeva — уд и вокал
Menu/Credits/#MusicAnd_11,Text,,Kais Siala — альт и скрипка
Menu/Credits/#MusicBy,Text,,Музыка
Menu/Credits/#MusicBy_01,Text,,"Louis Godart — транскрипция, аранжировка, музыкальное оформление, монтаж и бас"
Menu/Credits/#MusicOthers_01,Text,,"Записано в Студии 47 (Резе, Франция), ноябрь 2020 — февраль 2021"
Menu/Credits/#MusicOthers_02,Text,,Сведено и записано Arthur Lauth @Brown Bear Recording март — май 2021
Menu/Credits/#MusicOthers_03,Text,,"Луис отдельно благодарит: Morgane Mercier, Mihai Pirvan, Sébastien Rocquefelte, Solène Gendre, Maëlle Vallet, Gérald Lebreton, Jean-François Lecoq, Trempolino, Franck Lagarde, Orchestration Online, Virtual Orchestration"
Menu/Credits/#MusicOthers_04,Text,,Луис посвятил этот саундтрек памяти James Mac Gaw (1968—2021)
Menu/Credits/#MusicWith,Text,,с
Menu/Credits/#MusicWith_01,Text,,Henry Beckett — оригинальная музыка
Menu/Credits/#MusicWith_02,Text,,Charlotte Davy — ассистент звукозаписи
Menu/Credits/#MusicWith_03,Text,,Timothée Funfrock — инженер звукозаписи
Menu/Credits/#MusicWith_04,Text,,Romain Pierre @Foudrage — производство
Menu/Credits/#MusicWith_05,Text,,Vincent Schryve — аренда альта
Menu/Credits/#MusicWith_06,Text,,Keith Zizza — оригинальная музыка и консалтинг
Menu/Credits/#Nolan,Text,,Nolan Games
Menu/Credits/#Nolan_01,Text,,Edwin Haragova — дизайнер уровней
Menu/Credits/#PressRelations,Text,,Связь с прессой
Menu/Credits/#PublishBy,Text,,Игра опубликована
Menu/Credits/#QA,Text,,Обеспечение качества
Menu/Credits/#Seaven,Text,,Seaven Studio
Menu/Credits/#Seaven_01,Text,,Pascal Feard — генеральный директор и сооснователь
Menu/Credits/#Seaven_02,Text,,Olivier Penot — продюсер и сооснователь
Menu/Credits/#Seaven_03,Text,,Camille Soual — программист
Menu/Credits/#Seenapsis,Text,,Seenapsis
Menu/Credits/#Seenapsis_01,Text,,Lucas Junker — программист
Menu/Credits/#Seenapsis_02,Text,,Emmanuel Barreau — программист
Menu/Credits/#Tinsley,Text,,Северная Америка — Tinsley PR
Menu/Credits/#Tinsley_01,Text,,Stephanie Tinsley Fitzwilliam
Menu/Credits/#Tinsley_02,Text,,Thomas Schulenberg
Menu/Credits/#Tokiko,Text,,Tokiko Studio
Menu/Credits/#Tokiko_01,Text,,Louis Schnellbach — ведущий программист
Menu/Credits/#Tools,Text,,Игра сделана с помощью
Menu/Credits/#Tools_01,Text,,Unity
Menu/Credits/#Tools_02,Text,,Odin Inspector
Menu/Credits/#Tools_03,Text,,I2 Localization
Menu/Credits/#Tools_04,Text,,DOTween
Menu/Credits/#Torpenn,Text,,Torpenn
Menu/Credits/#Torpenn_01,Text,,Vincent Beauzée — программист
Menu/Credits/#Triskell,Text,,Triskell Interactive
Menu/Credits/#Triskell_01,Text,,Leslie Bigo — ведущий художник и аниматор
Menu/Credits/#Triskell_02,Text,,Théophile Noiré — креативный директор
Menu/Credits/#Triskell_03,Text,,Guillaume Rousselot — арт-директор
Menu/Credits/#WithHelp,Text,,При большой поддержке от
Menu/Credits/#mrktng4,Text,,Россия — mrktng4
Menu/Credits/#mrktng4_01,Text,,Ярослав Кадышев
Menu/Event/#Accept,Text,,Принять
Menu/Event/#Acknowledge,Text,,Согласиться
Menu/Event/#Decline,Text,,Отклонить
Menu/Event/#Postpone,Text,,Отложить
Menu/GameMode/#CampainDesc,Text,,Проживите 4000 лет египетской истории!
Menu/GameMode/#CampainTitle,Text,,Кампания
Menu/GameMode/#CustomDesc,Text,,Бросьте себе вызов в одиночной миссии или постройте город своей мечты в режиме песочницы.
Menu/GameMode/#CustomTitle,Text,,Выбор миссии
Menu/GameMode/#LoadDesc,Text,,Загрузите ранее сохранённый город.
Menu/GameMode/#LoadTitle,Text,,Загрузка
Menu/GameMode/#Title,Text,,Режимы игры
Menu/Language/#English,Text,,English
Menu/Language/#French,Text,,Français
Menu/Language/#German,Text,,Deutsch
Menu/Language/#Italian,Text,,Italiano
Menu/Language/#Spanish,Text,,Español
Menu/Language/#Russian,Text,,Русский
Menu/Objectives/#CultureRating,Text,,Рейтинг культуры: {0}
Menu/Objectives/#Houses_01,Text,,Грубых хижин: {0} шт.
Menu/Objectives/#Houses_02,Text,,Крепких хижин: {0} шт.
Menu/Objectives/#Houses_03,Text,,Скромных лачуг: {0} шт.
Menu/Objectives/#Houses_04,Text,,Обычных лачуг: {0} шт.
Menu/Objectives/#Houses_05,Text,,Примитивных домов: {0} шт.
Menu/Objectives/#Houses_06,Text,,Обычных домов: {0} шт.
Menu/Objectives/#Houses_07,Text,,Скромных усадеб: {0} шт.
Menu/Objectives/#Houses_08,Text,,Просторных усадеб: {0} шт.
Menu/Objectives/#Houses_09,Text,,Скромных апартаментов: {0} шт.
Menu/Objectives/#Houses_10,Text,,Просторных апартаментов: {0} шт.
Menu/Objectives/#Houses_11,Text,,Обычных резиденций: {0} шт.
Menu/Objectives/#Houses_12,Text,,Просторных резиденций: {0} шт.
Menu/Objectives/#Houses_13,Text,,Элегантных резиденций: {0} шт.
Menu/Objectives/#Houses_14,Text,,Богатых резиденций: {0} шт.
Menu/Objectives/#Houses_15,Text,,Обычных поместий: {0} шт.
Menu/Objectives/#Houses_16,Text,,Просторных поместий: {0} шт.
Menu/Objectives/#Houses_17,Text,,Элегантных поместий: {0} шт.
Menu/Objectives/#Houses_18,Text,,Величественных поместий: {0} шт.
Menu/Objectives/#Houses_19,Text,,Скромных имений: {0} шт.
Menu/Objectives/#Houses_20,Text,,Роскошных имений: {0} шт.
Menu/Objectives/#Houses_Level,Text,,ур.
Menu/Objectives/#KingdomRating,Text,,Рейтинг Царства: {0}
Menu/Objectives/#MonumentRating,Text,,Рейтинг монументов: {0}
Menu/Objectives/#Population,Text,,Население: {0}
Menu/Objectives/#ProsperityRating,Text,,Рейтинг благополучия: {0}
Menu/Options/#Aging,Text,,Рабочее население
Menu/Options/#Aging_0,Text,,Симуляция старения
Menu/Options/#Aging_0_hover,Text,,"Жители стареют, и только в возрасте между 20 и 49 годами способны работать."
Menu/Options/#Aging_1,Text,,Фиксированное соотношение
Menu/Options/#Aging_1_hover,Text,,{0}% населения всегда доступно для работы.
Menu/Options/#AutoSaveDelay,Text,,Задержка автосохранения
Menu/Options/#AutoSaveDelayLabel,Text,,{0} лет
Menu/Options/#AutoSaveDelayLabel_Disabled,Text,,Отключено
Menu/Options/#AutoSaveQuantity,Text,,Количество автосохранений
Menu/Options/#AutoSaveToggle,Text,,Автосохранения
Menu/Options/#BazaarDefault,Text,,Базары принимают товары
Menu/Options/#BazaarDefault_0_hover,Text,,Базары по умолчанию принимают и распределяют все товары.
Menu/Options/#BazaarDefault_1_hover,Text,,Базары по умолчанию не распределяют никаких товаров.
Menu/Options/#Cheatcodes,Text,,Чит-коды
Menu/Options/#Cheatcodes_0_hover,Text,,Вы можете использовать чит-коды.
Menu/Options/#Cheatcodes_1_hover,Text,,Вы не можете использовать чит-коды.
Menu/Options/#Cheatcodes_activated,Text,,активирован
Menu/Options/#Cheatcodes_invalid,Text,,Неправильный код:
Menu/Options/#CursorConfined,Text,,Ограничение курсора
Menu/Options/#Difficulty_Easy,Text,,Лёгкий
Menu/Options/#Difficulty_Hard,Text,,Тяжёлый
Menu/Options/#Difficulty_Normal,Text,,Нормальный
Menu/Options/#Difficulty_Title,Text,,Уровень сложности
Menu/Options/#Difficulty_Title_0_hover,Text,,Более расслабленный способ игры.
Menu/Options/#Difficulty_Title_1_hover,Text,,Обычная сложность игры в Pharaoh: A New Era.
Menu/Options/#Difficulty_Title_2_hover,Text,,"Для тех, кто ищет настоящих сложностей."
Menu/Options/#Difficulty_Title_Hover,Text,,Установите наиболее комфортный для вас уровень сложности.
Menu/Options/#DockDefault,Text,,Пристани принимают товары
Menu/Options/#DockDefault_0_hover,Text,,Пристани по умолчанию принимают все товары.
Menu/Options/#DockDefault_1_hover,Text,,Пристани по умолчанию не принимают никаких товаров.
Menu/Options/#Dropdown_accept_all,Text,,Все
Menu/Options/#Dropdown_accept_none,Text,,Ничего
Menu/Options/#EventsPause,Text,,Пауза при событии
Menu/Options/#EventsPause_0_hover,Text,,Заскриптованные события ставят игру на паузу.
Menu/Options/#EventsPause_1_hover,Text,,"Город продолжит свою деятельность, пока отображается заскриптованное событие."
Menu/Options/#Framerate,Text,,Частота кадров
Menu/Options/#Gardens,Text,,Сады
Menu/Options/#Gardens_0,Text,,Случайно генерируемые сады
Menu/Options/#Gardens_0_hover,Text,,"Удерживая левую кнопку мыши, вы можете генерировать сады. Их внешний вид будет подбираться случайным образом и преображаться в сочетаниях 2x2 или 3x3."
Menu/Options/#Gardens_1,Text,,Выбирать собственный сад
Menu/Options/#Gardens_1_hover,Text,,"Вы можете размещать сады тем же способом, что и статуи, и менять их внешний вид нажатием клавиши вращения."
Menu/Options/#GranaryDefault,Text,,Амбары принимают товары
Menu/Options/#GranaryDefault_0_hover,Text,,Амбары по умолчанию принимают все товары.
Menu/Options/#GranaryDefault_1_hover,Text,,Амбары по умолчанию не принимают никаких товаров.
Menu/Options/#HoverDelay,Text,,Задержка при наведении
Menu/Options/#HoverDelay_hover,Text,,Задержка при наведении курсора на здание перед отображением информации.
Menu/Options/#Monitor,Text,,Экран
Menu/Options/#OverlayColumn,Text,,Столбы слоев
Menu/Options/#OverlayColumn_0_hover,Text,,"Отображать столбы в текущем слое для каждого затронутого здания, как это было в оригинальной игре."
Menu/Options/#OverlayColumn_1_hover,Text,,Слои только подкрашивают здания.
Menu/Options/#OverseerPause,Text,,Советник включает паузу
Menu/Options/#OverseerPause_0_hover,Text,,Открытие любого экрана советника ставит игру на паузу.
Menu/Options/#OverseerPause_1_hover,Text,,"Город продолжит свою деятельность, пока вы обращаетесь к советникам."
Menu/Options/#Predators,Text,,Хищники
Menu/Options/#Predators_0_hover,Text,,Хищники бродят по карте и могут убить слишком близко проходящих жителей.
Menu/Options/#Predators_1_hover,Text,,На карте нет никакой опасности.
Menu/Options/#ScreenMode,Text,,Режим экрана
Menu/Options/#StorageDefault,Text,,Склады принимают товары
Menu/Options/#StorageDefault_0_hover,Text,,Амбары и склады по умолчанию принимают все товары.
Menu/Options/#StorageDefault_1_hover,Text,,Амбары и склады по умолчанию не принимают никаких товаров.
Menu/Options/#StorageYardDefault,Text,,Склады принимают товары
Menu/Options/#StorageYardDefault_0_hover,Text,,Склады по умолчанию принимают все товары.
Menu/Options/#StorageYardDefault_1_hover,Text,,Склады по умолчанию не принимают никаких товаров.
Menu/Options/#Subcategory,Text,,Разворачивание категорий
Menu/Options/#Subcategory_0_hover,Text,,Нажатие по категории на правой панели развернёт все её подкатегории.
Menu/Options/#Subcategory_1_hover,Text,,Для получения доступа к постройке зданий необходимо щёлкать на каждую подкатегорию.
Menu/Options/#Toggle_no,Text,,Нет
Menu/Options/#Toggle_off,Text,,Выкл
Menu/Options/#Toggle_on,Text,,Вкл
Menu/Options/#Toggle_yes,Text,,Да
Menu/Options/#Tower,Text,,Башни без дорог
Menu/Options/#UIScale,Text,,Масштабирование интерфейса
Menu/Options/#UncappedZoom,Text,,Неограниченный масштаб
Menu/Options/#UnlimitedFramerate,Text,,Не ограничено
Menu/Options/#Vsync,Text,,Вертикальная синхронизация
Menu/Options/#WalkerRanger_0_hover,Text,,У всех служащих одинаковая зона действия.
Menu/Options/#WalkerRanger_1_hover,Text,,У каждого типа служащих собственная зона действия.
Menu/Options/#Waterlift,Text,,Шадуфы без дорог
Menu/Options/#Worforce,Text,,Система вербовки
Menu/Options/#Worforce_0,Text,,Вербовщики
Menu/Options/#Worforce_0_hover,Text,,Постройки отправляют вербовщиков в поисках рабочей силы в жилых домах.
Menu/Options/#Worforce_1,Text,,Общий фонд рабочей силы
Menu/Options/#Worforce_1_hover,Text,,Все подключённые к дорожной сети постройки имеют доступ к общему фонду рабочей силы.
Menu/Options/Hotkey/#Alert_Content,Text,,"Эта клавиша уже используется для следующей команды: {0}.
Если вы всё равно хотите использовать её, команда {0} будет отвязана."
Menu/Options/Hotkey/#Alert_Title,Text,,Внимание
Menu/Options/Hotkey/#Assign,Text,,Назначить
Menu/Options/Hotkey/#BazaarAccessOverlay,Text,,Слой доступности к базарам
Menu/Options/Hotkey/#Briefing,Text,,Инструктаж
Menu/Options/Hotkey/#BuildingPicker,Text,,Копирование здания
Menu/Options/Hotkey/#CallToAction,Text,,"Нажмите клавишу, к которой хотите назначить команду"
Menu/Options/Hotkey/#CameraDown,Text,,Камера вниз
Menu/Options/Hotkey/#CameraLeft,Text,,Камера влево
Menu/Options/Hotkey/#CameraRight,Text,,Камера вправо
Menu/Options/Hotkey/#CameraUp,Text,,Камера вверх
Menu/Options/Hotkey/#Cancel,Text,,Отмена
Menu/Options/Hotkey/#ChiefOverseer,Text,,Главный советник
Menu/Options/Hotkey/#CloseOverlay,Text,,Закрыть слои
Menu/Options/Hotkey/#CollapseOverlay,Text,,Слой рисков обрушения
Menu/Options/Hotkey/#Command,Text,,Команда
Menu/Options/Hotkey/#CrimeOverlay,Text,,Слой рисков преступности
Menu/Options/Hotkey/#DesirabilityOverlay,Text,,Слой привлекательности
Menu/Options/Hotkey/#DiseasesOverlay,Text,,Слой рисков заболеваний
Menu/Options/Hotkey/#EducationOverlay,Text,,Слой образования
Menu/Options/Hotkey/#Encyclopedia,Text,,Энциклопедия
Menu/Options/Hotkey/#EntertainmentOverlay,Text,,Слой развлечений
Menu/Options/Hotkey/#FireOverlay,Text,,Слой рисков пожара
Menu/Options/Hotkey/#FlatMode,Text,,Плоский режим
Menu/Options/Hotkey/#HealthOverlay,Text,,Слой здоровья
Menu/Options/Hotkey/#HideCliffs,Text,,Скрыть скалы
Menu/Options/Hotkey/#HideUI,Text,,Скрыть интерфейс
Menu/Options/Hotkey/#Housing,Text,,Жильё
Menu/Options/Hotkey/#IngameHelp,Text,,Внутриигровая справка
Menu/Options/Hotkey/#Key,Text,,Клавиша
Menu/Options/Hotkey/#MagistrateOverlay,Text,,Слой магистратов
Menu/Options/Hotkey/#MalariaOverlay,Text,,Слой рисков малярии
Menu/Options/Hotkey/#Menu,Text,,Меню
Menu/Options/Hotkey/#Minimap,Text,,Переключить миникарту
Menu/Options/Hotkey/#Nilometer,Text,,Нилометр
Menu/Options/Hotkey/#OverseerCommerce,Text,,Торговый советник
Menu/Options/Hotkey/#OverseerDiversions,Text,,Советник по развлечениям
Menu/Options/Hotkey/#OverseerGranaries,Text,,Советник по продовольствию
Menu/Options/Hotkey/#OverseerHealth,Text,,Советник по здравоохранению
Menu/Options/Hotkey/#OverseerLearning,Text,,Советник по образованию
Menu/Options/Hotkey/#OverseerMilitary,Text,,Военный советник
Menu/Options/Hotkey/#OverseerMonuments,Text,,Советник по монументам
Menu/Options/Hotkey/#OverseerPolitical,Text,,Советник по политике
Menu/Options/Hotkey/#OverseerRatings,Text,,Советник по рейтингу
Menu/Options/Hotkey/#OverseerTemples,Text,,Советник по храмам
Menu/Options/Hotkey/#OverseerTreasury,Text,,Советник по казне
Menu/Options/Hotkey/#OverseerWorkers,Text,,Советник по рабочей силе
Menu/Options/Hotkey/#Pause,Text,,Пауза
Menu/Options/Hotkey/#ProblemsOverlay,Text,,Слой проблем
Menu/Options/Hotkey/#Quickload,Text,,Быстрая загрузка
Menu/Options/Hotkey/#Quicksave,Text,,Быстрое сохранение
Menu/Options/Hotkey/#ReligionOverlay,Text,,Слой религии
Menu/Options/Hotkey/#Remove,Text,,Удалить
Menu/Options/Hotkey/#ResetBindings,Text,,Установить назначения по умолчанию
Menu/Options/Hotkey/#ResetSpeed,Text,,Сбросить скорость
Menu/Options/Hotkey/#Road,Text,,Дорога
Menu/Options/Hotkey/#Roadblock,Text,,Заграждение
Menu/Options/Hotkey/#RotateBuilding,Text,,Вращать постройку
Menu/Options/Hotkey/#SpeedDown,Text,,Замедлить скорость
Menu/Options/Hotkey/#SpeedUp,Text,,Увеличить скорость
Menu/Options/Hotkey/#TaxationOverlay,Text,,Слой налогообложения
Menu/Options/Hotkey/#ToggleGrid,Text,,Переключить сетку
Menu/Options/Hotkey/#Undo,Text,,Отменить
Menu/Options/Hotkey/#WaterOverlay,Text,,Слой водоснабжения
Menu/Options/Hotkey/#Worldmap,Text,,Карта мира
Menu/Options/KeyRebind/Confirm,Text,,Подтвердите замену
Menu/Options/Notifs/#AttackCalledOff,Text,,Нападение не состоялось
Menu/Options/Notifs/#CitySentimentUpdate,Text,,Изменение настроений в городе
Menu/Options/Notifs/#CityStatusChange,Text,,Изменение статуса города
Menu/Options/Notifs/#CityUnemployment,Text,,Безработица
Menu/Options/Notifs/#Collapsed,Text,,Рухнуло здание
Menu/Options/Notifs/#CollapsedMine,Text,,Рухнул рудник
Menu/Options/Notifs/#Debt,Text,,Долг
Menu/Options/Notifs/#DebtAnniversary,Text,,Годовщина долга
Menu/Options/Notifs/#Disease,Text,,Болезнь
Menu/Options/Notifs/#EmployeesNeeded,Text,,Требуются рабочие
Menu/Options/Notifs/#Events,Text,,События
Menu/Options/Notifs/#Festival,Text,,Праздник
Menu/Options/Notifs/#Fire,Text,,В городе пожар
Menu/Options/Notifs/#FishingBoatBlocked,Text,,Рыбацкая лодка не может приплыть
Menu/Options/Notifs/#FloodedClayPit,Text,,Глиняный карьер затопило
Menu/Options/Notifs/#Hidden,Text,,Скрыто
Menu/Options/Notifs/#InvasionReminder,Text,,Напоминание о вторжении
Menu/Options/Notifs/#KingdomDecrease,Text,,Рейтинг Царства падает
Menu/Options/Notifs/#KingdomIncrease,Text,,Рейтинг Царства растёт
Menu/Options/Notifs/#KingdomRoadBlocked,Text,,Царский тракт недоступен
Menu/Options/Notifs/#MajorBlessings,Text,,Большое благословение
Menu/Options/Notifs/#MajorPlagues,Text,,Бедствия
Menu/Options/Notifs/#MajorWraths,Text,,Большой гнев
Menu/Options/Notifs/#Malaria,Text,,Малярия
Menu/Options/Notifs/#MinorBlessings,Text,,Малое благословение
Menu/Options/Notifs/#MinorWraths,Text,,Малый гнев
Menu/Options/Notifs/#MonumentFinished,Text,,Монумент завершён
Menu/Options/Notifs/#Nilometer,Text,,Нилометр
Menu/Options/Notifs/#NoWorkingDock,Text,,Нет действующей пристани
Menu/Options/Notifs/#OutOfMoney,Text,,Кончились деньги
Menu/Options/Notifs/#Plague,Text,,Чума
Menu/Options/Notifs/#PopulationMilestone,Text,,Новая веха населения
Menu/Options/Notifs/#PriceChanges,Text,,Изменение цен
Menu/Options/Notifs/#RequestCompliance,Text,,Требование выполнимо
Menu/Options/Notifs/#Theft,Text,,Воровство
Menu/Options/Notifs/#Toggled,Text,,На весть экран
Menu/Options/Notifs/#TradeLevelDecrease,Text,,Уровень торговли снизился
Menu/Options/Notifs/#TradeLevelIncrease,Text,,Уровень торговли увеличился
Menu/Options/Notifs/#TroopsBack,Text,,Войска вернулись назад
Menu/Options/Notifs/#WageDecrease,Text,,Жалование снизилось
Menu/Options/Notifs/#WageIncrease,Text,,Жалование увеличилось
Menu/Options/ScreenMode/#ExclusiveFullScreen,Text,,На весть экран
Menu/Options/ScreenMode/#FullScreenWindow,Text,,В окне без рамки
Menu/Options/ScreenMode/#Windowed,Text,,В окне
Monuments/#AbuSimbel,Text,,Абу-Симбел
Monuments/#AbuSimbel_Completed,Text,,"Величественные статуи Рамсеса II приветствуют всех, кто прибывает к Египту с юга."
Monuments/#AbuSimbel_Working,Text,,"Работа над Абу-Симбелом идёт полным ходом. Убедитесь, что у плотников достаточно дерева для того, чтобы построить строительные леса без задержек."
Monuments/#BurialTomb_Completed,Text,,"Потаённая царская гробница готова для фараона. Да хранит её Гор и да покарает он любого, кто осмелится нарушить покой царской усыпальницы!"
Monuments/#BurialTomb_NoAccess,Text,,"Рабочие не могут попасть ко входу в гробницу. Узнайте, что преграждает им путь."
Monuments/#BurialTomb_NoBurialGoods,Text,,"Царская гробница готова. Осталось только наполнить её погребальными принадлежностями, что понадобятся усопшему на полях Иалу."
Monuments/#BurialTomb_NoLamps,Text,,Художники и каменотёсы отказываются заходить в царскую гробницу без ламп. Там кромешная тьма!
Monuments/#BurialTomb_NoProblem,Text,,"Художники и каменотёсы вовсю трудятся над царской гробницей, и работа идёт полным ходом. Не забывайте снабжать артель художников глиной и краской, чтобы они не простаивали без дела."
Monuments/#Caesareum,Text,,Цезариум
Monuments/#Caesareum_Completed,Text,,Цезариум завершён и стал символом единения Египта и Рима.
Monuments/#Caesareum_Step_1,Text,,Рабочие в поте лица расчищают площадку для Цезариума.
Monuments/#Caesareum_Step_2,Text,,"Площадка готова, и сейчас каменотёсы закладывают прочный фундамент."
Monuments/#Caesareum_Step_3,Text,,"Наши утомлённые каменотёсы закончили работу над фундаментом, но покой нам только снится: уже начато возведение самого храма."
Monuments/#Caesareum_Step_4,Text,,"Центральный храм готов, начались работы над патио!"
Monuments/#Caesareum_Step_5,Text,,Из патио в портик! Наши умелые каменотёсы закончили патио и приступили к строительству портика.
Monuments/#Caesareum_Step_6,Text,,Каменотёсы начали укладывать крышу на колонны портика.
Monuments/#Caesareum_Step_7,Text,,Все части крыши портика уложены.
Monuments/#Caesareum_Step_8,Text,,Величественный вход в Цезариум полностью готов.
Monuments/#Caesareum_Step_9,Text,,"Каменотёсы закончили работу над внутренними помещениями Цезариума и теперь перешли к гранитным обелискам, которые украшают внешние стены здания."
Monuments/#ConstructionForeman,Text,,Прораб
Monuments/#CoursesCompleted_One,Text,,Полностью уложен 1 слой.
Monuments/#CoursesCompleted_Zero,Text,,Пока не уложено ни одного слоя.
Monuments/#Foreman_BrickCorePyramid_ClearSite,Text,,Рабочие заканчивают расчищать и выравнивать площадку. После этого нам понадобится много кирпичей и известняка для строительства этого монумента.
Monuments/#Foreman_Bricks_Stockpiled,Text,,"Торговый советник имеет наглость обвинять вас за простои в работах! Он заявляет, что именно вы приказали отправлять весь кирпич на склады."
Monuments/#Foreman_Copper_Stockpiled,Text,,"Торговый советник сказал, что вы приказали ему складировать всю медь. У вас наверняка на это были причины, но без меди мы не можем продолжить строительство монумента."
Monuments/#Foreman_Copper_Stockpiled_var,Text,,"Как, по-вашему, можно закончить крышу этой великой постройки, когда у нас нет меди? К моему удивлению, ваш торговый советник заявил, что вся медь сейчас запасается на складах."
Monuments/#Foreman_Granite_Stockpiled,Text,,"Ваш торговый советник говорит, что вы приказали складировать весь гранит. Поговорите с ним, иначе мои рабочие не дождутся поставок."
Monuments/#Foreman_Granite_Stockpiled_var,Text,,"Мне передали, что весь гранит идёт на склад. Думаете, я его из нильского песка смогу наколдовать?  Проследите, чтоб моим каменотёсам срочно доставили гранит."
Monuments/#Foreman_Limestone_Stockpiled,Text,,"Ваш торговый советник говорит, что вы приказали складировать весь известняк. Поговорите с ним, иначе мои рабочие не дождутся поставок."
Monuments/#Foreman_Marble_Stockpiled,Text,,Попросите торгового советника прекратить отправлять весь белый мрамор на склады. Он нам нужен для строительства.
Monuments/#Foreman_Marble_Stockpiled_var,Text,,"Не могу поверить, но торговый советник утверждает, что весь мрамор идёт прямо на наши склады. Как строить дальше, если нет мрамора?"
Monuments/#Foreman_NoArtisans,Text,,"Фараону ничуть не понравится, если его жизнеописание не будет рассказан самым искусным образом. Если нет артели художников, кто будет расписывать гробницу?"
Monuments/#Foreman_NoBricklayers,Text,,"Похоже, что кирпичи будут укладываться волшебным образом сами, раз у нас ещё нет артели каменщиков."
Monuments/#Foreman_NoBricks,Text,,"Нашим каменщикам нужно куда больше кирпича, чем сейчас есть. Если мы не можем их делать, может, лучше их стоит купить."
Monuments/#Foreman_NoCarpenters,Text,,"Надеюсь, монумент будет у нас невысоким, раз во всём городе нет артели плотников, которые сделали бы нам леса!"
Monuments/#Foreman_NoCopper,Text,,"Наши каменотёсы уже готовы крыть монумент медью, как только она появится. Добудьте её или купите."
Monuments/#Foreman_NoCopper_var,Text,,"Крыша будет протекать как решето, если не покрыть её медью. Если не можете добыть, купите её. Чем раньше я получу медь, тем раньше мы достроим монумент!"
Monuments/#Foreman_NoGranite,Text,,Из такой жалкой кучки гранита нормальный монумент не построишь. Добудьте его в карьерах или купите.
Monuments/#Foreman_NoLimestone,Text,,"Нужно добывать или закупать больше известняка, вы хотите, чтобы каменотёсы закончили монумент при нашей жизни."
Monuments/#Foreman_NoMarble,Text,,"Наши каменотёсы ни за что не закончат этот монумент, пока вы не закупите больше мрамора."
Monuments/#Foreman_NoMarble_var,Text,,"Нашим талантливым каменотёсам нечего делать, пока у них нет мрамора. Жаль, мне бы хотелось нагрузить их работой. Проследите, чтобы нам как можно скорее доставили мрамор."
Monuments/#Foreman_NoPlainstone,Text,,"Печально смотреть на каменотёса, которому не дали камня. Добудьте в карьере или закупите больше камня, иначе монумент никогда не обретёт свою форму."
Monuments/#Foreman_NoProblem,Text,,Работа идёт полным ходом. Рабочие обеспечены всем необходимым.
Monuments/#Foreman_NoSandstone,Text,,"Если город не добудет или не закупит больше песчаника, наш каменотёс уйдёт на пенсию раньше времени."
Monuments/#Foreman_NoStonemasons,Text,,"Для работы над этим монументом нет каменотёсов. Если хотите, чтобы дело сдвинулось, постройте артель каменотёсов!"
Monuments/#Foreman_NoWood,Text,,"Плотники жалуются, как им не хватает дерева. Нарубите побольше или увеличьте поставки из других городов."
Monuments/#Foreman_NoWorkCamps,Text,,"Думаете, этот монумент будут строить сами боги? Поскорей постройте рабочие лагеря, чтобы я смог пригнать рабочих на площадку!"
Monuments/#Foreman_NotEnoughArtisans,Text,,"Довольно скучная гробница, да? И такой она и останется, если срочно не появятся хоть какие-то художники! Лентяи они, все до одного. Узнайте, почему у них там такие задержки."
Monuments/#Foreman_NotEnoughBricklayers,Text,,"Между вами и мной, похоже, артель каменщиков превратилась в какой-то курорт. По крайней мере, они ещё никого не прислали."
Monuments/#Foreman_NotEnoughCarpenters,Text,,"Срочно нужен плотник! Проявите свои лидерские навыки, узнайте, почему артель плотников ничего не делает!"
Monuments/#Foreman_NotEnoughCarpenters_2,Text,,"Так много людей просто стоят и ждут, пока не объявится плотник. Он явно не торопится сюда попасть."
Monuments/#Foreman_NotEnoughStonemasons,Text,,"Впечатляющая груда камня, да? И так останется, пока на площадку не явятся каменотёсы. Местная артель каменщиков явно не получит премию за продуктивность..."
Monuments/#Foreman_NotEnoughWorkCamps,Text,,"Никто из рабочих не явился на площадку. Стоит выяснить почему, а то, может, у вас не рабочие лагеря, а лагеря отдыха."
Monuments/#Foreman_Plainstone_Stockpiled,Text,,"Торговый советник отказывается выделять камень моим рабочим. Он утверждает, вы приказали складировать весь камень. Я ему не верю, но вам, наверное, стоит разъяснить ему, что к чему."
Monuments/#Foreman_PyramidAndBentPyramid_ClearSite,Text,,Рабочие заканчивают расчищать и выравнивать площадку. Сейчас самое время собрать больше камня и известняка. Их нам понадобится очень много.
Monuments/#Foreman_Pyramid_NoProblem,Text,,"Все идёт как надо, и пирамида растёт всё выше и выше."
Monuments/#Foreman_Sandstone_Stockpiled,Text,,Вы правда приказали торговому советнику складировать весь песчаник? Он не даёт разрешение на поставки со складов.
Monuments/#Foreman_SteppedPyramid_ClearSite,Text,,Рабочие заканчивают расчищать и выравнивать площадку. После этого нам понадобится много камня для строительства этого монумента.
Monuments/#GrandMudbrickPyramidComplex,Text,,Большая конструкция кирпичной пирамиды
Monuments/#GrandPyramidComplex,Text,,Большая конструкция пирамиды
Monuments/#GrandRoyalBurialTomb,Text,,Великая царская гробница
Monuments/#GrandSteppedPyramidComplex,Text,,Большая конструкция ступенчатой пирамиды
Monuments/#LargeMastaba,Text,,Большая мастаба
Monuments/#LargeMudbrickPyramid,Text,,Большая кирпичная пирамида
Monuments/#LargeObelisk,Text,,Большой обелиск
Monuments/#LargePyramid,Text,,Большая пирамида
Monuments/#LargeRoyalBurialTomb,Text,,Большая царская гробница
Monuments/#LargeSteppedPyramid,Text,,Большая ступенчатая пирамида
Monuments/#Library_Completed,Text,,Александрийская библиотека готова. Она станет центром знаний для всего мира.
Monuments/#Library_Step_1,Text,,"Мы ждём, пока рабочие не расчистят площадку."
Monuments/#Library_Step_2,Text,,"Площадка расчищена, и сейчас каменотёсы закладывают фундамент."
Monuments/#Library_Step_3,Text,,"Фундамент заложен, и теперь мы можем начать работу над полом."
Monuments/#Library_Step_6,Text,,"Теперь нам надо покрыть крышу медью, чтобы она сверкала, словно солнце."
Monuments/#Library_Step_7,Text,,Мы выполняем завершающие работы над библиотекой.
Monuments/#Mastaba_ClearSite,Text,,"Сперва рабочим необходимо расчистить площадку под мастабу до материнской породы. Чем больше чернорабочих из рабочих лагерей, тем быстрее проходит процесс выравнивания."
Monuments/#Mastaba_Complete,Text,,Мастаба готова.
Monuments/#Mastaba_Completion,Text,,{[Mastaba]} готова на {0}%.
Monuments/#Mastaba_Phase_1,Text,,Рабочие заканчивают расчищать площадку. После этого нам понадобится много кирпичей для мастабы.
Monuments/#Mastaba_Phase_2,Text,,Все идёт как надо. Мастаба будет построена в кратчайшие сроки.
Monuments/#Mausoleum,Text,,Мавзолей
Monuments/#Mausoleum_Carpenter needed,Text,,Мавзолею требуется плотник.
Monuments/#Mausoleum_Complete,Text,,Мавзолей готов.
Monuments/#Mausoleum_PercentFinish,Text,,Мавзолей готов на {0}%.
Monuments/#Mausoleum_Phase_4_Desc,Text,,Рабочие украшают мавзолей.
Monuments/#Mausoleum_Started,Text,,"Теперь, когда у нас достаточно песчаника, можно приступить к возведению монумента. Мои рабочие уже готовят площадку."
Monuments/#MediumBentPyramid,Text,,Средняя ломаная пирамида
Monuments/#MediumMastaba,Text,,Средняя мастаба
Monuments/#MediumMudbrickPyramid,Text,,Средняя кирпичная пирамида
Monuments/#MediumPyramid,Text,,Средняя пирамида
Monuments/#MediumRoyalBurialTomb,Text,,Средняя царская гробница
Monuments/#MediumSteppedPyramid,Text,,Средняя ступенчатая пирамида
Monuments/#MudbrickPyramidComplex,Text,,Конструкция кирпичной пирамиды
Monuments/#NoAccess,Text,,"Рабочие не могут попасть к входу на площадку для монумента. Узнайте, что мешает добраться до досок, отмечающих вход."
Monuments/#NotEnoughWorkCamps,Text,,"Все рабочие города заняты на пойменных полях, и у них остаётся всего три месяца в году для работы над этим проектом. Постройте больше рабочих лагерей возле строительной площадки, чтобы ускорить процесс."
Monuments/#Obelisk_Complete,Text,,Обелиск готов!
Monuments/#Obelisk_Phase_1,Text,,Первый этап: получите гранит для возведения необработанной основы.
Monuments/#Obelisk_Phase_2_Desc,Text,,"У нас наконец-то есть достаточное количество гранита. Как только плотники закончат возводить леса, каменотёсы начнут обтёсывать обелиск."
Monuments/#Obelisk_Phase_3_Desc,Text,,Каменотёсы трудятся над великим обелиском не покладая рук.
Monuments/#OverallProgress,Text,,Общий прогресс:
Monuments/#PharosLighthouse,Text,,Фаросский маяк
Monuments/#Pharos_Completed,Text,,Фаросский маяк закончен и путеводной звездой сияет на всё восточное Средиземное море.
Monuments/#Pharos_Step_1,Text,,Рабочие начали нелёгкую работу по расчистке площадки.
Monuments/#Pharos_Step_2,Text,,Каменотёсы в поте лица закладывают фундамент маяка.
Monuments/#Pharos_Step_3,Text,,"Фундамент почти готов, и сейчас на пол укладывается паркет."
Monuments/#Pharos_Step_4,Text,,"Паркетный пол готов, и каменотёсы занялись первым ярусом маяка."
Monuments/#Pharos_Step_5,Text,,"У каменщиков нет времени любоваться своей работой над первым ярусом, потому что вот-вот начнутся работы над вторым восьмиугольным ярусом."
Monuments/#Pharos_Step_6,Text,,"Маяк начинает обретать форму. Восьмиугольный ярус готов, и каменотёсы скоры приступят к куполу."
Monuments/#Pharos_Step_7,Text,,"Последняя часть маяка установлена, но само строение не считается законченным, пока не убраны леса. Сейчас их разбор уже начался."
Monuments/#Pharos_Step_8,Text,,"Большинство строительных лесов уже убрано, и маяк почти готов."
Monuments/#PyramidComplex,Text,,Конструкция пирамиды
Monuments/#Pyramid_ClearSite_1,Text,,"Сперва рабочим необходимо расчистить площадку под пирамиду до материнской породы. Чем больше чернорабочих из рабочих лагерей, тем быстрее проходит процесс выравнивания."
Monuments/#Pyramid_ClearSite_2,Text,,"Теперь рабочие прорубают в материнской породе канавы для воды. Чем больше чернорабочих из рабочих лагерей, тем быстрее проходит этот процесс."
Monuments/#Pyramid_ClearSite_3,Text,,"Теперь канавы в материнской породе заполняются водой. Чем больше чернорабочих из рабочих лагерей, тем быстрее это делается."
Monuments/#Pyramid_ClearSite_4,Text,,"Рабочие отмечают уровень воды, а затем осушают канавы."
Monuments/#Pyramid_ClearSite_5,Text,,"Материнская порода осторожно срезается до отметок уровня воды. Никто не увидит этой работы, но благодаря ей этот монумент простоит вечность."
Monuments/#Pyramid_ClearSite_6,Text,,"Выровненные по уровню воды канавы заполняются щебнем. Его нужно хорошенько утрамбовать, чтобы со временем монумент не просел."
Monuments/#Pyramid_ClearSite_7,Text,,"Подготовка площадки завершена! Поверхность выровнена, и теперь мы готовы к возведению гробницы."
Monuments/#Pyramid_ClearSite_8,Text,,"Основание выровнено, и сейчас на гробницу ставится крыша. Теперь это место упокоения, в котором можно провести вечность."
Monuments/#Pyramid_Complete,Text,,Пирамида наконец-то готова!
Monuments/#Pyramid_Completion,Text,,{[Pyramid]} готова на {0}%.
Monuments/#SmallBentPyramid,Text,,Малая ломаная пирамида
Monuments/#SmallMastaba,Text,,Малая мастаба
Monuments/#SmallMudbrickPyramid,Text,,Малая кирпичная пирамида
Monuments/#SmallObelisk,Text,,Малый обелиск
Monuments/#SmallPyramid,Text,,Малая пирамида
Monuments/#SmallRoyalBurialTomb,Text,,Малая царская гробница
Monuments/#SmallSteppedPyramid,Text,,Малая ступенчатая пирамида
Monuments/#Sphinx,Text,,Сфинкс
Monuments/#Sphinx_Complete,Text,,Сфинкс готов!
Monuments/#Sphinx_Phase_1,Text,,Каменотёсы придают форму сфинксу.
Monuments/#Sphinx_Phase_2,Text,,Каменотёсы вырезают мелкие детали на сфинксе.
Monuments/#Sphinx_Phase_3,Text,,Рабочие заканчивают работы и покраску сфинкса.
Monuments/#Status_Complete,Text,,готово
Monuments/#Status_Incomplete,Text,,строится
Monuments/#Status_NotStarted,Text,,не начато
Monuments/#Status_Title,Text,,Статус:
Monuments/#SteppedPyramidComplex,Text,,Конструкция ступенчатой пирамиды
Monuments/#SunTemple,Text,,Храм Солнца
Monuments/#SunTemple_Complete,Text,,Храм Солнца готов!
Monuments/#SunTemple_PercentFinish,Text,,Храм Солнца готов на {0}%.
Monuments/#SunTemple_TaksPercentFinish,Text,,Эта задача готова на {0}%.
Monuments/#SunTemple_WorkingCarpenters,Text,,"Как только плотники закончат возводить леса, каменотёсы начнут обтёсывать центральный обелиск храма Солнца."
Monuments/#SunTemple_WorkingCarving,Text,,"Мои каменщики уже обтёсывают центральный обелиск. Когда они закончат, нам понадобится песчаник для завершения строительства храма Солнца."
Monuments/#SunTemple_WorkingClearSite,Text,,"Теперь, когда у нас достаточно песчаника, можно приступить к возведению храма Солнца. Мои рабочие уже готовят площадку."
Monuments/#SunTemple_WorkingWalls,Text,,"Как только мы закончим внешний двор, стену и передний храм, монумент будет окончательно готов."
Names/,Text,,кувшинов с оливковым маслом
Names/#ArmyBedouin,Text,,армия бедуинов
Names/#Barley,Text,,Ячмень
Names/#Bedouin,Text,,Бедуин
Names/#Beer,Text,,Пиво
Names/#Bricks,Text,,Кирпичи
Names/#Chariots,Text,,Колесница
Names/#Chickpeas,Text,,Нут
Names/#Clay,Text,,Глина
Names/#CompositeBows,Text,,Составные луки
Names/#Copper,Text,,Медь
Names/#Deben,Text,,Дебены
Names/#Ebony,Text,,Чёрное дерево
Names/#Empty_Company,Text,,Пустой отряд
Names/#Figs,Text,,Инжир
Names/#Fish,Text,,Рыба
Names/#Flax,Text,,Лён
Names/#GameMeat,Text,,Дичь
Names/#Gems,Text,,Самоцветы
Names/#Grain,Text,,Зерно
Names/#Granite,Text,,Гранит
Names/#Henna,Text,,Хна
Names/#Hides,Text,,Шкуры
Names/#Incense,Text,,Благовония
Names/#Ivory,Text,,Слоновая кость
Names/#Jewelry,Text,,Украшения
Names/#Lamp,Text,,Лампа
Names/#LeopardSkins,Text,,Леопардовые шкуры
Names/#Lettuce,Text,,Латук
Names/#Limestone,Text,,Известняк
Names/#Linen,Text,,Ткань
Names/#Meat,Text,,Мясо
Names/#Oil,Text,,Масло
Names/#OliveOil,Text,,Оливковое масло
Names/#Paint,Text,,Краска
Names/#Papyrus,Text,,Папирус
Names/#Perfume,Text,,Духи
Names/#Plainstone,Text,,Камень
Names/#Pottery,Text,,Керамика
Names/#Reeds,Text,,Тростник
Names/#Sandstone,Text,,Песчаник
Names/#Shields,Text,,Щиты
Names/#Straw,Text,,Солома
Names/#Weapons,Text,,Оружие
Names/#WhiteMarble,Text,,Мрамор
Names/#Wine,Text,,Вино
Names/#Wood,Text,,Древесина
Names/Army/Assyrians,Text,,ассирийская армия
Names/Army/Canaanites,Text,,ханаанская армия
Names/Army/Egyptians,Text,,египетская армия
Names/Army/Hittites,Text,,хеттская армия
Names/Army/Hyksos,Text,,гиксосская армия
Names/Army/Kushites,Text,,кушитская армия
Names/Army/Libyans,Text,,ливийская армия
Names/Army/Mitani,Text,,митаннийская армия
Names/Army/Nubians,Text,,нубийская армия
Names/Army/Persians,Text,,персидская армия
Names/Army/Phoenicians,Text,,финикийская армия
Names/Army/Romans,Text,,римская армия
Names/Army/SeaPeople,Text,,армия народов моря
Names/Assyrians,Text,,Ассирийцы
Names/Bedouins,Text,,Бедуины
Names/Canaanites,Text,,Ханаане
Names/Chancellor,Text,,Казначей
Names/CompanyName_01,Text,,Львы
Names/CompanyName_02,Text,,Крокодилы
Names/CompanyName_03,Text,,Кобры
Names/CompanyName_04,Text,,Скорпионы
Names/CompanyName_05,Text,,Соколы
Names/CompanyName_06,Text,,Бараны
Names/CompanyName_07,Text,,Леопарды
Names/CompanyName_08,Text,,Пауки
Names/CompanyName_09,Text,,Кошки
Names/CompanyName_10,Text,,Гиены
Names/Egyptians,Text,,Египтяне
Names/Ferry_001,Text,,Хозяин Нила
Names/Ferry_002,Text,,Гордость Осириса
Names/Ferry_003,Text,,Ладья Тефнута
Names/Ferry_004,Text,,Баржа изобилия
Names/Ferry_005,Text,,Щедрость Птаха
Names/Ferry_006,Text,,Благословение Осириса
Names/Ferry_007,Text,,Удача Ра
Names/Ferry_008,Text,,Улыбка Птаха
Names/Ferry_009,Text,,Слава Баст
Names/Ferry_010,Text,,Погонщик Сета
Names/Ferry_011,Text,,Инжир Ахмери
Names/Ferry_012,Text,,Нильская ладья
Names/Ferry_013,Text,,Большой поплавок
Names/Ferry_014,Text,,Удача Хапи
Names/GreatPharaoh,Text,,Фараон
Names/Hittites,Text,,Хетты
Names/Hyksos,Text,,Гиксосы
Names/Kushites,Text,,Кушиты
Names/Libyans,Text,,Ливийцы
Names/Mitani,Text,,Митанни
Names/Nomarch,Text,,Номарх
Names/Nubians,Text,,Нубийцы
Names/Persians,Text,,Персы
Names/Pharaoh/Pharaoh_1,Text,,Аменемхет I
Names/Pharaoh/Pharaoh_10,Text,,Уаджи
Names/Pharaoh/Pharaoh_100,Text,,Тахарка
Names/Pharaoh/Pharaoh_101,Text,,Танутамон
Names/Pharaoh/Pharaoh_102,Text,,Неферит I
Names/Pharaoh/Pharaoh_103,Text,,Псаммут
Names/Pharaoh/Pharaoh_104,Text,,Неферит I
Names/Pharaoh/Pharaoh_105,Text,,Ахорис
Names/Pharaoh/Pharaoh_106,Text,,Нектанеб
Names/Pharaoh/Pharaoh_107,Text,,Александр Великий
Names/Pharaoh/Pharaoh_108,Text,,Филипп III Арридей
Names/Pharaoh/Pharaoh_109,Text,,Александр IV
Names/Pharaoh/Pharaoh_11,Text,,Джосер
Names/Pharaoh/Pharaoh_110,Text,,Птолемей I
Names/Pharaoh/Pharaoh_111,Text,,Птолемей II
Names/Pharaoh/Pharaoh_112,Text,,Птолемей III
Names/Pharaoh/Pharaoh_113,Text,,Птолемей IV
Names/Pharaoh/Pharaoh_114,Text,,Птолемей V
Names/Pharaoh/Pharaoh_115,Text,,Птолемей VI
Names/Pharaoh/Pharaoh_116,Text,,Птолемей VII
Names/Pharaoh/Pharaoh_117,Text,,Птолемей VIII
Names/Pharaoh/Pharaoh_118,Text,,Птолемей IX
Names/Pharaoh/Pharaoh_119,Text,,Птолемей X
Names/Pharaoh/Pharaoh_12,Text,,Хотепсехемуи
Names/Pharaoh/Pharaoh_120,Text,,Птолемей XI
Names/Pharaoh/Pharaoh_121,Text,,Птолемей XII
Names/Pharaoh/Pharaoh_122,Text,,Царица Береника IV
Names/Pharaoh/Pharaoh_123,Text,,Птолемей XIII
Names/Pharaoh/Pharaoh_124,Text,,Клеопатра VII
Names/Pharaoh/Pharaoh_125,Text,,Птолемей XV
Names/Pharaoh/Pharaoh_126,Text,,Тинитская знать
Names/Pharaoh/Pharaoh_127,Text,,Тинитская конфедерация
Names/Pharaoh/Pharaoh_128,Text,,Клан Иниотефа
Names/Pharaoh/Pharaoh_129,Text,,Ахорис
Names/Pharaoh/Pharaoh_13,Text,,Хор
Names/Pharaoh/Pharaoh_130,Text,,Никого
Names/Pharaoh/Pharaoh_14,Text,,Хор Аха
Names/Pharaoh/Pharaoh_15,Text,,Хуни
Names/Pharaoh/Pharaoh_16,Text,,Иниотеф I
Names/Pharaoh/Pharaoh_17,Text,,Иниотеф II
Names/Pharaoh/Pharaoh_18,Text,,Иниотеф III
Names/Pharaoh/Pharaoh_19,Text,,Хаба
Names/Pharaoh/Pharaoh_2,Text,,Аменемхет II
Names/Pharaoh/Pharaoh_20,Text,,Хасехемуи
Names/Pharaoh/Pharaoh_21,Text,,Хенджер
Names/Pharaoh/Pharaoh_22,Text,,Хефрен
Names/Pharaoh/Pharaoh_23,Text,,Хети
Names/Pharaoh/Pharaoh_24,Text,,Хуфу
Names/Pharaoh/Pharaoh_25,Text,,Менес
Names/Pharaoh/Pharaoh_26,Text,,Менкаухор
Names/Pharaoh/Pharaoh_27,Text,,Микерин
Names/Pharaoh/Pharaoh_28,Text,,Ментухотеп I
Names/Pharaoh/Pharaoh_29,Text,,Ментухотеп II
Names/Pharaoh/Pharaoh_3,Text,,Аменемхет III
Names/Pharaoh/Pharaoh_30,Text,,Ментухотеп III
Names/Pharaoh/Pharaoh_31,Text,,Ментухотеп IV
Names/Pharaoh/Pharaoh_32,Text,,Меренра
Names/Pharaoh/Pharaoh_33,Text,,Царица Мернейт
Names/Pharaoh/Pharaoh_34,Text,,Нармер
Names/Pharaoh/Pharaoh_35,Text,,Небка
Names/Pharaoh/Pharaoh_36,Text,,Неферхотеп I
Names/Pharaoh/Pharaoh_37,Text,,Нефериркара
Names/Pharaoh/Pharaoh_38,Text,,Ниусерра
Names/Pharaoh/Pharaoh_39,Text,,Нинечер
Names/Pharaoh/Pharaoh_4,Text,,Аменемхет IV
Names/Pharaoh/Pharaoh_40,Text,,Нейтикерт
Names/Pharaoh/Pharaoh_41,Text,,Пепи I
Names/Pharaoh/Pharaoh_42,Text,,Пепи II
Names/Pharaoh/Pharaoh_43,Text,,Перибсен
Names/Pharaoh/Pharaoh_44,Text,,Каа
Names/Pharaoh/Pharaoh_45,Text,,Неферефра
Names/Pharaoh/Pharaoh_46,Text,,Ранеб
Names/Pharaoh/Pharaoh_47,Text,,Сахура
Names/Pharaoh/Pharaoh_48,Text,,Сехемхет
Names/Pharaoh/Pharaoh_49,Text,,Семерхет
Names/Pharaoh/Pharaoh_5,Text,,Аджиб
Names/Pharaoh/Pharaoh_50,Text,,Сенед
Names/Pharaoh/Pharaoh_51,Text,,Сенусерт I
Names/Pharaoh/Pharaoh_52,Text,,Сенусерт II
Names/Pharaoh/Pharaoh_53,Text,,Сенусерт III
Names/Pharaoh/Pharaoh_54,Text,,Шепсескаф
Names/Pharaoh/Pharaoh_55,Text,,Шепсескара
Names/Pharaoh/Pharaoh_56,Text,,Снофру
Names/Pharaoh/Pharaoh_57,Text,,Себекхотеп III
Names/Pharaoh/Pharaoh_58,Text,,Царица Нефрусебек
Names/Pharaoh/Pharaoh_59,Text,,Тети
Names/Pharaoh/Pharaoh_6,Text,,Ден
Names/Pharaoh/Pharaoh_60,Text,,Унас
Names/Pharaoh/Pharaoh_61,Text,,Усеркаф
Names/Pharaoh/Pharaoh_62,Text,,Усеркара
Names/Pharaoh/Pharaoh_63,Text,,Венег
Names/Pharaoh/Pharaoh_64,Text,,Яхмос I
Names/Pharaoh/Pharaoh_65,Text,,Аменхотеп I
Names/Pharaoh/Pharaoh_66,Text,,Тутмос I
Names/Pharaoh/Pharaoh_67,Text,,Тутмос II
Names/Pharaoh/Pharaoh_68,Text,,Хатшепсут
Names/Pharaoh/Pharaoh_69,Text,,Тутмос III
Names/Pharaoh/Pharaoh_7,Text,,Джедефра
Names/Pharaoh/Pharaoh_70,Text,,Аменхотеп II
Names/Pharaoh/Pharaoh_71,Text,,Тутмос IV
Names/Pharaoh/Pharaoh_72,Text,,Аменхотеп III
Names/Pharaoh/Pharaoh_73,Text,,Эхнатон
Names/Pharaoh/Pharaoh_74,Text,,Нефернефруатон
Names/Pharaoh/Pharaoh_75,Text,,Сменхкара
Names/Pharaoh/Pharaoh_76,Text,,Тутанхамон
Names/Pharaoh/Pharaoh_77,Text,,Эйе
Names/Pharaoh/Pharaoh_78,Text,,Хоремхеб
Names/Pharaoh/Pharaoh_79,Text,,Рамсес I
Names/Pharaoh/Pharaoh_8,Text,,Джедкара Исеси
Names/Pharaoh/Pharaoh_80,Text,,Сети I
Names/Pharaoh/Pharaoh_81,Text,,Рамсес II
Names/Pharaoh/Pharaoh_82,Text,,Мернептах
Names/Pharaoh/Pharaoh_83,Text,,Аменмес
Names/Pharaoh/Pharaoh_84,Text,,Сети II
Names/Pharaoh/Pharaoh_85,Text,,Сиптах
Names/Pharaoh/Pharaoh_86,Text,,Царица Таусерт
Names/Pharaoh/Pharaoh_87,Text,,Сетнахт
Names/Pharaoh/Pharaoh_88,Text,,Рамсес III
Names/Pharaoh/Pharaoh_89,Text,,Рамсес IV
Names/Pharaoh/Pharaoh_9,Text,,Джер
Names/Pharaoh/Pharaoh_90,Text,,Рамсес V
Names/Pharaoh/Pharaoh_91,Text,,Рамсес VI
Names/Pharaoh/Pharaoh_92,Text,,Рамсес VII
Names/Pharaoh/Pharaoh_93,Text,,Рамсес VIII
Names/Pharaoh/Pharaoh_94,Text,,Рамсес IX
Names/Pharaoh/Pharaoh_95,Text,,Рамсес X
Names/Pharaoh/Pharaoh_96,Text,,Рамсес XI
Names/Pharaoh/Pharaoh_97,Text,,Пианхи
Names/Pharaoh/Pharaoh_98,Text,,Шабака
Names/Pharaoh/Pharaoh_99,Text,,Шабатака
Names/Phoenicians,Text,,Финикийцы
Names/Romans,Text,,Римляне
Names/RoyalGovernor,Text,,Царский наместник
Names/RoyalJudge,Text,,Царский судья
Names/RoyalMayor,Text,,Царский градоначальник
Names/RoyalScholar,Text,,Царский учёный
Names/RoyalScribe,Text,,Царский писец
Names/SeaPeople,Text,,Народы моря
Names/VillageElder,Text,,Деревенский старейшина
Names/VillageNoble,Text,,Деревенский вельможа
Names/Vizier,Text,,Визирь
Names/Walker_001,Text,,Сутимос
Names/Walker_002,Text,,Паму
Names/Walker_003,Text,,Шабака
Names/Walker_004,Text,,Вахка
Names/Walker_005,Text,,Джарха
Names/Walker_006,Text,,Бакенмут
Names/Walker_007,Text,,Вепваветмос
Names/Walker_008,Text,,Ваханх
Names/Walker_009,Text,,Анхнефер
Names/Walker_010,Text,,Хорвеббефер
Names/Walker_011,Text,,Хораполло
Names/Walker_012,Text,,Кика
Names/Walker_013,Text,,Хенстот
Names/Walker_014,Text,,Хайи
Names/Walker_015,Text,,Херенаменпенеф
Names/Walker_016,Text,,Нармер
Names/Walker_017,Text,,Небитка
Names/Walker_018,Text,,Небмаатр
Names/Walker_019,Text,,Нага-эд-дер
Names/Walker_020,Text,,Менмир
Names/Walker_021,Text,,Аменмос
Names/Walker_022,Text,,Аддайя
Names/Walker_023,Text,,Анхшешнок
Names/Walker_024,Text,,Джедфахефанх
Names/Walker_025,Text,,Аменхиркопшеф
Names/Walker_026,Text,,Аменехеб
Names/Walker_027,Text,,Апофис
Names/Walker_028,Text,,Бакенхонсу
Names/Walker_029,Text,,Дениуэнхонс
Names/Walker_030,Text,,Хекаммаатр
Names/Walker_031,Text,,Хоремхеб
Names/Walker_032,Text,,Хорнеджитеф
Names/Walker_033,Text,,Хосай
Names/Walker_034,Text,,Харкхуф
Names/Walker_035,Text,,Хармхаби
Names/Walker_036,Text,,Ибана
Names/Walker_037,Text,,Ирхореру
Names/Walker_038,Text,,Ишпи
Names/Walker_039,Text,,Иуфанх
Names/Walker_040,Text,,Иуфенамун
Names/Walker_041,Text,,Иусенеб
Names/Walker_042,Text,,Каджаджа
Names/Walker_043,Text,,Хонсирдаис
Names/Walker_044,Text,,Хахеперрасенеб
Names/Walker_045,Text,,Манетхо
Names/Walker_046,Text,,Менмет-Ра
Names/Walker_047,Text,,Мерирахасетеф
Names/Walker_048,Text,,Мернебптах
Names/Walker_049,Text,,Мерирахашетеф
Names/Walker_050,Text,,Неферхотеп
Names/Walker_051,Text,,Нешорпахеред
Names/Walker_052,Text,,Мианкхнум
Names/Walker_053,Text,,Ниуматепед
Names/Walker_054,Text,,Педибастет
Names/Walker_055,Text,,Кенимин
Names/Walker_056,Text,,Рудижу
Names/Walker_057,Text,,Снеферу
Names/Walker_058,Text,,Хепцешет
Names/Walker_059,Text,,Амхаибиту
Names/Walker_060,Text,,Маатафемсеш
Names/Walker_061,Text,,Сеткесу
Names/Walker_062,Text,,Тарет
Names/Walker_063,Text,,Хетчабеху
Names/Walker_064,Text,,Амсенеф
Names/Walker_065,Text,,Амбесек
Names/Walker_066,Text,,Тенеми
Names/Walker_067,Text,,Сетгрегоршеф
Names/Walker_068,Text,,Хансптах
Names/Walker_069,Text,,Анхенримхат
Names/Walker_070,Text,,Ненеджасонджед
Names/Walker_071,Text,,Джеремшепенвет
Names/Walker_072,Text,,Сасоломонмут
Names/Walker_073,Text,,Раджонхотеп
Names/Walker_074,Text,,Кетнакте
Names/Walker_075,Text,,Акенаба
Names/Walker_076,Text,,Шмикенахт
Names/Walker_077,Text,,Ронейт
Names/Walker_078,Text,,Анхскотсхонк
Names/Walker_079,Text,,Аменваинсу
Names/Walker_080,Text,,Танутамун
Names/Walker_081,Text,,Ваджтонимос
Names/Walker_082,Text,,Лабарджамух
Names/Walker_083,Text,,Салценхамен
Names/Walker_084,Text,,Зиззамух
Names/Walker_085,Text,,Прамессу
Names/Walker_086,Text,,Сипаир
Names/Walker_087,Text,,Шонбака
Names/Walker_088,Text,,Сисехмет
Names/Walker_089,Text,,Панас
Names/Walker_090,Text,,Мааха
Names/Walker_091,Text,,Бутенхамун
Names/Walker_092,Text,,Нехен
Names/Walker_093,Text,,Анху
Names/Walker_094,Text,,Крейгамун
Names/Walker_095,Text,,Ременссес
Names/Walker_096,Text,,Ашаамедес
Names/Walker_097,Text,,Ибремедес
Names/Walker_098,Text,,Беветаат
Names/Walker_099,Text,,Иниотеф
Names/Walker_100,Text,,Нианххнум
Names/Walker_101,Text,,Хнумхотеп
Names/Walker_102,Text,,Синухе
Names/Walker_103,Text,,Сенвосерт
Names/Walker_104,Text,,Сетка
Names/Walker_105,Text,,Ахкенруссес
Names/Walker_106,Text,,Падалинейт
Names/Walker_107,Text,,Ментухотеп
Names/Walker_108,Text,,Керагхотеп
Names/Walker_109,Text,,Ментумери
Names/Walker_110,Text,,Хоремчадхотеп
Names/Walker_111,Text,,Ипу
Names/Walker_112,Text,,Акенчерес
Names/Walker_113,Text,,Симонту
Names/Walker_114,Text,,Мекуниветел
Names/Walker_115,Text,,Неспанетжеренпер
Names/Walker_116,Text,,Шедсунефетум
Names/Walker_117,Text,,Туту
Names/Walker_118,Text,,Шевет
Names/Walker_119,Text,,Бебаат
Names/Walker_120,Text,,Неферхерет
Names/Walker_121,Text,,Наашеба
Names/Walker_122,Text,,Небабуй
Names/Walker_123,Text,,Вебаонер
Names/Walker_124,Text,,Рамессес
Names/Walker_125,Text,,Хемжуну
Names/Walker_126,Text,,Птаххотеп
Names/Walker_127,Text,,Имхотеп
Names/Walker_128,Text,,Прехотеп
Names/Walker_129,Text,,Амасис
Names/Walker_130,Text,,Птахнефер
Names/Walker_131,Text,,Импейхотеп
Names/Walker_132,Text,,Менкаури
Names/Walker_133,Text,,Гебу
Names/Walker_134,Text,,Анх-хори
Names/Walker_135,Text,,Хоншотеп
Names/Walker_136,Text,,Хонснефру
Names/Walker_137,Text,,Мерихонс
Names/Walker_138,Text,,Бесхотеп
Names/Walker_139,Text,,Мерибес
Names/Walker_140,Text,,Птаххуджанхеф
Names/Walker_141,Text,,Мериеджо
Names/Walker_142,Text,,Эджохотеп
Names/Walker_143,Text,,Некетмесес
Names/Walker_144,Text,,Менхекет
Names/Walker_145,Text,,Акенхекет
Names/Walker_146,Text,,Хеприхотеп
Names/Walker_147,Text,,Акенхепри
Names/Walker_148,Text,,Мерихепри
Names/Walker_149,Text,,Итченхамен
Names/Walker_150,Text,,Течемес
Names/Walker_151,Text,,Джесерсухонс
Names/Walker_152,Text,,Эйе
Names/Walker_153,Text,,Аадмеру
Names/Walker_154,Text,,Небумери
Names/Walker_155,Text,,Небаак
Names/Walker_156,Text,,Бурглакхамен
Names/Walker_157,Text,,Амунлут
Names/Walker_158,Text,,Педибандит
Names/Walker_159,Text,,Небноджмет
Names/Walker_160,Text,,Анхефенеб
Names/Walker_161,Text,,Акенеб
Names/Walker_162,Text,,Небтет
Names/Walker_163,Text,,Нехбехотеп
Names/Walker_164,Text,,Херишеф
Names/Walker_165,Text,,Небвам
Names/Walker_166,Text,,Анхмери
Names/Walker_167,Text,,Пасебахаеннуит
Names/Walker_168,Text,,Хир-убен
Names/Walker_169,Text,,Сешед
Names/Walker_170,Text,,Кингмери
Names/Walker_171,Text,,Педидави
Names/Walker_172,Text,,Акентурнер
Names/Walker_173,Text,,Карнегмос
Names/Walker_174,Text,,Форбесанх
Names/Walker_175,Text,,Снотмос
Names/Walker_176,Text,,Рокесенмут
Names/Walker_177,Text,,Анхетепф
Names/Walker_178,Text,,Сешемфенти
Names/Walker_179,Text,,Минхат
Names/Walker_180,Text,,Нехахра
Names/Walker_181,Text,,Анхва
Names/Walker_182,Text,,Юйя
Names/Walker_183,Text,,Каха
Names/Walker_184,Text,,Пойи
Names/Walker_185,Text,,Фраанкптах
Names/Walker_186,Text,,Стивимесес
Names/Walker_187,Text,,Меримар
Names/Walker_188,Text,,Тжанефер
Names/Walker_189,Text,,Такани
Names/Walker_190,Text,,Ваджет
Names/Walker_191,Text,,Пасер
Names/Walker_192,Text,,Храфхаф
Names/Walker_193,Text,,Нехавелти
Names/Walker_194,Text,,Нерет
Names/Walker_195,Text,,Онурисхотеп
Names/Walker_196,Text,,Мерионурис
Names/Walker_197,Text,,Онурисноджмет
Names/Walker_198,Text,,Карем
Names/Walker_199,Text,,Хахор
Names/Walker_200,Text,,Вахмери
Names/Walker_201,Text,,Течемесмери
Names/Walker_202,Text,,Нестанебеташеру
Names/Walker_203,Text,,Райя
Names/Walker_204,Text,,Серапион
Names/Walker_205,Text,,Тимисба
Names/Walker_206,Text,,Тахарка
Names/Walker_207,Text,,Панехси
Names/Walker_208,Text,,Апутит
Names/Walker_209,Text,,Аманишахето
Names/Walker_210,Text,,Бунефер
Names/Walker_211,Text,,Хатшепсут
Names/Walker_212,Text,,Хеттименху
Names/Walker_213,Text,,Хамереернебти
Names/Walker_214,Text,,Мехетвешкет
Names/Walker_215,Text,,Кристенефер
Names/Walker_216,Text,,Нефертити
Names/Walker_217,Text,,Неферкатия
Names/Walker_218,Text,,Шананофру
Names/Walker_219,Text,,Авилдамер
Names/Walker_220,Text,,Андремос
Names/Walker_221,Text,,Хетемария
Names/Walker_222,Text,,Хейдинефер
Names/Walker_223,Text,,Лизатити
Names/Walker_224,Text,,Дуатнефрет
Names/Walker_225,Text,,Нила
Names/Walker_226,Text,,Донамосес
Names/Walker_227,Text,,Клаудипатра
Names/Walker_228,Text,,Табубу
Names/Walker_229,Text,,Юнет
Names/Walker_230,Text,,Веретимтес
Names/Walker_231,Text,,Пебатма
Names/Walker_232,Text,,Софивепет
Names/Walker_233,Text,,Нефернефруатон
Names/Walker_234,Text,,Марахен
Names/Walker_235,Text,,Сешедахен
Names/Walker_236,Text,,Небуахен
Names/Walker_237,Text,,Хеджахен
Names/Walker_238,Text,,Сиамун
Names/Walker_239,Text,,Ноджмет
Names/Walker_240,Text,,Аменемопет
Names/Walker_241,Text,,Мериптах
Names/Walker_242,Text,,Нанеферкептах
Names/Walker_243,Text,,Неши
Names/Walker_244,Text,,Падиаменет
Names/Walker_245,Text,,Шепенвепет
Names/Walker_246,Text,,Уджахорресни
Names/Walker_247,Text,,Венис
Names/Walker_248,Text,,Паинеферхер
Names/Walker_249,Text,,Сеарсенеб
Names/Walker_250,Text,,Акенвалмарт
Names/Walker_251,Text,,Бакенбрадлихотеп
Names/Walker_252,Text,,Нефермаси
Names/Walker_253,Text,,Пеннибастет
Names/Walker_254,Text,,Гапахмос
Names/Walker_255,Text,,Амунхерпанеша
Names/Walker_256,Text,,Хаия
Names/Walker_257,Text,,Нигмед
Names/Walker_258,Text,,Паперпа
Names/Walker_259,Text,,Тефиби
Names/Walker_260,Text,,Амихотеп
Names/Walker_261,Text,,Кевинефер
Names/Walker_262,Text,,Тобихамен
Names/Walker_263,Text,,Пебес
Names/Walker_264,Text,,Салатис
Names/Walker_265,Text,,Хапимен
Names/Walker_266,Text,,Тиеламун
Names/Walker_267,Text,,Небрианмес
Names/Walker_268,Text,,Харсиес
Names/Walker_269,Text,,Байи
Names/Walker_270,Text,,Бек
Names/Walker_271,Text,,Серкхеру
Names/Walker_272,Text,,Даннихамен
Names/Walker_273,Text,,Мерихем
Names/Walker_274,Text,,Петхотеп
Names/Walker_275,Text,,Венефахен
Names/Walker_276,Text,,Шетчаат
Names/Walker_277,Text,,Хередхотеп
Names/Walker_278,Text,,Ахиноджмет
Names/Walker_279,Text,,Ахитут
Names/Walker_280,Text,,Ноджмет-та-шерит
Names/Walker_281,Text,,Пепи
Names/Walker_282,Text,,Тотхотеп
Names/Walker_283,Text,,Смендес
Names/Walker_284,Text,,Ситхот
Names/Walker_285,Text,,Минмери
Names/Walker_286,Text,,Сиуннефер
Names/Walker_287,Text,,Уннеферхотеп
Names/Walker_288,Text,,Минхотеп
Names/Walker_289,Text,,Меритот
Names/Walker_290,Text,,Джау
Names/Walker_291,Text,,Бакенатен
Names/Walker_292,Text,,Ишпи
Names/Walker_293,Text,,Катеп
Names/Walker_294,Text,,Патемвиа
Names/Walker_295,Text,,Сути
Names/Walker_296,Text,,Йойомаатри
Names/Walker_297,Text,,Бакенаббамаат
Names/Walker_298,Text,,Клаудипаатра
Names/Walker_299,Text,,Виа
Names/Walker_300,Text,,Вабхет
Names/Walker_301,Text,,Херет
Names/Walker_302,Text,,Наунахт
Names/Walker_303,Text,,Хериа
Names/Walker_304,Text,,Хунро
Names/Walker_305,Text,,Хафен-рефер
Names/Walker_306,Text,,Ретеп
Names/Walker_307,Text,,Нофертири
Names/Walker_308,Text,,Птенниснет
Names/Walker_309,Text,,Анхесенатен
Names/Walker_310,Text,,Бекетатен
Names/Walker_311,Text,,Деди
Names/Walker_312,Text,,Эсемхебе
Names/Walker_313,Text,,Хатхор
Names/Walker_314,Text,,Нехенхит
Names/Walker_315,Text,,Хенутнофрет
Names/Walker_316,Text,,Хетепхерес
Names/Walker_317,Text,,Инихае
Names/Walker_318,Text,,Ипип
Names/Walker_319,Text,,Исетнофрет
Names/Walker_320,Text,,Иутенхеб
Names/Walker_321,Text,,Хамаат
Names/Walker_322,Text,,Мекетри
Names/Walker_323,Text,,Мерция
Names/Walker_324,Text,,Ипуки
Names/Walker_325,Text,,Инновандора
Names/Walker_326,Text,,Небефер
Names/Walker_327,Text,,Ненуфер
Names/Walker_328,Text,,Несхонс
Names/Walker_329,Text,,Пекерсатер
Names/Walker_330,Text,,Сешсешет
Names/Walker_331,Text,,Таверет
Names/Walker_332,Text,,Тефенет
Names/Walker_333,Text,,Сиосирис
Names/Walker_334,Text,,Осирисхотеп
Names/Walker_335,Text,,Педосирис
Names/Walker_336,Text,,Акеносирис
Names/Walker_337,Text,,Вахосирис
Names/Walker_338,Text,,Тутанхосирис
Names/Walker_339,Text,,Мереносирис
Names/Walker_340,Text,,Иуфосирис
Names/Walker_341,Text,,Себекхотеп
Names/Walker_342,Text,,Сисебек
Names/Walker_343,Text,,Васебек
Names/Walker_344,Text,,Акенсебек
Names/Walker_345,Text,,Педимин
Names/Walker_346,Text,,Тутанхмин
Names/Walker_347,Text,,Меримин
Names/Walker_348,Text,,Акенмин
Names/Walker_349,Text,,Менма'атра
Names/Walker_350,Text,,Акенра
Names/Walker_351,Text,,Нефера
Names/Walker_352,Text,,Ранофрет
Names/Walker_353,Text,,Мутнодра
Names/Walker_354,Text,,Мерира
Names/Walker_355,Text,,Рамос
Names/Walker_356,Text,,Рашепсес
Names/Walker_357,Text,,Маатхотеп
Names/Walker_358,Text,,Меримаат
Names/Walker_359,Text,,Педимаат
Names/Walker_360,Text,,Нефермаат
Names/Walker_361,Text,,Акенхорус
Names/Walker_362,Text,,Иунхорус
Names/Walker_363,Text,,Бакенхорус
Names/Walker_364,Text,,Вахорус
Names/Walker_365,Text,,Птаххуджанкеф
Names/Walker_366,Text,,Птахмос
Names/Walker_367,Text,,Педиптах
Names/Walker_368,Text,,Птаххемхат-ту
Names/Walker_369,Text,,Птаххемакехет
Names/Walker_370,Text,,Акенптах
Names/Walker_371,Text,,Ваптах
Names/Walker_372,Text,,Амонхотеп
Names/Walker_373,Text,,Акенамон
Names/Walker_374,Text,,Сиамон
Names/Walker_375,Text,,Бакенамон
Names/Walker_376,Text,,Тотноджмет
Names/Walker_377,Text,,Акентот
Names/Walker_378,Text,,Педитот
Names/Walker_379,Text,,Сисет
Names/Walker_380,Text,,Вахсет
Names/Walker_381,Text,,Сетмессес
Names/Walker_382,Text,,Мерисет
Names/Walker_383,Text,,Сетмос
Names/Walker_384,Text,,Педисет
Names/Walker_385,Text,,Акенсет
Names/Walker_386,Text,,Сетноджмет
Names/Walker_387,Text,,Анубисхотеп
Names/Walker_388,Text,,Анубисмос
Names/Walker_389,Text,,Бакенанубис
Names/Walker_390,Text,,Сианубис
Names/Walker_391,Text,,Акенсехмет
Names/Walker_392,Text,,Сехметнахт
Names/Walker_393,Text,,Нианхсехмет
Names/Walker_394,Text,,Мерисехмет
Names/Walker_395,Text,,Педибаст
Names/Walker_396,Text,,Ситбаст
Names/Walker_397,Text,,Бастхотеп
Names/Walker_398,Text,,Бастнофрет
Names/Walker_399,Text,,Бастмири
Names/Walker_400,Text,,Бастведжебу
Names/Walker_401,Text,,Бастемшаф
Names/Walker_402,Text,,Акенбаст
Names/Walker_403,Text,,Ситисида
Names/Walker_404,Text,,Исидамос
Names/Walker_405,Text,,Исиданоджмет
Names/Walker_406,Text,,Ситхатхор
Names/Walker_407,Text,,Педихатхор
Names/Walker_408,Text,,Мерихатхор
Names/Walker_409,Text,,Хатхорнофрет
Names/Walker_410,Text,,Небнефер
Names/Walker_411,Text,,Анхиркави
Names/Walker_412,Text,,Кензирхопешеф
Names/Walker_413,Text,,Анупемхеб
Names/Walker_414,Text,,Прахотеп
Names/Walker_415,Text,,Панхеси
Names/Walker_416,Text,,Панеб
Names/Walker_417,Text,,Кжаемваси
Names/Walker_418,Text,,Неферабу
Names/Walker_419,Text,,Аменнахт
Names/Walker_420,Text,,Ханун
Names/Walker_421,Text,,Ментмос
Names/Walker_422,Text,,Патвери
Names/Walker_423,Text,,Паанукет
Names/Walker_424,Text,,Харшири
Names/Walker_425,Text,,Кенебен
Names/Walker_426,Text,,Хормин
Names/Walker_427,Text,,Аменва
Names/Walker_428,Text,,Пентаверет
Names/Walker_429,Text,,Пентахетнахт
Names/Walker_430,Text,,Несаменопет
Names/Walker_431,Text,,Собексанх
Names/Walker_432,Text,,Пинежем
Names/Walker_433,Text,,Синнежем
Names/Walker_434,Text,,Аметжу
Names/Walker_435,Text,,Ренси
Names/Walker_436,Text,,Хунанпу
Names/Walker_437,Text,,Тхутинахте
Names/Walker_438,Text,,Хентика
Names/Walker_439,Text,,Птахшеду
Names/Walker_440,Text,,Анхтифи
Names/Walker_441,Text,,Беширкопшеф
Names/Walker_442,Text,,Бакенбес
Names/Walker_443,Text,,Хекетхотеп
Names/Walker_444,Text,,Вахекет
Names/Walker_445,Text,,Нефертумхотеп
Names/Walker_446,Text,,Меринефертум
Names/Walker_447,Text,,Нефтисанх
Names/Walker_448,Text,,Меринейт
Names/Walker_449,Text,,Сиселкис
Names/Walker_450,Text,,Меритаверет
Names/Walker_451,Text,,Медесиан
Names/Walker_452,Text,,Акенимсети
Names/Walker_453,Text,,Акенселкет
Names/Walker_454,Text,,Сиисида
Names/Walker_455,Text,,Акенисида
Names/Walker_456,Text,,Акенфлуорис
Names/Walker_457,Text,,Новахамен
Names/Walker_458,Text,,Меритечекнен
Names/Walker_459,Text,,Мектиабеху
Names/Walker_460,Text,,Хенмршабеху
Names/Walker_461,Text,,Хетч-абеху
Names/Walker_462,Text,,Меседжерикем
Names/Walker_463,Text,,Сайеб
Names/Walker_464,Text,,Сарехит
Names/Walker_465,Text,,Вахетау
Names/Walker_466,Text,,Екердхотеп
Names/Walker_467,Text,,Мериревко
Names/Walker_468,Text,,Бакеноско
Names/Walker_469,Text,,Акенбайер
Names/Walker_470,Text,,Тесерсухонс
Names/Walker_471,Text,,Анубисхерхепшеф
Names/Walker_472,Text,,Нанеферкенейт
Names/Walker_473,Text,,Секерхотеп
Names/Walker_474,Text,,Меригеб
Names/Walker_475,Text,,Ноферанпу
Names/Walker_476,Text,,Анпуноджмет
Names/Walker_477,Text,,Тутанханпу
Names/Walker_478,Text,,Мерихаат
Names/Walker_479,Text,,Свааджаат
Names/Walker_480,Text,,Феквааджем
Names/Walker_481,Text,,Авсенеф
Names/Walker_482,Text,,Небсешта
Names/Walker_483,Text,,Бенумери
Names/Walker_484,Text,,Дуамутефхотеп
Names/Walker_485,Text,,Абемос
Names/Walker_486,Text,,Меринеба
Names/Walker_487,Text,,Фенти
Names/Walker_488,Text,,Хепцеш
Names/Walker_489,Text,,Уат-несерт
Names/Walker_490,Text,,Вахнет
Names/Walker_491,Text,,Нетти
Names/Walker_492,Text,,Вебед
Names/Walker_493,Text,,Кимери
Names/Walker_494,Text,,Ненесерт
Names/Walker_495,Text,,Шемшу
Names/Walker_496,Text,,Хепертмену
Names/Walker_497,Text,,Селкисхотеп
Names/Walker_498,Text,,Педижон
Names/Walker_499,Text,,Касижонесахкен
Names/Walker_500,Text,,Птахшепсес
Names/Walker_501,Text,,Пинотмоу
Names/Walker_502,Text,,Нечо
Names/Walker_503,Text,,Дугептах
Names/Walker_504,Text,,Птахнетжеру
Names/Walker_505,Text,,Сабеф
Names/Walker_506,Text,,Памос
Names/Walker_507,Text,,Сиптах
Names/Walker_508,Text,,Хори
Names/Walker_509,Text,,Монтухиркопшеф
Names/Walker_510,Text,,Фисхамен
Names/Walker_511,Text,,Хуфу
Names/Walker_512,Text,,Тутмос
Names/Walker_513,Text,,Несмонт
Names/Walker_514,Text,,Меридонут
Names/Walker_515,Text,,Самспадехотеп
Names/Walker_516,Text,,Мектуанх
Names/Walker_517,Text,,Кожахкен-та-шерит
Names/Walker_518,Text,,Блухотеп
Names/Walker_519,Text,,Ахкенбадгатен
Names/Walker_520,Text,,Куффнефер
Names/Walker_521,Text,,Педибарнахмос
Names/Walker_522,Text,,Расирен
Names/Walker_523,Text,,Магнумхотеп
Names/Walker_524,Text,,Рокфордмаатри
Names/Walker_525,Text,,Кожахкен
Names/Walker_526,Text,,Фрайдейхмос
Names/Walker_527,Text,,Полисенеб
Names/Walker_528,Text,,Виггумвенемеф
Names/Walker_529,Text,,Хаммереперре
Names/Walker_530,Text,,Такелот
Names/Walker_531,Text,,Аминевех
Names/Walker_532,Text,,Небуваат
Names/Walker_533,Text,,Бевет
Names/Walker_534,Text,,Иарет
Names/Walker_535,Text,,Анхет
Names/Walker_536,Text,,Хеджемет
Names/Walker_537,Text,,Хенмешемефкаат
Names/Walker_538,Text,,Мекешкеш
Names/Walker_539,Text,,Амхетепф
Names/Walker_540,Text,,Аварис
Names/Walker_541,Text,,Ранеб
Names/Walker_542,Text,,Рахотеп
Names/Walker_543,Text,,Петети
Names/Walker_544,Text,,Битахен
Names/Walker_545,Text,,Амой
Names/Walker_546,Text,,Мос
Names/Walker_547,Text,,Мекту
Names/Walker_548,Text,,Вамекту
Names/Walker_549,Text,,Вахикем
Names/Walker_550,Text,,Тутва
Names/Walker_551,Text,,Тжепу
Names/Walker_552,Text,,Пексатер
Names/Walker_553,Text,,Пефтжауабастет
Names/Walker_554,Text,,Рома-рой
Names/Walker_555,Text,,Сетхи
Names/Walker_556,Text,,Сенебтифи
Names/Walker_557,Text,,Тети-эн
Overlays/,Text,,Этот дом наводнён жабами.
Overlays/ApothecaryAccess_High,Text,,Мимо этого дома недавно проходил аптекарь. Доступ к аптеке сохранится ещё надолго.
Overlays/ApothecaryAccess_Low,Text,,"Если в ближайшем времени рядом не пройдёт аптекарь, этот дом потеряет доступ к аптеке."
Overlays/ApothecaryAccess_Mid,Text,,У этого дома есть доступ к аптеке.
Overlays/ApothecaryAccess_None,Text,,У этого дома нет доступа к аптеке.
Overlays/ArchitectRisk_0,Text,,Это здание нестабильно и очень скоро может обвалиться.
Overlays/ArchitectRisk_100,Text,,Это здание в идеальном состоянии.
Overlays/ArchitectRisk_20,Text,,У этого здания множество трещин и дефектов.
Overlays/ArchitectRisk_40,Text,,У этого здания есть несколько дефектов.
Overlays/ArchitectRisk_60,Text,,У этого здания низкий риск обвала.
Overlays/ArchitectRisk_80,Text,,У этого здания ничтожный риск обвала.
Overlays/CourthouseAccess_High,Text,,Мимо этого дома недавно проходил магистрат. Доступ к зданию суда сохранится ещё надолго.
Overlays/CourthouseAccess_Low,Text,,Этот дом давно не посещался магистратом. Он скоро потеряет доступ к зданию суда.
Overlays/CourthouseAccess_Mid,Text,,У этого дома есть доступ к зданию суда.
Overlays/CourthouseAccess_None,Text,,У этого дома нет доступа к зданию суда.
Overlays/DancerAccess_High,Text,,Мимо этого дома недавно проходила танцовщица. Доступ к танцевальной площадке сохранится ещё надолго.
Overlays/DancerAccess_Low,Text,,Этот дом давно не посещался танцовщицей. Он скоро потеряет доступ к танцевальным площадкам.
Overlays/DancerAccess_Mid,Text,,У этого дома есть доступ к танцевальным площадкам.
Overlays/DancerAccess_None,Text,,У этого дома нет доступа к танцевальным площадкам.
Overlays/DentistAccess_High,Text,,Мимо этого дома недавно проходил дантист. Доступ к нему сохранится ещё надолго.
Overlays/DentistAccess_Low,Text,,"Если в ближайшем времени рядом не пройдёт дантист, этот дом потеряет к нему доступ."
Overlays/DentistAccess_Mid,Text,,У этого дома есть доступ к дантисту.
Overlays/DentistAccess_None,Text,,У этого дома нет доступа к дантисту.
Overlays/DiseaseRisk_20,Text,,У этого здания есть риск заболеваний.
Overlays/DiseaseRisk_40,Text,,У этого здания есть некоторый риск заболеваний.
Overlays/DiseaseRisk_60,Text,,У этого здания ничтожный риск заболеваний.
Overlays/DiseaseRisk_80,Text,,Это здание практически не подвержено болезням.
Overlays/EducationAccess_Both,Text,,"У этого дома есть доступ и к школе писцов, и к библиотеке."
Overlays/EducationAccess_None,Text,,У этого дома нет доступа к школе писцов или библиотеке.
Overlays/EducationAccess_One,Text,,У этого дома есть доступ к школе писцов или к библиотеке.
Overlays/EntertainmentValue_0,Text,,У этого поселения нет доступа к никаким развлечениям.
Overlays/EntertainmentValue_1,Text,,У этого поселения очень плохой доступ к развлечениям.
Overlays/EntertainmentValue_10,Text,,У этого поселения очень ограниченный доступ к развлекательным площадкам.
Overlays/EntertainmentValue_20,Text,,У этого поселения ограниченный доступ к развлекательным площадкам.
Overlays/EntertainmentValue_30,Text,,У этого поселения есть некоторый доступ к развлекательным площадкам.
Overlays/EntertainmentValue_40,Text,,У этого поселения есть доступ к нескольким к развлекательным площадкам.
Overlays/EntertainmentValue_50,Text,,У этого поселения неплохой доступ к развлекательным площадкам.
Overlays/EntertainmentValue_60,Text,,У этого поселения хороший доступ к развлекательным площадкам.
Overlays/EntertainmentValue_70,Text,,У этого поселения очень хороший доступ к развлекательным площадкам.
Overlays/EntertainmentValue_80,Text,,У этого поселения великолепный доступ к развлекательным площадкам.
Overlays/EntertainmentValue_90,Text,,"У этого поселения есть доступ ко всем видам развлечения, что можно пожелать."
Overlays/FireRisk_0,Text,,Это здание практически не подвержено возгоранию.
Overlays/FireRisk_100,Text,,Это здание может загореться в любой момент!
Overlays/FireRisk_20,Text,,У этого здания ничтожный риск возгорания.
Overlays/FireRisk_40,Text,,У этого здания низкий риск возгорания.
Overlays/FireRisk_60,Text,,У этого здания есть риск возгорания.
Overlays/FireRisk_80,Text,,Это здание может возгореться.
Overlays/FoodAcess_High,Text,,"В этом доме нет проблем с поставками пищи, необходимой для выживания."
Overlays/FoodAcess_Low,Text,,В этом доме скоро съедят все съестные запасы.
Overlays/FoodAcess_Mid,Text,,В этом доме есть съестные припасы по крайней мере на месяц.
Overlays/FoodAcess_None,Text,,В этом доме нет съестных припасов.
Overlays/JugglerAccess_High,Text,,Мимо этого дома недавно проходил жонглёр. Доступ к жонглёрской площадке сохранится ещё надолго.
Overlays/JugglerAccess_Low,Text,,Этот дом давно не посещался жонглёром. Он скоро потеряет доступ к жонглёрским площадкам.
Overlays/JugglerAccess_Mid,Text,,У этого дома есть доступ к жонглёрам.
Overlays/JugglerAccess_None,Text,,У этого дома нет доступа к жонглёрам.
Overlays/LibraryAccess_High,Text,,Мимо этого дома недавно проходил библиотекарь. Доступ к библиотеке сохранится ещё надолго.
Overlays/LibraryAccess_Low,Text,,"Если в ближайшем времени рядом не пройдёт библиотекарь, этот дом потеряет доступ к библиотеке."
Overlays/LibraryAccess_Mid,Text,,У этого дома есть доступ к библиотеке.
Overlays/LibraryAccess_None,Text,,У этого дома нет доступа к библиотеке.
Overlays/MalariaRisk_0,Text,,В этом доме скоро вспыхнет малярия.
Overlays/MalariaRisk_20,Text,,У этого здания есть риск вспышки малярии.
Overlays/MalariaRisk_40,Text,,У этого здания есть некоторый риск вспышки малярии.
Overlays/MalariaRisk_60,Text,,У этого здания ничтожный риск вспышки малярии.
Overlays/MalariaRisk_80,Text,,Это здание практически не подвержено малярии.
Overlays/MortuaryAccess_High,Text,,Мимо этого дома недавно проходил бальзамировщик. Доступ к моргу сохранится ещё надолго.
Overlays/MortuaryAccess_Low,Text,,"Если в ближайшем времени рядом не пройдёт бальзамировщик, этот дом потеряет доступ к моргу."
Overlays/MortuaryAccess_Mid,Text,,У этого дома есть доступ к моргу.
Overlays/MortuaryAccess_None,Text,,У этого дома нет доступа к моргу.
Overlays/MusicianAccess_High,Text,,Мимо этого дома недавно проходил музыкант. Доступ к музыкальной площадке сохранится ещё надолго.
Overlays/MusicianAccess_Low,Text,,Этот дом давно не посещался музыкантом. Он скоро потеряет доступ к музыкальным площадкам.
Overlays/MusicianAccess_Mid,Text,,У этого дома есть доступ к музыкантам.
Overlays/MusicianAccess_None,Text,,У этого дома нет доступа к музыкальным площадкам.
Overlays/NoDancer,Text,,Нет танцовщицы.
Overlays/NoJuggler,Text,,Нет жонглёра.
Overlays/NoJugglerNoDancer,Text,,Нет жонглёра и танцовщицы.
Overlays/NoJugglerNoMusician,Text,,Нет жонглёра и музыканта.
Overlays/NoJugglerNoMusicianNoDancer,Text,,Нет артистов.
Overlays/NoMusician,Text,,Нет музыканта.
Overlays/NoMusicianNoDancer,Text,,Нет музыканта и танцовщицы.
Overlays/OverlayGeneral,Text,,Слой продвинутой помощи.
Overlays/PhysicianAccess_High,Text,,Мимо этого дома недавно проходил лекарь.
Overlays/PhysicianAccess_Low,Text,,Мимо этого дома давно не проходил лекарь.
Overlays/PhysicianAccess_Mid,Text,,Мимо этого дома когда-то проходил лекарь.
Overlays/PhysicianAccess_None,Text,,Нет доступа к лекарю.
Overlays/PoliceRisk_0,Text,,"Это очень законопослушный район, нет никаких сообщений о преступлениях."
Overlays/PoliceRisk_100,Text,,"Весь район — преступный притон! Преступления здесь на каждом шагу, всякое может случиться."
Overlays/PoliceRisk_20,Text,,Здесь иногда происходят случайные преступления.
Overlays/PoliceRisk_40,Text,,"Этот район достаточно спокойный, но некоторые жители жаловались на преступления."
Overlays/PoliceRisk_60,Text,,"Недавно здесь жаловались на несколько преступлений, но в целом этот район достаточно безопасен."
Overlays/PoliceRisk_80,Text,,"Это опасный район. Жители несчастны, по ночам страшно ходить по улице."
Overlays/Problem_Collapse,Text,,Риск обвала.
Overlays/Problem_Crime,Text,,Риск потенциальной преступности.
Overlays/Problem_Disease,Text,,Риск болезней.
Overlays/Problem_Fire,Text,,Риск возгорания.
Overlays/Problem_Malaria,Text,,Риск малярии.
Overlays/RawMaterial_None,Text,,Нехватка сырья.
Overlays/ReligionAccess_Five,Text,,У этого дома есть доступ к храмам всех богов.
Overlays/ReligionAccess_Four,Text,,У этого дома есть доступ к храмам четырёх богов.
Overlays/ReligionAccess_None,Text,,У этого дома нет доступа к храмам или святилищам.
Overlays/ReligionAccess_One,Text,,У этого дома есть доступ к храму только одного бога.
Overlays/ReligionAccess_Three,Text,,У этого дома есть доступ к храмам трёх богов.
Overlays/ReligionAccess_Two,Text,,У этого дома есть доступ к храмам двух богов.
Overlays/Resources_None,Text,,Нехватка ресурсов.
Overlays/ScribalSchoolAccess_High,Text,,Мимо этого дома недавно проходил учёный. Доступ к школе писцов сохранится ещё надолго.
Overlays/ScribalSchoolAccess_Low,Text,,"Если в ближайшем времени рядом не пройдёт учёный, этот дом потеряет доступ к школе писцов."
Overlays/ScribalSchoolAccess_Mid,Text,,У этого дома есть доступ к школе писцов.
Overlays/ScribalSchoolAccess_None,Text,,У этого дома нет доступа к школе писцов.
Overlays/SenetAccess_High,Text,,Мимо этого дома недавно проходил хозяин сенета. Доступ к дому сенета сохранится ещё надолго.
Overlays/SenetAccess_Low,Text,,Этот дом давно не посещался хозяином сенета. Он скоро потеряет доступ к дому сенета.
Overlays/SenetAccess_Mid,Text,,У этого дома есть доступ к дому сенета.
Overlays/SenetAccess_None,Text,,У этого дома нет доступа к дому сенета.
Overlays/TaxAccess_Zero,Text,,В этом году с этого дома пока не собрано никаких налогов.
Overlays/WaterAccess_None,Text,,У этого поселения нет доступа к питьевой воде.
Overlays/WaterAccess_Tile,Text,,На этой земле есть водоносный слой для колодцев и источников воды.
Overlays/WaterAccess_WaterSupply_High,Text,,Мимо этого дома недавно проходил водонос. Доступ к питьевой воде сохранится ещё надолго.
Overlays/WaterAccess_WaterSupply_Low,Text,,"Если в ближайшем времени рядом не пройдёт водонос, этот дом скоро исчерпает весь запас питьевой воды."
Overlays/WaterAccess_WaterSupply_Mid,Text,,В этом доме есть запасы питьевой воды.
Overlays/WaterAccess_WaterSupply_None,Text,,Этот дом не получает питьевую воду.
Overlays/WaterAccess_Well,Text,,У этого поселения есть доступ только к примитивным источникам воды.
Overlays/WorkforceAccess_1,Text,,У этого здания очень плохой доступ к рабочей силе.
Overlays/WorkforceAccess_20,Text,,У этого здания плохой доступ к рабочей силе.
Overlays/WorkforceAccess_40,Text,,У этого здания неважный доступ к рабочей силе.
Overlays/WorkforceAccess_60,Text,,У этого здания хороший доступ к рабочей силе.
Overlays/WorkforceAccess_80,Text,,У этого здания отличный доступ к рабочей силе.
Overlays/WorkforceAccess_None,Text,,У этого здания нет доступа к рабочей силе.
Overlays/ZooAccess_High,Text,,Мимо этого дома недавно проходил смотритель зоопарка. Доступ к зоопарку сохранится ещё надолго.
Overlays/ZooAccess_Low,Text,,Этот дом давно не посещался смотрителем зоопарка. Он скоро потеряет доступ к зоопарку.
Overlays/ZooAccess_Mid,Text,,У этого дома есть доступ к зоопарку.
Overlays/ZooAccess_None,Text,,У этого дома нет доступа к зоопарку.
Overseers/#AboveAverage,Text,,Выше среднего
Overseers/#Average,Text,,Средне
Overseers/#BelowAverage,Text,,Ниже среднего
Overseers/#BurialProvisions_Title,Text,,Погребальные принадлежности
Overseers/#Chief,Text,,Главный советник
Overseers/#Chief_CitySentiment,Text,,Настроения в городе
Overseers/#Chief_CitySentiment_0,Text,,Вас все ненавидят
Overseers/#Chief_CitySentiment_18,Text,,Люди злы на вас
Overseers/#Chief_CitySentiment_27,Text,,Люди очень сердиты на вас
Overseers/#Chief_CitySentiment_36,Text,,Люди сердиты на вас
Overseers/#Chief_CitySentiment_45,Text,,Люди недолюбливают вас
Overseers/#Chief_CitySentiment_54,Text,,Люди равнодушны к вам
Overseers/#Chief_CitySentiment_63,Text,,Люди довольны вами.
Overseers/#Chief_CitySentiment_72,Text,,Люди очень довольны вами.
Overseers/#Chief_CitySentiment_81,Text,,Люди очень рады вам.
Overseers/#Chief_CitySentiment_9,Text,,Люди очень злы на вас
Overseers/#Chief_CitySentiment_90,Text,,Люди обожают вас.
Overseers/#Chief_CitySentiment_99,Text,,Люди вас боготворят.
Overseers/#Chief_CitySentiment_Reason_Better,Text,,", но ситуация улучшается."
Overseers/#Chief_CitySentiment_Reason_Better_hover,Text,,"Плохие настроения в городе ведут к росту преступности, препятствуют прибытию
новых поселенцев в город и даже могут заставить жителей покинуть его. На
настроения в городе отрицательно влияют высокие налоги, низкие выплаты
рабочим, социальное неравенство, нехватка рабочих мест и пищи."
Overseers/#Chief_CitySentiment_Reason_Food,Text,,из-за нехватки пищи.
Overseers/#Chief_CitySentiment_Reason_Food_hover,Text,,"Плохие настроения в городе ведут к росту преступности, препятствуют прибытию
новых поселенцев в город и даже могут заставить жителей покинуть его.
Нехватка пищи может вызвать серьёзное недовольство, но на настроения в
городе также отрицательно влияют высокие налоги, низкие выплаты рабочим,
социальное неравенство и недостаток рабочих мест."
Overseers/#Chief_CitySentiment_Reason_Jobs,Text,,из-за нехватки рабочих мест.
Overseers/#Chief_CitySentiment_Reason_Jobs_hover,Text,,"Плохие настроения в городе ведут к росту преступности, препятствуют прибытию
новых поселенцев в город и даже могут заставить жителей покинуть его.
Недостаток рабочих мест вызывает крайнее недовольство среди людей, но на
настроения в городе также отрицательно влияют высокие налоги, низкие выплаты
рабочим, социальное неравенство и нехватка пищи."
Overseers/#Chief_CitySentiment_Reason_Slums,Text,,из-за трущоб повсюду.
Overseers/#Chief_CitySentiment_Reason_Slums_hover,Text,,"Плохие настроения в городе ведут к росту преступности, препятствуют прибытию
новых поселенцев в город и даже могут заставить жителей покинуть его. Больше
всего людей злит социальное неравенство, но на настроения в городе также
отрицательно влияют высокие налоги, низкие выплаты рабочим, нехватка рабочих
мест и пищи."
Overseers/#Chief_CitySentiment_Reason_Taxes,Text,,из-за высоких налогов.
Overseers/#Chief_CitySentiment_Reason_Taxes_hover,Text,,"Плохие настроения в городе ведут к росту преступности, препятствуют прибытию
новых поселенцев в город и даже могут заставить жителей покинуть его.
Высокие налоги очень беспокоят ваших людей, но на настроения в городе также
отрицательно влияют низкие выплаты рабочим, социальное неравенство, нехватка
рабочих мест и пищи."
Overseers/#Chief_CitySentiment_Reason_Wages,Text,,из-за низкого жалования.
Overseers/#Chief_CitySentiment_Reason_Wages_hover,Text,,"Плохие настроения в городе ведут к росту преступности, препятствуют прибытию
новых поселенцев в город и даже могут заставить жителей покинуть его. Низкие
выплаты рабочим (по сравнению с остальным Египтом) могу вызывать жалобы
среди жителей, но на настроения в городе также отрицательно влияют высокие
налоги, социальное неравенство, нехватка рабочих мест и пищи."
Overseers/#Chief_Crime,Text,,Преступность
Overseers/#Chief_Crime_0,Text,,Нет сообщений о кражах.
Overseers/#Chief_Crime_0_hover,Text,,"Кража может плохо сказаться на запасах городской казны и даже личных
сбережениях вашего рода! Предотвратить преступления помогает достаточное
количество судов и постов городской стражи, и стражники смогут обезвредить
любого встреченного вора. И конечно, лучшая профилактика преступности — это
счастливые граждане."
Overseers/#Chief_Crime_20,Text,,Очень мало краж.
Overseers/#Chief_Crime_40_hover,Text,,"Частые кражи могут истощить запасы городской казны и даже личные сбережения
вашего рода! Предотвратить преступления помогает достаточное количество
судов и постов городской стражи, и стражники смогут обезвредить любого
встреченного вора. И конечно, лучшая профилактика преступности — это
счастливые граждане."
Overseers/#Chief_Crime_60_hover,Text,,"Частые кражи могут опустошить запасы городской казны и даже личные
сбережения вашего рода! Предотвратить преступления помогает достаточное
количество судов и постов городской стражи, и стражники смогут обезвредить
любого встреченного вора. И конечно, лучшая профилактика преступности — это
счастливые граждане."
Overseers/#Chief_Crime_80_hover,Text,,"Такое безудержное воровство может быстро опустошить запасы городской казны и
даже личные сбережения вашего рода! Предотвратить преступления помогает
достаточное количество судов и постов городской стражи, и стражники смогут
обезвредить любого встреченного вора. И конечно, лучшая профилактика
преступности — это счастливые граждане."
Overseers/#Chief_Employment,Text,,Работа
Overseers/#Chief_Employment_Perfect,Text,,В городе нет проблем с работой.
Overseers/#Chief_Employment_Perfect_hover,Text,,"Высокий уровень безработицы может заставить даже счастливых жителей покинуть
город в поисках работы, тогда как недостаток рабочей силы приведёт к
сокращению производства товаров и предлагаемых услуг по всему городу."
Overseers/#Chief_Employment_Shortage_1,Text,,Городу не хватает {0} рабочих.
Overseers/#Chief_Employment_Shortage_150_hover,Text,,"Из-за такой серьёзной нехватки рабочей силы жителям города с трудом
исполняют свои обязанности. Остановите ненужные производства или привлеките
больше рабочих свободным жильём и высоким уровнем жизни."
Overseers/#Chief_Employment_Shortage_1_hover,Text,,"Нехватка рабочей силы приведёт к сокращению предлагаемых товаров и услуг во
всём городе. Повысьте эффективность города, остановите ненужные производства
или привлеките больше рабочих свободным жильём и высоким уровнем жизни."
Overseers/#Chief_Employment_Shortage_2_hover,Text,,"Из-за повсеместной нехватки рабочей силы жителям города с трудом исполняют
свои обязанности."
Overseers/#Chief_Employment_Shortage_300_hover,Text,,"Из-за такой серьёзной нехватки рабочей силы деятельность в городе сильно застопорится.
Остановите ненужные производства или привлеките больше рабочих
свободным жильём и высоким уровнем жизни."
Overseers/#Chief_Employment_Unemployment_10_hover,Text,,"Высокий уровень безработицы может вынудить ваших жителей отправиться напоиски работы в другие города.
Новые рабочие места можно создать с помощью дополнительных производств."
Overseers/#Chief_Employment_Unemployment_1_hover,Text,,"Это терпимый уровень безработицы, но если он вырастет, ваши жителиотправятся на поиски работы в другие города. Новые рабочие места можно создать с помощью дополнительных производств."
Overseers/#Chief_Employment_Unemployment_20_hover,Text,,"Высокий уровень безработицы вынудит ваших жителей отправиться на поиски
работы в другие города. Стройте больше производств, чтобы создать рабочие
места."
Overseers/#Chief_Employment_Unemployment_30_hover,Text,,"Высокий уровень безработицы вынудит ваших жителей отправиться на поиски
работы в другие города. Стройте больше производств, чтобы создать рабочие
места."
Overseers/#Chief_Finances,Text,,Финансы
Overseers/#Chief_Finances_EquivalentLastYear,Text,,"Как и в прошлом году, дела у нас идут хорошо."
Overseers/#Chief_Finances_LostMoney,Text,,Запасы казны в этом году упали на {0} дебенов.
Overseers/#Chief_Finances_LostMoney_hover,Text,,"Если вы продолжите терять деньги, придётся брать займы. Городская казна
может занять до {0} дебенов, но непогашенный долг может повлечь серьёзные
последствия. Лучшие способы повысить доходы города — это сбор налогов,
экспорт товаров и добыча золота."
Overseers/#Chief_Finances_LowTaxesCoverage_hover,Text,,"Вы теряете значительную сумму денег, потому что вашему городу не хватает
сборщиков налогов, обходящих улицы. Постройте больше контор сборщиков
налогов, особенно в кварталах с респектабельными домами, и проверьте через
слой налогов, что сборщики посетили все дома."
Overseers/#Chief_Finances_MadeMoney,Text,,Запасы казны в этом году выросли на {0} дебенов.
Overseers/#Chief_Finances_MadeMoney_hover,Text,,"Если у вас кончатся деньги, городская казна может занять до {0} дебенов.
Однако непогашенный долг может повлечь серьёзные последствия. Лучшие способы
повысить доходы города — это сбор налогов, экспорт товаров и добыча золота."
Overseers/#Chief_FoodProduction,Text,,Производство пищи
Overseers/#Chief_FoodProduction_Eat_time_1_5_hover,Text,,"Если жители будут недоедать, их здоровье ухудшится (либо они покинут город в
поисках лучшей доли). Чтобы прокормить столько людей, стройте больше ферм,
охотничьих хижин или скотоводческих ферм, либо увеличьте импорт продуктов
питания."
Overseers/#Chief_FoodProduction_Eat_time_1_hover,Text,,"Если жители будут недоедать, их здоровье ухудшится (либо они покинут город в
поисках лучшей доли). Чтобы прокормить столько людей, стройте больше ферм,
охотничьих хижин или скотоводческих ферм, либо увеличьте импорт продуктов
питания."
Overseers/#Chief_FoodProduction_Eat_time_2_hover,Text,,"Если жители будут недоедать, их здоровье ухудшится (либо они покинут город в
поисках лучшей доли). Чтобы прокормить столько людей, стройте больше ферм,
охотничьих хижин или скотоводческих ферм, либо увеличьте импорт продуктов
питания. Урожайность полей также  можно повысить с помощью орошения."
Overseers/#Chief_FoodProduction_Production_time_1,Text,,"Мы производим ровно столько, чтобы накормить всех."
Overseers/#Chief_FoodProduction_Production_time_1_5,Text,,"Мы производим чуть больше, чем съедаем."
Overseers/#Chief_FoodProduction_Production_time_1_5_hover,Text,,"Если жители будут и дальше так хорошо питаться, их здоровье не ухудшится (и
они не покинут город в поисках лучшей доли). У вас есть чуть больше ферм,
хижин охотника и скотоводческих ферм, чем нужно, чтобы прокормить столько
людей."
Overseers/#Chief_FoodProduction_Production_time_1_hover,Text,,"Если жители будут недоедать, их здоровье ухудшится (либо они покинут город в
поисках лучшей доли). Вам как раз хватает ферм охотничьих хижин,
скотоводческих ферм и импортированных продуктов питания, чтобы прокормить
столько людей."
Overseers/#Chief_FoodProduction_Production_time_2,Text,,"Мы производим куда больше, чем съедаем."
Overseers/#Chief_FoodProduction_Production_time_2_hover,Text,,"Если жители будут и дальше так хорошо питаться, их здоровье не ухудшится
(и они не покинут город в поисках лучшей доли). У вас есть гораздо больше ферм,
охотничьих хижин и скотоводческих ферм, чем нужно, чтобы прокормить столько
людей."
Overseers/#Chief_FoodStock,Text,,Запасы пищи
Overseers/#Chief_FoodStock_Supply4,Text,,Запас на {0} месяцев.
Overseers/#Chief_FoodStock_hover,Text,,"Если жители будут и дальше так хорошо питаться, их здоровье не ухудшится
(и они не покинут город в поисках лучшей доли). Проверьте, что люди едят
меньше, чем производится пищи, и что у вас достаточно амбаров для хранения
урожая."
Overseers/#Chief_Health,Text,,Здоровье
Overseers/#Chief_Health_0_hover,Text,,"Когда в городе столько людей имеет такие серьёзные проблемы со здоровьем,
всё население скоро выкосит эпидемия чумы. Стройте больше домов лекарей и
моргов для тех, у кого нет к ним доступа, а также удостоверьтесь, что жители
получают достаточное количество пищи."
Overseers/#Chief_Health_100,Text,,В городе идеальный уровень здравоохранения.
Overseers/#Chief_Health_100_hover,Text,,"Хорошее здоровье важно, чтобы в городе не бушевали малярия и другие болезни,
особенно чума. Если здоровье людей ухудшится, то эпидемия чумы может
выкосить всё население. Лекари и бальзамировщики, а также хороший запас
разнообразной пищи, помогают поддерживать хорошее здоровье населения."
Overseers/#Chief_Health_10_hover,Text,,"Когда в городе столько людей чувствует себя неважно, всё население может
поразить эпидемия чумы. Стройте больше домов лекарей и моргов для тех,
у кого нет к ним доступа, а также удостоверьтесь, что жители получают
достаточное количество пищи."
Overseers/#Chief_Health_20_hover,Text,,"Когда в городе столько людей с недомоганиями, аптекарям и лекарям сложно
уследить за всеми. Ваш город находится под угрозой эпидемии чумы, которая
наверняка выкосит всё население. Стройте больше домов лекарей и моргов для
тех, у кого нет к ним доступа, а также удостоверьтесь, что жители получают
достаточное количество пищи."
Overseers/#Chief_Health_30_hover,Text,,"Когда в городе столько людей с недомоганиями, аптекарям и лекарям сложно
уследить за всеми. Ваш город находится под угрозой эпидемии чумы, которая
может выкосить всё население. Стройте больше домов лекарей и моргов для тех,
у кого нет к ним доступа, а также удостоверьтесь, что жители получают
достаточное количество пищи."
Overseers/#Chief_Health_40_hover,Text,,"Если здоровье населения ухудшится, город может столкнуться с эпидемией чумы.
Стройте больше домов лекарей и моргов для тех несчастных, у кого нет к ним
доступа, а также удостоверьтесь, что жители получают достаточное количество
пищи."
Overseers/#Chief_Health_50,Text,,В городе средний уровень здравоохранения.
Overseers/#Chief_Health_50_hover,Text,,"Если здоровье населения ухудшится, город может пострадать от эпидемии чумы.
Стройте больше домов лекарей и моргов для тех несчастных, у кого нет к ним
доступа, а также удостоверьтесь, что жители получают достаточное количество
пищи."
Overseers/#Chief_Health_60,Text,,В городе хороший уровень здравоохранения.
Overseers/#Chief_Health_60_hover,Text,,"Хорошее здоровье важно, чтобы в городе не бушевали малярия и другие болезни,
особенно чума. Если здоровье людей ухудшится, то эпидемия чумы может
выкосить всё население. Лекари и бальзамировщики, а также хороший запас
разнообразной пищи, помогают поддерживать хорошее здоровье населения."
Overseers/#Chief_Health_70,Text,,В городе очень хороший уровень здравоохранения.
Overseers/#Chief_Health_70_hover,Text,,"Хорошее здоровье важно, чтобы в городе не бушевали малярия и другие болезни,
особенно чума. Если здоровье людей ухудшится, то эпидемия чумы может
выкосить всё население. Лекари и бальзамировщики, а также хороший запас
разнообразной пищи, помогают поддерживать хорошее здоровье населения."
Overseers/#Chief_Health_80,Text,,В городе прекрасный уровень здравоохранения.
Overseers/#Chief_Health_80_hover,Text,,"Хорошее здоровье важно, чтобы в городе не бушевали малярия и другие болезни,
особенно чума. Если здоровье людей ухудшится, то эпидемия чумы может
выкосить всё население. Лекари и бальзамировщики, а также хороший запас
разнообразной пищи, помогают поддерживать хорошее здоровье населения."
Overseers/#Chief_Health_90,Text,,В городе практически идеальный уровень здравоохранения.
Overseers/#Chief_Health_90_hover,Text,,"Хорошее здоровье важно, чтобы в городе не бушевали малярия и другие болезни,
особенно чума. Если здоровье людей ухудшится, то эпидемия чумы может
выкосить всё население. Лекари и бальзамировщики, а также хороший запас
разнообразной пищи, помогают поддерживать хорошее здоровье населения."
Overseers/#Chief_Kingdom,Text,,Царство
Overseers/#Chief_Kingdom_Request_0,Text,,Нет невыполненных запросов к нашему городу.
Overseers/#Chief_Kingdom_Request_1,Text,,Есть пара невыполненных запросов к нашему городу.
Overseers/#Chief_Kingdom_Request_2,Text,,У нас есть несколько невыполненных запросов к нашему городу.
Overseers/#Chief_Kingdom_Request_3,Text,,Есть много невыполненных запросов к нашему городу.
Overseers/#Chief_Kingdom_hover_1,Text,,"Невыполнение запросов от фараона или соседних городов может привести к
различным неприятным последствиям. Если вы не поможете другим городам Египта
в трудную минуту, они могут обнищать или попасть в руки наших врагов.
Своевременно откликайтесь на такие запросы, чтобы сохранить хорошие
отношения со своими соотечественниками."
Overseers/#Chief_Kingdom_hover_2,Text,,"Если вы не поможете другим городам Египта в трудную минуту, они могут
обнищать, попасть в руки наших врагов или столкнуться с иным трудностями.
А этом может плохо повлиять на торговлю, цены и даже на ваш статус в Царстве.
Своевременно откликайтесь на такие запросы, чтобы сохранить хорошие
отношения со своими соотечественниками."
Overseers/#Chief_Kingdom_hover_3,Text,,"Своевременно откликайтесь на запросы ваших соотечественников, чтобы
сохранить хорошие отношения с ними. Если вы не поможете другим городам
Египта в трудную минуту, они могут обнищать, попасть в руки наших врагов или
столкнуться с иным трудностями. А этом может плохо повлиять на торговлю,
цены и даже на ваш статус в Царстве."
Overseers/#Chief_Migration,Text,,Миграция
Overseers/#Chief_Migration_HighTaxes,Text,,Высокие налоги препятствуют притоку новых жителей.
Overseers/#Chief_Migration_HighTaxes_hover,Text,,"Пока в городе есть достаточно жилья, а население счастливо, сюда будут
переезжать люди. Снижение налогов привлечёт в город больше поселенцев."
Overseers/#Chief_Migration_Leave_HighTaxes,Text,,Несправедливые или завышенные налоги отпугивают новых поселенцев.
Overseers/#Chief_Migration_Leave_HighTaxes_hover,Text,,"Пока в городе есть достаточно жилья, а люди довольны вами, они останутся в
городе. Снижение налогов убедит жителей остаться."
Overseers/#Chief_Migration_Leave_LowWages,Text,,Низкое жалование заставляет людей покидать город.
Overseers/#Chief_Migration_Leave_LowWages_hover,Text,,"Пока в городе есть достаточно жилья, а люди довольны вами, они останутся в
городе. Увеличение жалования убедит жителей остаться."
Overseers/#Chief_Migration_Leave_NoFood,Text,,Люди уезжают из-за голода.
Overseers/#Chief_Migration_Leave_NoFood_hover,Text,,"Пока в городе есть достаточно жилья, а люди довольны вами, они останутся в
городе. При текущей численности населения вы должны производить больше еды,
чем сейчас, если хотите убедить жителей остаться."
Overseers/#Chief_Migration_Leave_PoorCitySentiment,Text,,Люди уезжают из-за плохих настроений в городе.
Overseers/#Chief_Migration_Leave_PoorCitySentiment_hover,Text,,"Пока вы устраиваете обитателей города и в нем есть достаточно жилья, сюда
будут переезжать люди (а ваши подданные не покинут его в поисках лучшей
доли). Улучшите настроения в городе, чтобы людям хотелось жить тут и дальше."
Overseers/#Chief_Migration_Leave_Slums,Text,,Городские трущобы побуждают людей покинуть город.
Overseers/#Chief_Migration_Leave_Slums_hover,Text,,"Когда разрыв между имущими и неимущими слишком велик, люди будут покидать
город в поисках лучшей доли. Обеспечьте бедные кварталы качественными
услугами, чтобы между богатыми и бедными не было значительной разницы."
Overseers/#Chief_Migration_Leave_Unemployment,Text,,Безработица заставляет людей покинуть город.
Overseers/#Chief_Migration_Leave_Unemployment_hover,Text,,"Пока в городе есть достаточно жилья, а люди довольны вами, они останутся в
городе. Строительство производств и создание новых рабочих мест убедят
жителей остаться."
Overseers/#Chief_Migration_LowWages,Text,,Низкое жалование препятствует притоку новых жителей.
Overseers/#Chief_Migration_LowWages_hover,Text,,"Пока в городе есть достаточно жилья, а население счастливо, сюда будут
переезжать люди. Поднятие жалования может привлечь в город больше поселенцев."
Overseers/#Chief_Migration_NoChange,Text,,Больших изменений не ожидается.
Overseers/#Chief_Migration_NoChange_hover,Text,,"Как правило, население должно расти, чтобы город развивался и процветал.
Новых поселенцев привлекает свободное жилье и хорошие настроения в городе."
Overseers/#Chief_Migration_NoFood,Text,,Отсутствие пищи препятствует притоку новых жителей.
Overseers/#Chief_Migration_NoFood_hover,Text,,"Пока в городе есть достаточно жилья, а население счастливо, сюда будут
переезжать люди. Обеспечение большим количеством пищи привлечёт в город
больше поселенцев."
Overseers/#Chief_Migration_NoJobs,Text,,Отсутствие рабочих мест препятствует притоку новых жителей.
Overseers/#Chief_Migration_NoJobs_hover,Text,,"Пока в городе есть достаточно жилья, а население счастливо, сюда будут
переезжать люди. Строительство производств и создание новых рабочих мест
привлекут в город больше поселенцев."
Overseers/#Chief_Migration_Normal,Text,,Люди приезжают в город.
Overseers/#Chief_Migration_Normal_hover,Text,,"Как правило, население должно расти, чтобы город развивался и процветал.
В городе есть свободное жильё и местные жители довольны жизнью в городе,
поэтому сюда стекаются новые поселенцы."
Overseers/#Chief_Migration_Nospace,Text,,Отсутствие жилья препятствует притоку новых жителей.
Overseers/#Chief_Migration_Nospace_hover,Text,,"Пока есть свободное жилье, а население счастливо, в ваш город будут
переезжать люди. Создайте больше площадей под жилье, чтобы город рос и
развивался."
Overseers/#Chief_Migration_PoorCitySentiment,Text,,Плохие настроения в городе препятствуют притоку новых жителей.
Overseers/#Chief_Migration_PoorCitySentiment_hover,Text,,"Пока в городе есть достаточно жилья, а население счастливо, сюда будут
переезжать люди. Улучшите настроения в городе, чтобы привлечь в город больше
поселенцев."
Overseers/#Chief_Migration_Slums,Text,,Городские трущобы отбивают у людей желание переезжать к нам
Overseers/#Chief_Migration_Slums_hover,Text,,"Когда разрыв между имущими и неимущими слишком велик, никто не захочет жить
в вашем городе. Обеспечьте бедные кварталы качественными услугами, чтобы
между богатыми и бедными не было значительной разницы."
Overseers/#Chief_Migration_UpcomingBattle,Text,,Война отпугивает желающих приехать!
Overseers/#Chief_Military,Text,,Военное дело
Overseers/#Chief_Military_AttackComing,Text,,Враги приближаются к городу.
Overseers/#Chief_Military_AttackComing_hover,Text,,"Вражеская армия движется к нашему городу! При штурме будет сложно или
невозможно возводить постройки, поэтому подготовьте оборону заранее: стройте
стены, башни, ворота и форты уже сейчас, пока ещё можно."
Overseers/#Chief_Military_AttackInProgress,Text,,Враги атакуют город.
Overseers/#Chief_Military_AttackInProgress_hover,Text,,"Лучше быть готовыми к атаке заранее, чем в последний момент собирать войско.
Будем надеяться, что нашей армии хватит, чтобы защитить город."
Overseers/#Chief_Military_AttackSoon,Text,,Вражеское войско у наших ворот.
Overseers/#Chief_Military_NoAttack,Text,,Нет сообщений об угрозах.
Overseers/#Chief_Military_NoAttack_hover,Text,,"Если на город пойдут враги, вы обязательно получите предупреждение."
Overseers/#Chief_Military_NoRequestForTroops,Text,,Никто не запрашивал военной помощи за пределами города.
Overseers/#Chief_Military_NoTroops,Text,,У вас нет отрядов.
Overseers/#Chief_Military_NoTroops_hover,Text,,В нашем распоряжении нет войск.
Overseers/#Chief_Military_RequestForTroops,Text,,Наши войска нужны за пределами города.
Overseers/#Chief_Military_RequestForTroops_hover,Text,,"Мы получили запрос о подкреплении от другого египетского военачальника.
Как правило, лучше относиться к таким запросом со всей серьёзностью, если вы
хотите поддерживать хорошие отношения с остальным Царством. Посетите
советника по политике и военного советника, чтобы отправить войска."
Overseers/#Chief_Military_Troops,Text,,"Воинов: {0}, отрядов: {1}."
Overseers/#Chief_Military_TroopsSent,Text,,Наши воины находятся за пределами города.
Overseers/#Chief_Military_TroopsSent_hover,Text,,"Часть вашей армии служит Египту в военных кампаниях в далёких землях.
Как правило, следует отправлять войска для поддержки Царства по первому
требованию, если вы хотите поддерживать хорошую репутацию в Египте."
Overseers/#Chief_Military_Troops_OneCompany,Text,,"Воинов: {0}, отрядов: 1."
Overseers/#Chief_Nilometer,Text,,Нилометр
Overseers/#Chief_Nilometer_August_1,Text,,Разлив ожидается в начале августа.
Overseers/#Chief_Nilometer_August_15,Text,,Разлив ожидается в конце августа.
Overseers/#Chief_Nilometer_July_1,Text,,Разлив ожидается в начале июля.
Overseers/#Chief_Nilometer_July_15,Text,,Разлив ожидается в конце июля.
Overseers/#Chief_Nilometer_June_1,Text,,Разлив ожидается в начале июня.
Overseers/#Chief_Nilometer_June_15,Text,,Разлив ожидается в конце июня.
Overseers/#Chief_Nilometer_NextFloodStatus_0,Text,,"Следующего разлива, скорее всего, не будет."
Overseers/#Chief_Nilometer_NextFloodStatus_0_hover,Text,,"Жрецы-толкователи Нилометра предупреждают, в этом году разлива может
не быть, и плодородный ил реки не удобрит поля. Если ваш город зависит
от урожаев с пойменных полей, это может поставить ваших жителей на грань
выживания. Поклонение Осирису, богу нильских разливов, поможет избежать
этого в следующем году."
Overseers/#Chief_Nilometer_NextFloodStatus_100,Text,,"Следующий разлив, скорее всего, будет идеальным."
Overseers/#Chief_Nilometer_NextFloodStatus_100_hover,Text,,"Если ваш город зависит от урожаев с пойменных полей, обильный ил реки,
который, как надеются жрецы, принесёт на поля идеальный разлив, является
неизмеримой щедростью, которую нельзя принимать как данность. Вознесите
молитвы Осирису, богу нильских разливов, чтобы он вновь одарил города таким
благословением."
Overseers/#Chief_Nilometer_NextFloodStatus_20,Text,,"Следующий разлив, скорее всего, будет слабым."
Overseers/#Chief_Nilometer_NextFloodStatus_20_hover,Text,,"Прорицатели сообщают, что разлив в этом году будет плохим. Они опасаются,
что на поля попадёт слишком мало плодородного ила реки. Если ваш город
зависит от урожаев с пойменных полей, это может поставить ваших жителей
на грань выживания. Умилостивите Осириса, бога нильских разливов, и может,
в следующем году это не повторится."
Overseers/#Chief_Nilometer_NextFloodStatus_40,Text,,"Следующий разлив, скорее всего, будет посредственным."
Overseers/#Chief_Nilometer_NextFloodStatus_40_hover,Text,,"Знаки сулят посредственный разлив в этом году. Если это так, Нил одарит поля
лишь частью своего плодородного ила. Если ваш город зависит от урожаев
с пойменных полей, это может поставить ваших жителей на грань выживания.
Удвойте молитвы Осирису, богу нильских разливов, и может, в следующем году
это не повторится."
Overseers/#Chief_Nilometer_NextFloodStatus_60,Text,,"Следующий разлив, скорее всего, будет хорошим."
Overseers/#Chief_Nilometer_NextFloodStatus_60_hover,Text,,"Если прорицатели правильно истолковали Нилометр, в этом году ожидается
хороший разлив, который принесёт плодородный ил на поля города. Убедитесь,
что Осириса, бога нильских разливов, достаточно почитают, иначе в следующем
году он может отказать в своей благосклонности."
Overseers/#Chief_Nilometer_NextFloodStatus_80,Text,,"Следующий разлив, скорее всего, будет великолепным."
Overseers/#Chief_Nilometer_NextFloodStatus_80_hover,Text,,"Если ваш город зависит от урожаев с пойменных полей, плодородный ил реки,
который, как надеются жрецы, принесёт на поля идеальный разлив, является
неизмеримой щедростью, которую нельзя принимать как данность. Сделайте так,
чтобы Осирис, бог нильских разливов, был счастлив, и в следующий раз он
снова одарит нас этим благословением."
Overseers/#Chief_Nilometer_September_1,Text,,Разлив ожидается в начале сентября.
Overseers/#Chief_Nilometer_September_15,Text,,Разлив ожидается в конце сентября.
Overseers/#Chief_Religion,Text,,Религия
Overseers/#Chief_Religion_Appeased,Text,,Все боги довольны.
Overseers/#Chief_Religion_Appeased_hover,Text,,"Если кто-то из богов разозлится, он может обречь ваш город на разорение."
Overseers/#Chief_Religion_Furious_hover,Text,,"Недовольные боги могут обречь ваш город на разорение.
Чтобы умилостивить их, стройте храмы и проводите праздники в их честь."
Overseers/#Chief_Religion_Furious_hover_2,Text,,"Разозлённый бог может обречь ваш город на разорение.
Чтобы умилостивить его, стройте храмы и проводите праздники в его честь."
Overseers/#Chief_Religion_Happy_1,Text,,"Все боги довольны, один особенно счастлив."
Overseers/#Chief_Religion_Happy_2,Text,,"Все боги довольны, два особенно счастливы."
Overseers/#Chief_Religion_Happy_3,Text,,"Все боги довольны, три особенно счастливы."
Overseers/#Chief_Religion_Happy_4_5,Text,,"Все боги довольны, несколько особенно счастливы."
Overseers/#Chief_Religion_Happy_hover,Text,,"Довольные боги могут даровать городу различные благословения. По мере роста
города заручитесь милостью богов, строя в их честь храмы и проводя праздники."
Overseers/#Chief_Title,Text,,Главный советник
Overseers/#Commerce,Text,,Торговый советник
Overseers/#Commerce_AvailableBoth,Text,,Доступно для импорта и экспорта
Overseers/#Commerce_AvailableForImport,Text,,Доступно для импорта
Overseers/#Commerce_ExportAsNeeded,Text,,Позволить советнику управлять экспортом
Overseers/#Commerce_ExportWhenOver,Text,,Экспорт сверх
Overseers/#Commerce_ExportingAsNeeded,Text,,Экспорт излишков
Overseers/#Commerce_ExportingWhenOver,Text,,Экспорт свыше
Overseers/#Commerce_ImportAsNeeded,Text,,Позволить советнику управлять импортом
Overseers/#Commerce_ImportToMaintain,Text,,Импортировать до
Overseers/#Commerce_ImportingAsNeeded,Text,,Импорт если нужно
Overseers/#Commerce_ImportingToMaintain,Text,,Импорт до
Overseers/#Commerce_NoTrade,Text,,Не торговать
Overseers/#Commerce_NotTradable,Text,,Для этих товаров нет открытых торговых путей
Overseers/#Commerce_OpenBoth,Text,,Открыть торговый путь для импорта/экспорта
Overseers/#Commerce_OpenToExport,Text,,Открыть торговый путь для экспорта
Overseers/#Commerce_OpenToImport,Text,,Открыть торговый путь для импорта
Overseers/#Commerce_Resource,Text,,Ресурс
Overseers/#Commerce_Status,Text,,Статус
Overseers/#Commerce_Stored,Text,,На складе
Overseers/#Commerce_Title,Text,,Торговый советник
Overseers/#Commerce_ToggleIndustry,Text,,Выключить производство
Overseers/#Company_Send_Confirm_Text,Text,,Отряд {[company_name]} отправлен в город {[city_name]}
Overseers/#Company_Send_Confirm_Title,Text,,Отправить отряд
Overseers/#Company_Tooltip_Cursed,Text,,Этот отряд проклят Сетом.
Overseers/#Company_Tooltip_No_Sent_Button,Text,,"Нет города, который нужно защищать."
Overseers/#Company_Tooltip_No_Soldier,Text,,В этом отряде нет воинов.
Overseers/#Company_Tooltip_Part1_Archer,Text,,Отряд лучников.
Overseers/#Company_Tooltip_Part1_Chariot,Text,,Отряд колесничих.
Overseers/#Company_Tooltip_Part1_Infantry,Text,,Отряд пехотинцев.
Overseers/#Company_Tooltip_Part1_Transport,Text,,Транспортный корабль. Нужен для переброски войск по воде к другому городу.
Overseers/#Company_Tooltip_Part1_Warship,Text,,Боевой корабль. Нужен для морских сражений.
Overseers/#Company_Tooltip_Part2_Experience_Level,Text,,Уровень {[experience_level]}
Overseers/#Company_Tooltip_Part2_No_Experience,Text,,Нет опыта в боях.
Overseers/#Company_Tooltip_Part3_Not_Upgraded,Text,,Этот отряд использует обычное оружие.
Overseers/#Company_Tooltip_Part3_Upgraded,Text,,Этот отряд использует {[weapon_sprite]}.
Overseers/#Company_Tooltip_Part4_Available,Text,,"Обучается, готов защищать город."
Overseers/#Company_Tooltip_Part4_Sent,Text,,Сражается в городу {[city_name]}
Overseers/#Company_Tooltip_Part5,Text,,"Щёлкните сюда, чтобы перейти к форту."
Overseers/#Company_Tooltip_Sent_Button,Text,,Отправить отряд для защиты далёкого города.
Overseers/#Company_Tooltip_Sent_Button_No_Ship,Text,,У города нет транспортных кораблей для переброски отрядов.
Overseers/#Company_tooltip_none,Text,,"Отряд не существует. Постройте форт, чтобы создать новый отряд."
Overseers/#Diversions,Text,,Советник по развлечениям
Overseers/#Diversions_CanEntertain,Text,,Вместимость зрителей
Overseers/#Diversions_CityCoverage,Text,,Покрытие города
Overseers/#Diversions_Dancer,Text,,Сцены танцовщиц
Overseers/#Diversions_DancerMissing,Text,,Вашим сценам нужно больше танцовщиц. Новая школа танцев поможет развить развлекательные программы в части города.
Overseers/#Diversions_Juggler,Text,,Сцены жонглёров
Overseers/#Diversions_JugglerMusicanMissing,Text,,"Часть помостов или музыкальных площадок пустуют. Больше жонглёров или музыкантов могут успокоить недовольства в районах, жалующихся на плохие развлечения."
Overseers/#Diversions_Musician,Text,,Сцены музыкантов
Overseers/#Diversions_NoEntertainmentNeeded,Text,,"Пока никто не жаждет развлечений. Но по мере роста города людям захочется увеселений, таких как выступления жонглёров, музыкантов и танцовщиц."
Overseers/#Diversions_NoMoreEntertainmentNeeded,Text,,"Пока что всех устраивает культурная жизнь, но по мере роста города люди захотят больше разнообразных развлечений."
Overseers/#Diversions_People,Text,,{0} человек
Overseers/#Diversions_Senet,Text,,Дома сенета
Overseers/#Diversions_Shows,Text,,Представления
Overseers/#Diversions_SomeEntertainmentNeeded,Text,,Некоторым жителям хочется больше мест для отдыха и развлечения. Более широкий выбор развлечений подтолкнёт их развивать свои дома.
Overseers/#Diversions_Title,Text,,Советник по развлечениям
Overseers/#Diversions_UnequalAccess,Text,,"Жители некоторых районов жалуются, что им совсем нечем заняться в свободное время. Постройка развлекательных площадок поможет развитию бедных кварталов."
Overseers/#Diversions_UnequalAccess_2,Text,,"Некоторые люди жалуются на скучные развлечения в своём районе. Возможно, вам нужно разнообразить увеселительные заведения или построить больше школ для артистов, чтобы на площадках было кому работать."
Overseers/#Diversions_WorkingStage,Text,,Работающие сцены
Overseers/#Diversions_Zoo,Text,,Зоопарки
Overseers/#Excellent,Text,,Превосходно
Overseers/#FestivalCommon,Text,,Обычный праздник
Overseers/#FestivalGrand,Text,,Великий праздник
Overseers/#FestivalLavish,Text,,Роскошный праздник
Overseers/#Festival_Preparing,Text,,На предстоящем празднике будет чествоваться {[god]}
Overseers/#Fort_Not_Built,Text,,"Форт
не построен"
Overseers/#Fort_Not_Built_Explained,Text,,"Постройте новый форт, чтобы создать новый отряд"
Overseers/#GiveToPeople,Text,,Отдать народу Египта
Overseers/#Good,Text,,Хорошо
Overseers/#Granaries,Text,,Советник по продовольствию
Overseers/#Granaries_Census,Text,,Перепись
Overseers/#Granaries_Census_desc,Text,,Возрастной состав населения (в годах)
Overseers/#Granaries_FoodProduction_EX1-5,Text,,"Мы съедаем больше, чем производим."
Overseers/#Granaries_FoodProduction_EX1-5_growth,Text,,Мы производим слишком мало еды. Нашему растущему городу потребуется ещё больше.
Overseers/#Granaries_FoodProduction_EX1-5_shrink,Text,,"Мы съедаем больше, чем производим, но уменьшающийся город будет есть меньше."
Overseers/#Granaries_FoodProduction_EX1_growth,Text,,"Мы съедаем чуть больше, чем производим. Нашему растущему городу понадобится ещё."
Overseers/#Granaries_FoodProduction_EX1_shrink,Text,,"Мы съедаем чуть больше, чем производим, скоро город может уменьшиться."
Overseers/#Granaries_FoodProduction_EX2,Text,,"Мы съедаем куда больше, чем производим!"
Overseers/#Granaries_FoodProduction_EX2_growth,Text,,Мы производим крайне мало еды. Нашему растущему городу потребуется ещё больше.
Overseers/#Granaries_FoodProduction_EX2_shrink,Text,,"Мы съедаем куда больше, чем производим, скоро город может уменьшиться."
Overseers/#Granaries_FoodProduction_Number,Text,,Мы производим или покупаем пищи на {0} человек.
Overseers/#Granaries_FoodProduction_PX1-5_growth,Text,,"У нас есть излишки пищи, и скоро они понадобятся нашему растущему городу."
Overseers/#Granaries_FoodProduction_PX1-5_shrink,Text,,Мы производим чуть больше пищи. Уменьшающийся город будет есть ещё меньше.
Overseers/#Granaries_FoodProduction_PX1_shrink,Text,,"Мы не производим больше пищи, а уменьшающийся город будет есть ещё меньше."
Overseers/#Granaries_FoodProduction_PX2_growth,Text,,"Мы производим очень много пищи, но нашему растущему городу потребуется ещё больше."
Overseers/#Granaries_FoodProduction_PX2_shrink,Text,,Мы производим очень много пищи. Уменьшающийся город будет есть ещё меньше.
Overseers/#Granaries_History,Text,,История
Overseers/#Granaries_History_desc,Text,,Динамика населения города
Overseers/#Granaries_Migration_HighTaxes,Text,,Высокие налоги отпугивают людей.
Overseers/#Granaries_Migration_LowWage,Text,,Низкое жалование снижает приток людей в наш город.
Overseers/#Granaries_Migration_NoSpace,Text,,Отсутствие жилья ограничивает приток новых жителей.
Overseers/#Granaries_Migration_None,Text,,Никто не хочет жить в нашем городе.
Overseers/#Granaries_Migration_Normal,Text,,В целом люди прибывают или хотят прибыть в наш город.
Overseers/#Granaries_Migration_Slums,Text,,"Плохие жилища, несмотря на богатство города, отпугивают новых переселенцев."
Overseers/#Granaries_Migration_Static,Text,,В целом численность населения держится на одном уровне.
Overseers/#Granaries_Newcomers,Text,,{[number]} поселенцев прибыло в этом месяце.[I2p_One]{[number]} поселенец прибыл в этом месяце.[I2p_Few]{[number]} поселенца прибыло в этом месяце.
Overseers/#Granaries_Society,Text,,Общество
Overseers/#Granaries_Society_desc,Text,,Состав населения по доходу
Overseers/#Granaries_Society_end,Text,,Жители имений
Overseers/#Granaries_Society_start,Text,,Жители лачуг
Overseers/#Granaries_Title,Text,,Советник по продовольствию
Overseers/#Learning,Text,,Советник по образованию
Overseers/#Learning_CanEducate,Text,,Могут обучить
Overseers/#Learning_CityCoverage,Text,,Покрытие города
Overseers/#Learning_Library,Text,,Библиотека
Overseers/#Learning_LibraryNeeded,Text,,"Некоторым районам города теперь требуется доступ к библиотекам. Людям нужно изучать литературу, чтобы работать писцами."
Overseers/#Learning_MoreFacilitiesNeeded,Text,,Лучший доступ к школам писцов и библиотекам может развить некоторые районы города. Люди не должны ходить так далеко ради учёбы!
Overseers/#Learning_MoreLibraryNeeded,Text,,Некоторым районам требуется улучшенный доступ к библиотекам. Богатым писцам не нравится так далеко ходить в библиотеку.
Overseers/#Learning_MoreSchoolNeeded,Text,,"Некоторым районам требуется улучшенный доступ к школам писцов. У некоторых домов нет доступа к школам, и это мешает им развиваться."
Overseers/#Learning_NoFacilitiesNeeded,Text,,"Пока никому не нужны образовательные учреждения. Но по мере роста города людям потребуются школы писцов, а потом и библиотеки."
Overseers/#Learning_NoLibraryNeeded_NoCompleteCoverage,Text,,"У всех домов есть доступ к образовательным учреждениям, но если построить больше библиотек, школы будут не так переполнены, и это улучшит культурный уровень в городе."
Overseers/#Learning_NoSchoolNeeded_NoCompleteCoverage,Text,,"У всех домов есть доступ к образовательным учреждениям, но если построить больше школ писцов, то в классах будет не так много учеников, и это улучшит культурный уровень в городе."
Overseers/#Learning_PerfectAccess,Text,,"У всех домов есть доступ к образовательным учреждениям. Школ писцов и библиотек достаточно, и никто не жалуется тесноту внутри них."
Overseers/#Learning_School,Text,,Школы писцов
Overseers/#Learning_SchoolNeeded,Text,,Некоторым районам города нужен доступ к школам писцов. Плохое образование препятствует развитию домов.
Overseers/#Learning_Title,Text,,Советник по образованию
Overseers/#Learning_Working,Text,,Работают
Overseers/#Military,Text,,Военный советник
Overseers/#Military_,Text,,Отправить
Overseers/#Military_EnemiesMoving,Text,,"Нам поступают донесения о врагах, идущих к городу."
Overseers/#Military_EnemyNear,Text,,Наши враги уже видны на горизонте.
Overseers/#Military_NoCompanies,Text,,"У вас нет отрядов. Сначала постройте форт, чтобы разместить в нём новый отряд."
Overseers/#Military_NoShips,Text,,"У вас нет военных кораблей. Сначала постройте причал, чтобы разместить военный корабль."
Overseers/#Military_NoThreat,Text,,Донесений об угрозах городу не поступало.
Overseers/#Military_TabArmy,Text,,Статус армии
Overseers/#Military_TabNavy,Text,,Статус флота
Overseers/#Military_Title,Text,,Военный советник
Overseers/#Military_TroopsNeeded,Text,,Часть нашего войска нужна за пределами города.
Overseers/#Military_TroopsNotNeeded,Text,,Никто не запрашивал военной помощи за пределами города.
Overseers/#Monuments,Text,,Советник по монументам
Overseers/#Monuments_AbuSimbel_Completed,Text,,Абу-Симбел готов!
Overseers/#Monuments_AbuSimbel_Completion,Text,,Абу-Симбел готов на {0}%.
Overseers/#Monuments_AbuSimbel_NotStarted,Text,,"Работа над Абу-Симбелом ещё не началась. Вам нужны плотники, каменотёсы и запасы древесины для начала строительства."
Overseers/#Monuments_BentPyramid_Completed,Text,,Эта ломаная пирамида готова!
Overseers/#Monuments_BentPyramid_CompletedNoBurialGoods,Text,,Эта ломаная пирамида готова. Теперь в ней будут вечно покоиться священные останки.
Overseers/#Monuments_BentPyramid_Completion,Text,,Эта ломаная пирамида готова на {0}%.
Overseers/#Monuments_BentPyramid_NotStarted,Text,,Работа над этой ломаной пирамидой ещё не началась. Вам нужны чернорабочие для подготовки и запасы камня и известняка для завершения строительства.
Overseers/#Monuments_BrickPyramid_Completed,Text,,Эта кирпичная пирамида готова!
Overseers/#Monuments_BrickPyramid_CompletedNoBurialGoods,Text,,Эта пирамида готова. Теперь в ней будут вечно покоиться священные останки.
Overseers/#Monuments_BrickPyramid_Completion,Text,,Эта кирпичная пирамида готова на {0}%.
Overseers/#Monuments_BrickPyramid_NotStarted,Text,,Работа над этой кирпичной пирамидой ещё не началась. Вам нужны чернорабочие для подготовки и запасы кирпича и известняка для завершения строительства.
Overseers/#Monuments_BurialAmount,Text,,Отправляемое количество
Overseers/#Monuments_BurialGoodsDelivered_hover,Text,,Погребальные принадлежности были уже отправлены.
Overseers/#Monuments_BurialGoods_Dispatched,Text,,доставлено
Overseers/#Monuments_BurialGoods_hover,Text,,"Щёлкните, чтобы отправить погребальные принадлежности"
Overseers/#Monuments_BurialProvisionsNeeded,Text,,Требуются погребальные принадлежности для завершения монумента:
Overseers/#Monuments_Caesareum_Completed,Text,,Цезариум готов!
Overseers/#Monuments_Caesareum_Completion,Text,,Цезариум готов на {0}%.
Overseers/#Monuments_Caesareum_NotStarted,Text,,Работа над Цезариумом ещё не началась. Вам нужны чернорабочие для подготовки и запасы мрамора и гранита для завершения строительства.
Overseers/#Monuments_DispatchBurial_Button,Text,,Отправить погребальные принадлежности
Overseers/#Monuments_GrandBurialTomb_Completed,Text,,Великая царская гробница готова!
Overseers/#Monuments_GrandBurialTomb_Completion,Text,,Великая царская гробница готова на {0}%.
Overseers/#Monuments_GrandBurialTomb_NotStarted,Text,,"Работа над великой гробницей ещё не началась. Вам нужны каменотёсы, художники, глина, краска и лампы для начала строительства."
Overseers/#Monuments_InStorage,Text,,на складе
Overseers/#Monuments_LargeBurialTomb_Completed,Text,,Большая царская гробница готова!
Overseers/#Monuments_LargeBurialTomb_Completion,Text,,Большая царская гробница готова на {0}%.
Overseers/#Monuments_LargeBurialTomb_NotStarted,Text,,"Работа над большой гробницей ещё не началась. Вам нужны каменотёсы, художники, глина, краска и лампы для начала строительства."
Overseers/#Monuments_Library_Completed,Text,,Александрийская библиотека готова!
Overseers/#Monuments_Library_Completion,Text,,Александрийская библиотека готова на {0}%.
Overseers/#Monuments_Library_NotStarted,Text,,Работа над Александрийской библиотекой ещё не началась. Вам нужны чернорабочие для подготовки и запасы мрамора и меди для завершения строительства.
Overseers/#Monuments_Mastaba_Completed,Text,,Мастаба готова!
Overseers/#Monuments_Mastaba_CompletedNoBurialGoods,Text,,Мастаба готова. Теперь в ней будут вечно покоиться священные останки.
Overseers/#Monuments_Mastaba_Completion,Text,,Эта мастаба готова на {0}%.
Overseers/#Monuments_Mastaba_NotStarted,Text,,Работа над этой мастабой ещё не началась. Вам нужны чернорабочие для подготовки и запасы кирпича для завершения строительства.
Overseers/#Monuments_Mausoleum_Completed,Text,,Этот мавзолей готов!
Overseers/#Monuments_Mausoleum_CompletedNoBurialGoods,Text,,Мавзолей готов. Теперь в нем будут вечно покоиться священные останки.
Overseers/#Monuments_Mausoleum_Completion,Text,,Этот мавзолей готов на {0}%.
Overseers/#Monuments_MediumBurialTomb_Completed,Text,,Средняя царская гробница готова!
Overseers/#Monuments_MediumBurialTomb_Completion,Text,,Средняя царская гробница готова на {0}%.
Overseers/#Monuments_MediumBurialTomb_NotStarted,Text,,"Работа над средней гробницей ещё не началась. Вам нужны каменотёсы, художники, глина, краска и лампы для начала строительства."
Overseers/#Monuments_MonumentRating,Text,,Рейтинг монументов
Overseers/#Monuments_NoBurialNeeded,Text,,Погребальных принадлежностей не требуется.
Overseers/#Monuments_Obelisk_Completed,Text,,Этот обелиск готов!
Overseers/#Monuments_Obelisk_Completion,Text,,Этот обелиск готов на {0}%.
Overseers/#Monuments_Pharos_Completed,Text,,Фаросский маяк готов!
Overseers/#Monuments_Pharos_Completion,Text,,Фаросский маяк готов на {0}%.
Overseers/#Monuments_Pharos_NotStarted,Text,,Работа над Фаросским маяком ещё не началась. Вам нужны чернорабочие для подготовки и запасы мрамора для завершения строительства.
Overseers/#Monuments_Pyramid_Completed,Text,,Эта пирамида готова!
Overseers/#Monuments_Pyramid_CompletedNoBurialGoods,Text,,Эта пирамида готова. Теперь в ней будут вечно покоиться священные останки.
Overseers/#Monuments_Pyramid_Completion,Text,,Эта пирамида готова на {0}%.
Overseers/#Monuments_Pyramid_NotStarted,Text,,Работа над этой пирамидой ещё не началась. Вам нужны чернорабочие для подготовки и запасы камня и известняка для завершения строительства.
Overseers/#Monuments_SmallBurialTomb_Completed,Text,,Малая царская гробница готова!
Overseers/#Monuments_SmallBurialTomb_Completion,Text,,Малая царская гробница готова на {0}%.
Overseers/#Monuments_SmallBurialTomb_NotStarted,Text,,"Работа над малой гробницей ещё не началась. Вам нужны каменотёсы, художники, глина, краска и лампы для начала строительства."
Overseers/#Monuments_Sphinx_Completed,Text,,Этот сфинкс готов!
Overseers/#Monuments_Sphinx_Completion,Text,,Этот сфинкс готов на {0}%.
Overseers/#Monuments_Sphinx_NotStarted,Text,,"Работа над этим сфинксом ещё не началась. Вам нужны плотники, каменотёсы и древесина для начала строительства."
Overseers/#Monuments_SteppedPyramid_Completed,Text,,Эта ступенчатая пирамида готова!
Overseers/#Monuments_SteppedPyramid_CompletedNoBurialGoods,Text,,Эта ступенчатая пирамида готова. Теперь в ней будут вечно покоиться священные останки.
Overseers/#Monuments_SteppedPyramid_Completion,Text,,Эта ступенчатая пирамида готова на {0}%.
Overseers/#Monuments_SteppedPyramid_NotStarted,Text,,Работа над этой ступенчатой пирамидой ещё не началась. Вам нужны чернорабочие для подготовки и запасы камня для завершения строительства.
Overseers/#Monuments_SunTemple_Completed,Text,,Этот храм солнца готов!
Overseers/#Monuments_SunTemple_Completion,Text,,Этот храм солнца готов на {0}%.
Overseers/#Monuments_Title,Text,,Советник по монументам
Overseers/#Monuments_VisitConstructionSite_Button_1,Text,,Для подробных сведений посетите строительную площадку.
Overseers/#Monuments_VisitConstructionSite_Button_2,Text,,Щёлкните для посещения строительной площадки.
Overseers/#None,Text,,Нет
Overseers/#Overseers,Text,,Советники
Overseers/#Perfect,Text,,Идеально
Overseers/#Politics,Text,,Советник по политике
Overseers/#Politics_CantGift,Text,,"У вас недостаточно сбережений, чтобы сделать подарок Египту. Попробуйте назначить себе более высокое жалование!"
Overseers/#Politics_Choose_Send_Company,Text,,Выберите отряды для отправки по этому запросу
Overseers/#Politics_Choose_Troop_Request,Text,,"Выберите, куда отправить отряд"
Overseers/#Politics_CurrentRequests,Text,,Текущие запросы
Overseers/#Politics_DebenPerMonth,Text,,"<sprite name=""Deben"">в месяц"
Overseers/#Politics_DispatchGiftGenerous,Text,,Отправить щедрый подарок
Overseers/#Politics_DispatchGiftLavish,Text,,Отправить роскошный подарок
Overseers/#Politics_DispatchGiftModest,Text,,Отправить скромный подарок
Overseers/#Politics_GeneralRequest,Text,,Общий запрос
Overseers/#Politics_GiftGenerous,Text,,Щедрый:
Overseers/#Politics_GiftLavish,Text,,Роскошный:
Overseers/#Politics_GiftModest,Text,,Скромный:
Overseers/#Politics_GiftName01,Text,,Вавилонская табличка
Overseers/#Politics_GiftName02,Text,,Персидские ковры
Overseers/#Politics_GiftName03,Text,,Древние статуэтки
Overseers/#Politics_GiftName04,Text,,Слоновая кость
Overseers/#Politics_GiftName05,Text,,Труппа артистов
Overseers/#Politics_GiftName06,Text,,Арабские скакуны
Overseers/#Politics_GiftName07,Text,,Дрессированная обезьяна
Overseers/#Politics_GiftName08,Text,,Ливийские наёмники
Overseers/#Politics_GiftName09,Text,,Гепарды и жирафы
Overseers/#Politics_GiftName10,Text,,Сундук с сапфирами
Overseers/#Politics_GiftName11,Text,,Золотая колесница
Overseers/#Politics_GiftName12,Text,,Корабль из ливанского кедра
Overseers/#Politics_GiftTimeSince,Text,,С последнего подарка
Overseers/#Politics_Gift_Title,Text,,Отдать деньги городу
Overseers/#Politics_GiveMoney_All,Text,,Всё
Overseers/#Politics_GiveMoney_Donation,Text,,Пожертвование
Overseers/#Politics_GiveMoney_Launch,Text,,Отдать деньги
Overseers/#Politics_GiveToCity,Text,,Отдать городу
Overseers/#Politics_HighSalary,Text,,"Внимание! Если будете платить себе выше положенного вам статуса, это ни на кого не произведёт хорошего впечатления."
Overseers/#Politics_InTreasury,Text,,"{0}<sprite name=""Deben""> в городской казне"
Overseers/#Politics_InWharehouses,Text,,{0} на складе
Overseers/#Politics_KingdomRating,Text,,Рейтинг Царства
Overseers/#Politics_KingdomRating_0,Text,,"Люди считают, что ваши останки следует бросить на растерзание шакалам."
Overseers/#Politics_KingdomRating_10,Text,,"Люди считают, что от вашего вида возникает малярия."
Overseers/#Politics_KingdomRating_100,Text,,Народ Египта мечтает вечно служить вам на полях Иалу.
Overseers/#Politics_KingdomRating_15,Text,,"Аптекари сходятся во мнении, что ваше имя горше любых лекарственных трав."
Overseers/#Politics_KingdomRating_20,Text,,Вашим именем матери пугают своих малышей.
Overseers/#Politics_KingdomRating_25,Text,,Ваше имя не упоминается в приличном обществе.
Overseers/#Politics_KingdomRating_30,Text,,"От вас отвернулся ваш собственный род, вашей репутации некуда падать."
Overseers/#Politics_KingdomRating_35,Text,,Ваше имя вызывает смех в Двух землях.
Overseers/#Politics_KingdomRating_40,Text,,"Важным людям известны ваше имя и история, хотя они склонны вас принижать."
Overseers/#Politics_KingdomRating_45,Text,,"Немногие в Царстве знают о ваших деяниях, а те, кто знают, не особо впечатлены."
Overseers/#Politics_KingdomRating_5,Text,,Ваше имя часто используется жонглёрами в своих комедийных номерах.
Overseers/#Politics_KingdomRating_50,Text,,"Люди из числа тех, кому известно ваше имя, не имеют о вас особого мнения."
Overseers/#Politics_KingdomRating_55,Text,,"Ваши скудные достижения не снискали вам большой славы, но знающие о вас люди, как правило, хорошего о вас мнения."
Overseers/#Politics_KingdomRating_60,Text,,"Люди, мнение которых имеет значение, знают вашу историю и в целом одобряют то, что вы сделали."
Overseers/#Politics_KingdomRating_65,Text,,Ваше имя знают и уважают в Двух землях.
Overseers/#Politics_KingdomRating_70,Text,,"У вас хорошая репутация, и к вам часто обращаются давно потерянные родственники."
Overseers/#Politics_KingdomRating_75,Text,,"Одно упоминание вашего имени облегчает сердца тех, кто его слышит."
Overseers/#Politics_KingdomRating_80,Text,,Матери по всему Царству называют вашим именем своих детей.
Overseers/#Politics_KingdomRating_85,Text,,Многие города Египта планируют провести праздники в вашу честь.
Overseers/#Politics_KingdomRating_90,Text,,Самый популярный танец во всём Египте пересказывает в движениях историю вашей жизни.
Overseers/#Politics_KingdomRating_95,Text,,"Музыканты сочиняют о вас песни, а ваше имя увенчивает все общественные постройки."
Overseers/#Politics_LostDebens,Text,,"<sprite name=""Deben""> украдено в этом году."
Overseers/#Politics_NoRequest,Text,,В данный момент нет невыполненных запросов.
Overseers/#Politics_PharaonicRequest,Text,,Запрос фараона
Overseers/#Politics_RequestTiming,Text,,{0} мес. на выполнение
Overseers/#Politics_SalaryChancellor,Text,,Жалование казначея
Overseers/#Politics_SalaryGreatPharaoh,Text,,Жалование фараона
Overseers/#Politics_SalaryNomarch,Text,,Жалование номарха
Overseers/#Politics_SalaryRoyalGovernor,Text,,Жалование царского наместника
Overseers/#Politics_SalaryRoyalJudge,Text,,Жалование царского судьи
Overseers/#Politics_SalaryRoyalMayor,Text,,Жалование царского градоначальника
Overseers/#Politics_SalaryRoyalScholar,Text,,Жалование царского учёного
Overseers/#Politics_SalaryRoyalScribe,Text,,Жалование царского писца
Overseers/#Politics_SalaryVillageElder,Text,,Жалование старейшины
Overseers/#Politics_SalaryVillageNoble,Text,,Жалование вельможи
Overseers/#Politics_SalaryVizier,Text,,Жалование визиря
Overseers/#Politics_Savings,Text,,Накопления
Overseers/#Politics_SendGift,Text,,Отправить подарок
Overseers/#Politics_Send_Company_Button,Text,,Отправить войска
Overseers/#Politics_Title,Text,,"Ваш советник по политике, {0}"
Overseers/#Politics_Title_Tooltip,Text,,Советник по политике
Overseers/#Polititcs_MissionAlreadyWon,Text,,"Дворец больше не выплачивает вам жалование, поскольку вы продолжаете править по своей доброй воле."
Overseers/#Polititcs_NoMansion,Text,,"Постройте особняк, чтобы получать личное жалование."
Overseers/#Poor,Text,,Мало
Overseers/#PublicHealth,Text,,Советник по здравоохранению
Overseers/#PublicHealth_Apothecaries,Text,,"{[number]} аптекарей трудятся, защищая город от малярии.[i2p_Zero]Нет аптекарей, способных защитить город от малярии.[I2p_One]{[number]} аптекарь трудится, защищая город от малярии.[I2p_Few]{[number]} аптекаря трудятся, защищая город от малярии."
Overseers/#PublicHealth_ApothecariesNeeded,Text,,Для некоторых районов требуется доступ к аптекам.
Overseers/#PublicHealth_CareFor,Text,,Обслуживается
Overseers/#PublicHealth_CityCoverage,Text,,Покрытие города
Overseers/#PublicHealth_Dentists,Text,,Дантисты
Overseers/#PublicHealth_DentistsNeeded,Text,,Некоторым благополучным районам город необходим доступ к дантистам. Наличие дантиста улучшит статус района.
Overseers/#PublicHealth_Desc_0,Text,,В городе кошмарный уровень здравоохранения! В таких кошмарных условиях скоро разразится чума.
Overseers/#PublicHealth_Desc_10,Text,,В городе ужасный уровень здравоохранения! Болезни практически неизбежны.
Overseers/#PublicHealth_Desc_100,Text,,В городе идеальный уровень здравоохранения. Ваши медицинские работники целыми днями играют в сенет.
Overseers/#PublicHealth_Desc_20,Text,,"В городе плохой уровень здравоохранения. Ситуацию можно улучшить, если появится больше медицинских работников."
Overseers/#PublicHealth_Desc_30,Text,,В городе низки уровень здравоохранения. Ситуацию можно улучшить хорошими запасами еды и постройкой медицинских учреждений.
Overseers/#PublicHealth_Desc_40,Text,,"В городе неважный уровень здравоохранения. Убедитесь, что у жителей достаточно пищи и есть доступ к медицинским работникам."
Overseers/#PublicHealth_Desc_50,Text,,"В городе средний уровень здравоохранения. Заразные болезни под контролем, а людям хватает пищи."
Overseers/#PublicHealth_Desc_60,Text,,В городе хороший уровень здравоохранения. Жители подвержены только лёгким болезням.
Overseers/#PublicHealth_Desc_70,Text,,В городе очень хороший уровень здравоохранения. Местные медицинские работники успевают со всем справляться.
Overseers/#PublicHealth_Desc_80,Text,,В городе прекрасный уровень здравоохранения. В медицинских учреждениях нет очередей.
Overseers/#PublicHealth_Desc_90,Text,,В городе практически идеальный уровень здравоохранения. У медицинских учреждений практически нет больных.
Overseers/#PublicHealth_MoreDentistsNeeded,Text,,"Всё большему числу районов необходим доступ к дантистам. Город богатеет, всё больше его жителей могут себе позволить новые зубы из слоновой кости."
Overseers/#PublicHealth_MoreMortuariesNeeded,Text,,"Жителям требуется больше моргов, чтобы должным образом подготовить усопших к загробной жизни."
Overseers/#PublicHealth_MorePhysiciansNeeded,Text,,Некоторым районам города нужно больше лекарей.
Overseers/#PublicHealth_Mortuaries,Text,,Морги
Overseers/#PublicHealth_MortuariesNeeded,Text,,Развитие некоторых кварталов сдерживается недостаточным предоставлением услуг моргов.
Overseers/#PublicHealth_NoFacilitiesNeeded,Text,,"Пока никому не нужны медицинские учреждения. Но по мере роста города людям потребуется услуги лекарей, а потом и дантистов и других заведений для заботы о здоровье!"
Overseers/#PublicHealth_Outbreaks_0,Text,,Нет
Overseers/#PublicHealth_Outbreaks_1,Text,,Пара
Overseers/#PublicHealth_Outbreaks_2,Text,,Немного
Overseers/#PublicHealth_Outbreaks_3,Text,,Несколько
Overseers/#PublicHealth_Outbreaks_4,Text,,Много
Overseers/#PublicHealth_Outbreaks_phrase,Text,,вспышек в этом месяце.
Overseers/#PublicHealth_Patients,Text,,{0} пациентов
Overseers/#PublicHealth_Physicians,Text,,Лекари
Overseers/#PublicHealth_PhysiciansNeeded,Text,,Некоторым районам города нужен доступ к лекарям.
Overseers/#PublicHealth_Title,Text,,Советник по здравоохранению
Overseers/#PublicHealth_Working,Text,,Работают
Overseers/#Ratings,Text,,Советник по рейтингу
Overseers/#Ratings_Culture,Text,,Культура
Overseers/#Ratings_Culture_100,Text,,Это самый культурный город во всём Египте!
Overseers/#Ratings_Culture_DancersNeeded,Text,,"В городе слишком мало танцовщиц. Добавьте больше площадок для них, чтобы улучшить рейтинг."
Overseers/#Ratings_Culture_DentistsNeeded,Text,,"У некоторых домов нет доступа к услугам дантиста. Решите эту проблему, чтобы улучшить рейтинг."
Overseers/#Ratings_Culture_JugglersNeeded,Text,,"В городе слишком мало жонглёров. Добавьте больше площадок для них, чтобы улучшить рейтинг."
Overseers/#Ratings_Culture_LibrariesNeeded,Text,,"В городе работает слишком мало библиотек. По возможности постройте больше, чтобы улучшить этот рейтинг."
Overseers/#Ratings_Culture_MortuariesNeeded,Text,,"У некоторых домов нет доступа к услугам морга. Решите эту проблему, чтобы улучшить рейтинг."
Overseers/#Ratings_Culture_MusiciansNeeded,Text,,"В городе слишком мало музыкантов. Добавьте больше площадок для них, чтобы улучшить рейтинг."
Overseers/#Ratings_Culture_PhysiciansNeeded,Text,,"У некоторых домов нет доступа к услугам лекаря. Решите эту проблему, чтобы улучшить рейтинг."
Overseers/#Ratings_Culture_ReligionNeeded,Text,,"В городе слишком мало мест для поклонения богам. По возможности постройте больше, чтобы улучшить этот рейтинг."
Overseers/#Ratings_Culture_SchoolNeeded,Text,,"В городе работает слишком мало школ писцов. По возможности постройте больше, чтобы улучшить этот рейтинг."
Overseers/#Ratings_Culture_SenetHousesNeeded,Text,,"В городе работает слишком мало домов сенета. По возможности постройте больше, чтобы улучшить этот рейтинг."
Overseers/#Ratings_Culture_ZoosNeeded,Text,,"В городе работает слишком мало зоопарков. По возможности постройте больше, чтобы улучшить этот рейтинг."
Overseers/#Ratings_Culture_hover,Text,,"Щёлкните здесь, чтобы получить совет о рейтинге культуры."
Overseers/#Ratings_HouseNeededTooltip,Text,,Требуется домов
Overseers/#Ratings_Kingdom,Text,,Царство
Overseers/#Ratings_Kingdom_CanceledRequest,Text,,Ваша реакция на определённые события сильно повредила вашей репутации в Царстве и снизила рейтинг.
Overseers/#Ratings_Kingdom_DownFromLastYear,Text,,"Рейтинг Царства снизился по сравнению с прошлым годом. Заплатите годовую дань, сократите себе жалование и вовремя выполняйте запросы от фараона или других городов."
Overseers/#Ratings_Kingdom_HighSalary,Text,,"Ваше жалование слишком высоко для вашего положения. Рейтинг в Царстве вырастет, если вы сократите своё жалование."
Overseers/#Ratings_Kingdom_HighSalary2,Text,,Ваше жалование слишком высоко для вашего положения. Вам следует его сократить.
Overseers/#Ratings_Kingdom_HighSalary3,Text,,"Никому не нравится то, как вы нагло назначили себе жалование, не соответствующее вашему положению."
Overseers/#Ratings_Kingdom_NoChange,Text,,"Рейтинг Царства такой же, как и в прошлом году. Можете приказать советнику по политике сделать подарок для Египта, и тогда рейтинг поднимется."
Overseers/#Ratings_Kingdom_NoTribute1st,Text,,"Вы не смогли выплатить дань в этом году, и это снизило рейтинг Царства. Оставьте на конец года в казне определённую сумму, чтобы иметь возможность произвести выплату."
Overseers/#Ratings_Kingdom_NoTribute2nd,Text,,"Вы второй год подряд не выплачиваете дань, и это плохо отражается на рейтинге Царства."
Overseers/#Ratings_Kingdom_NoTribute3rd,Text,,Ваша продолжающаяся неспособность выплачивать годовую дань плохо сказывается на вашей репутации в Царстве и снижает этот рейтинг.
Overseers/#Ratings_Kingdom_RecentChanges,Text,,Ваш ответ на определённые события несколько повредил вашей репутации в Царстве.
Overseers/#Ratings_Kingdom_UnmeetObjectives,Text,,Из-за слишком медленного выполнения намеченных целей ваш рейтинг царства снизился.
Overseers/#Ratings_Kingdom_UpFromLastYear,Text,,"Рейтинг Царства выше, чем в прошлом году. Можете приказать советнику по политике сделать подарок для Египта, чтобы повысить рейтинг ещё выше."
Overseers/#Ratings_Kingdom_VeryHighSalary,Text,,"Непомерно высокое жалование, которое вы себе назначили, указывает на ваше полное нежелание что-либо ради Царства и снижает этот рейтинг."
Overseers/#Ratings_Kingdom_VeryHighSalary2,Text,,"Высокое жалование, которое вы себе назначили, не соответствует вашему положения и снижает рейтинг Царства."
Overseers/#Ratings_Kingdom_hover,Text,,"Щёлкните здесь, чтобы получить совет о рейтинге Царства."
Overseers/#Ratings_Monument,Text,,Монументы
Overseers/#Ratings_Monument_Lower_Than_Needed,Text,,"Не забудьте приказать советнику по монументов отправить необходимые погребальные принадлежности. Также вы можете посетить площадки строящихся монументов, чтобы узнать подробности о ходе строительства."
Overseers/#Ratings_Monument_hover,Text,,"Щёлкните здесь, чтобы получить совет о рейтинге монументов."
Overseers/#Ratings_NoHouseTarget,Text,,Нет условий по постройкам
Overseers/#Ratings_NoPopulationTarget,Text,,Нет условий по населению
Overseers/#Ratings_Population,Text,,Население
Overseers/#Ratings_PopulationNeeded,Text,,Население: {0}/{1}
Overseers/#Ratings_PopulationNeededTooltip,Text,,Требуется населения
Overseers/#Ratings_Prosperity,Text,,Благополучие
Overseers/#Ratings_Prosperity_100,Text,,Невероятное благополучие этого города на слуху у всего Египта!
Overseers/#Ratings_Prosperity_HighUnemployment,Text,,Высокий уровень безработицы в вашем городе препятствует росту рейтинга благополучия.
Overseers/#Ratings_Prosperity_LaborShortages,Text,,Недостаток рабочей силы снижает благополучие.
Overseers/#Ratings_Prosperity_LowLevelHouses,Text,,"Общее качество жилья в вашем городе препятствует росту данного рейтинга. Улучшите жилье, чтобы рейтинг вырос."
Overseers/#Ratings_Prosperity_LowWages,Text,,"Вы платите жалование ниже минимума, что вредит образу процветающего города."
Overseers/#Ratings_Prosperity_NegativeIncome,Text,,"В прошлом году ваш город потерял деньги, и это снизило уровень его благополучия."
Overseers/#Ratings_Prosperity_NoTribute,Text,,Ваш город признан несостоятельным из-за вашей неспособности выплатить годовую дань.
Overseers/#Ratings_Prosperity_Slums,Text,,"В городе слишком много людей живёт в трущобах, поэтому он выглядит бедным."
Overseers/#Ratings_Prosperity_hover,Text,,"Щёлкните здесь, чтобы получить совет о рейтинге благополучия."
Overseers/#Ratings_ScoreNeeded,Text,,Нужно {0}
Overseers/#Ratings_Title,Text,,Советник по рейтингу
Overseers/#Sparse,Text,,Редко
Overseers/#Temples,Text,,Советник по храмам
Overseers/#Temples_Appeasement,Text,,Умиротворение
Overseers/#Temples_Displeased_Bast,Text,,"Когда добрая Баст расстраивается, людям грозит опасность даже в их собственных домах. Скорее задобрите богиню или готовьтесь к чуме и разрушениям!"
Overseers/#Temples_Displeased_Osiris,Text,,Недовольство Осириса очень опасно. Он может уничтожить посевы и опустошить ваши амбары или даже отменить разлив.
Overseers/#Temples_Displeased_Ptah,Text,,"Птах, от чьей милости зависит всё производство, недоволен. Верните его расположение или готовьтесь к падению промышленности и потере товаров."
Overseers/#Temples_Displeased_Ra,Text,,"Если вы рассердите отца фараона, могущественного Ра, его недовольство передастся соседним городам. Ярость Ра способна разрушить гармонию внутри Царства."
Overseers/#Temples_Displeased_Seth,Text,,"Самые храбрейшие воины дрожат от гнева Сета. Скорее восстановите доброе имя своего города в его глазах или увидите, как разозлённый бог сметает ваши отряды!"
Overseers/#Temples_FestivalButton,Text,,Устроить новый праздник
Overseers/#Temples_FestivalInfo,Text,,Информация о празднике
Overseers/#Temples_LastFestival_0,Text,,Самые отъявленные гуляки ещё не выспались после последнего праздника.
Overseers/#Temples_LastFestival_12,Text,,"Люди не могут вспомнить, когда в городе последний раз проводился праздник."
Overseers/#Temples_LastFestival_24,Text,,"Жители ворчат, что в городе практически не проводятся праздники."
Overseers/#Temples_LastFestival_3,Text,,Люди до сих пор с улыбками вспоминают последний праздник.
Overseers/#Temples_LastFestival_48,Text,,"Ваши люди не могут вынести мысли, что ещё один год пройдёт без праздников."
Overseers/#Temples_LastFestival_6,Text,,"Люди уже забывают, когда в последний раз прошёл праздник."
Overseers/#Temples_LastFestival_96,Text,,"Подавленные жители сомневаются, что доживут до следующего праздника."
Overseers/#Temples_MonthsSinceFestival,Text,,месяцев с праздника
Overseers/#Temples_Mood_Amiable,Text,,Добродушность
Overseers/#Temples_Mood_Angry,Text,,Злость
Overseers/#Temples_Mood_Apathetic,Text,,Апатия
Overseers/#Temples_Mood_Approving,Text,,Одобрение
Overseers/#Temples_Mood_Benevolent,Text,,Великодушие
Overseers/#Temples_Mood_Congenial,Text,,Дружелюбие
Overseers/#Temples_Mood_Displeased,Text,,Недовольство
Overseers/#Temples_Mood_Enraged,Text,,Ярость
Overseers/#Temples_Mood_Furious,Text,,Гнев
Overseers/#Temples_Mood_Resentful,Text,,Обида
Overseers/#Temples_Mood_Sympathetic,Text,,Благосклонность
Overseers/#Temples_NoFestivalYet,Text,,Ваши люди ещё не проводили ни одного праздника.
Overseers/#Temples_NoFestivalYet_Comment,Text,,Людям ещё предстоит стать свидетелями величественного праздника в честь божества.
Overseers/#Temples_NoTempleNeeded,Text,,"Пока что люди заняты налаживанием элементарных условий для жизни, чтобы задумываться о религии. Но по мере роста города жителям захочется иметь свободный доступ к храмам разных богов."
Overseers/#Temples_NoTemples,Text,,Жители начинают ощущать потребности духовного характера. Отсутствие поблизости мест для поклонения богам не даёт городу развиваться.
Overseers/#Temples_NoTemplesBadMood,Text,,"Всё больше людей боится, что отсутствие мест для поклонения может серьёзно разозлить богов."
Overseers/#Temples_OrderFestival,Text,,Организовать праздник
Overseers/#Temples_PatronGod,Text,,Бог-покровитель
Overseers/#Temples_PerfectCoverage,Text,,"Каждый человек имеет возможность проводить обряды согласно своим верованиям, а жрецы сообщают, что боги довольны тем, как их почитают в городе."
Overseers/#Temples_SecondTempleNeeded,Text,,Более образованные жители хотят иметь возможность поклоняться другим богам. Малое религиозное разнообразие препятствует развитию определённых районов города.
Overseers/#Temples_Shrines,Text,,Святилища
Overseers/#Temples_ThirdTempleNeeded,Text,,"Взыскательные жители утверждают, что в их кварталах начнут селиться писцы, если у них будет доступ к святилищам третьего бога."
Overseers/#Temples_Title,Text,,Советник по храмам
Overseers/#Treasury,Text,,Советник по казне
Overseers/#Treasury_Balance,Text,,Баланс
Overseers/#Treasury_CityDebt,Text,,"Долг города: {0}<sprite name=""Deben"">"
Overseers/#Treasury_CityTreasure,Text,,"Запасы городской казны: {0}<sprite name=""Deben"">"
Overseers/#Treasury_Construction,Text,,Строительство
Overseers/#Treasury_CoverageTitle,Text,,Покрытие
Overseers/#Treasury_CurrentTitle,Text,,Текущая казна
Overseers/#Treasury_ExportsEarn,Text,,Прибыль от экспорта
Overseers/#Treasury_Gifts,Text,,Подарки
Overseers/#Treasury_ImportsCost,Text,,Цена импорта
Overseers/#Treasury_LastYear,Text,,Прошлый год
Overseers/#Treasury_MinedGold,Text,,Добытое золото
Overseers/#Treasury_Net,Text,,Выручка/затраты
Overseers/#Treasury_PersonalSalary,Text,,Личное жалование
Overseers/#Treasury_ProjectdPayroll,Text,,"Ожидаемая выплата рабочим в этом году: {0}<sprite name=""Deben"">"
Overseers/#Treasury_TaxRate,Text,,Налоги в размере
Overseers/#Treasury_TaxUncollected,Text,,"{0}<sprite name=""Deben""> не собрано в этом году"
Overseers/#Treasury_TaxYield,Text,,"по расчётам приносят {0}<sprite name=""Deben"">"
Overseers/#Treasury_TaxedPopulation,Text,,{0}% населения должно платить налоги
Overseers/#Treasury_TaxesIn,Text,,Собрано налогов
Overseers/#Treasury_Theft,Text,,Воровство
Overseers/#Treasury_Title,Text,,Советник по казне
Overseers/#Treasury_Total Expenses,Text,,Общие расходы
Overseers/#Treasury_TotalIncome,Text,,Общий доход
Overseers/#Treasury_UncollectedTitle,Text,,Несобранные налоги
Overseers/#Treasury_WageKingdom,Text,,Государство выплачивает {0}
Overseers/#Treasury_Wages,Text,,Жалование людей
Overseers/#VeryGood,Text,,Очень хорошо
Overseers/#VeryPoor,Text,,Очень мало
Overseers/#Workers,Text,,Советник по рабочей силе
Overseers/#Workers_ActualWorkers,Text,,Имеется
Overseers/#Workers_Education,Text,,Образование
Overseers/#Workers_EmployedWorkforce,Text,,Трудоустроенные: {0}
Overseers/#Workers_Entertainment,Text,,Развлечения
Overseers/#Workers_Food,Text,,Производство и распределение пищи
Overseers/#Workers_Government,Text,,Власть
Overseers/#Workers_Health,Text,,Здоровье и гигиена
Overseers/#Workers_Industry,Text,,Производство и торговля
Overseers/#Workers_Infrastructure,Text,,Инфраструктура
Overseers/#Workers_Military,Text,,Военное дело
Overseers/#Workers_Priority,Text,,Приоритет
Overseers/#Workers_Religion,Text,,Религия
Overseers/#Workers_Sector,Text,,Отрасль
Overseers/#Workers_Title,Text,,Советник по рабочей силе
Overseers/#Workers_UnemployedWorkforce,Text,,Безработные: {0} ({1}%)
Overseers/#Workers_WorkersNeeded,Text,,Требуется
Religion/#Bast,Text,,Баст
Religion/#Bast_flavor,Text,,Богиня домашнего очага
Religion/#Blessing_Major_Bast_FullHouses,Text,,Баст вознаграждает дома и базары города обильной пищей и товарами в награду за веру и почитание!
Religion/#Blessing_Major_Bast_Title,Text,,Благословение Баст
Religion/#Blessing_Major_Osiris_DoubleHarvest,Text,,"Осирис, бог нильских разливов, благословляет город за искреннюю преданность. Все фермы в пойменной долине соберут в этом сезоне вдвое больше урожая, чем ожидалось!"
Religion/#Blessing_Major_Osiris_PerfectFlood,Text,,"Осирис вознаграждает почитающих его. Следующий разлив будет гораздо лучше, чем мы предполагали."
Religion/#Blessing_Major_Osiris_Title,Text,,Благословение Осириса
Religion/#Blessing_Major_Osiris_Title_var,Text,,Осирис благословляет вас
Religion/#Blessing_Major_Ptah_Storage,Text,,"Птах нашёл склад, где много свободного места, и пополнил на нем запасы самоцветов, глины, керамики, льна, ткани или украшений."
Religion/#Blessing_Major_Ptah_StorageFail,Text,,"Птах искал склад, где было бы место для самоцветов, глины, керамики, льна, тканей или украшений. Если бы ему попался такой, он бы пополнил запасы вашего города."
Religion/#Blessing_Major_Ptah_Title,Text,,Благословение Птаха
Religion/#Blessing_Major_Ra_Kingdom,Text,,"Вы хорошо почитали Ра, и ваша репутация в Царстве стала выше!"
Religion/#Blessing_Major_Ra_Title,Text,,Благословение Ра
Religion/#Blessing_Major_Ra_Trade,Text,,Ра вознаграждает верных ему! Следующие 12 месяцев ваш город может продавать товары другим городам за цену в полтора раза выше обычной.
Religion/#Blessing_Major_Seth_Kill,Text,,"Сета радуют ваш страх и покорность, и он уничтожит некоторых из следующих врагов, что осмелятся напасть на ваш город."
Religion/#Blessing_Major_Seth_Kill_Event,Text,,Дух Сета
Religion/#Blessing_Major_Seth_Kill_Event_Cont,Text,,"Сет помнит о своём обещании защитить вас и с радостью уничтожает глупцов, которые вздумали угрожать вашему городу! Теперь враги меньше числом."
Religion/#Blessing_Major_Seth_Title,Text,,Благословение Сета
Religion/#Blessing_Minor_Bast_Festival,Text,,"Баст довольна тем, что ей поклоняются в вашем городе. Она устроила праздник, чтобы все боги узнали о вашем почтении."
Religion/#Blessing_Minor_Bast_Title,Text,,Малое благословение Баст
Religion/#Blessing_Minor_Osiris_BetterFlood,Text,,"Осирис заметил истовую преданность вашего города. Следующий разлив Нила будет лучше, чем ожидалось."
Religion/#Blessing_Minor_Osiris_Title,Text,,Малое благословение Осириса
Religion/#Blessing_Minor_Ptah_Stock,Text,,"Птах доволен вашим вниманием и пополнил запасы сырья для верфей, ткацких или ювелирных мастерских в городе."
Religion/#Blessing_Minor_Ptah_Title,Text,,Малое благословение Птаха
Religion/#Blessing_Minor_Ra_Kingdom,Text,,"Воодушевлённый вашей истовой верой, Ра улучшает вашу репутацию в Царстве."
Religion/#Blessing_Minor_Ra_Title,Text,,Малое благословение Ра
Religion/#Blessing_Minor_Ra_Trade,Text,,"Ра заметил ваше почтение, и под его влиянием торговые партнёры будут торговать с вами ещё больше."
Religion/#Blessing_Minor_Seth_Protect,Text,,"В награду за поклонение Сет клянётся защитить всех ваших воинов, отправленных сражаться в далёкие земли."
Religion/#Blessing_Minor_Seth_Title,Text,,Малое благословение Сета
Religion/#Festival_God_Choice,Text,,Выберите бога для почитания:
Religion/#Festival_Grand_In_1,Text,,Подготовка великого праздника почти завершена. Через месяц все будут распивать свежее пиво.
Religion/#Festival_Grand_In_10,Text,,"Организаторы работают без устали, чтобы через десять месяцев состоялся новый великий праздник."
Religion/#Festival_Grand_In_11,Text,,"Ответственные за подготовку уверены, что смогут провести великий праздник через одиннадцать месяцев."
Religion/#Festival_Grand_In_12,Text,,"Организаторы настолько завалены работой, что заказанный вами великий праздник можно провести только через год."
Religion/#Festival_Grand_In_2,Text,,До великого праздника осталось два месяца. Люди сгорают от нетерпения!
Religion/#Festival_Grand_In_3,Text,,"Подготовка великого праздника продолжается. У людей осталось три месяца, чтобы решить, что они будут делать."
Religion/#Festival_Grand_In_4,Text,,"Подготовка великого праздника идёт полным ходом. Но никому не хочется ждать четыре месяца, которые требуются организаторам!"
Religion/#Festival_Grand_In_5,Text,,"Организаторы приступят к работе в следующем месяце, а значит, через пять месяцев состоится великий праздник."
Religion/#Festival_Grand_In_6,Text,,"Жонглёры готовят новые трюки для великого праздника, до которого осталось всего шесть месяцев."
Religion/#Festival_Grand_In_7,Text,,"Музыканты пишут новые песни для великого праздника, до которого осталось семь месяцев."
Religion/#Festival_Grand_In_8,Text,,"Танцовщицы уже репетируют новые смелые выступления для великого праздника, который пройдёт через восемь месяцев."
Religion/#Festival_Grand_In_9,Text,,"Организаторы собрали достаточно идей и сил, чтобы через девять месяцев провести великий праздник."
Religion/#Festival_Lavish_In_1,Text,,Роскошный праздник почти готов. Люди с нетерпением ждут торжеств в следующем месяце!
Religion/#Festival_Lavish_In_10,Text,,"Поскольку на работу над роскошным праздником пока нет времени, его проведение назначено только через десять месяцев."
Religion/#Festival_Lavish_In_11,Text,,"Организаторы настолько заняты, что взяли одиннадцать месяцев на подготовку роскошного праздника."
Religion/#Festival_Lavish_In_2,Text,,"Подготовка роскошного праздника идёт полным ходом, и у нас осталось всего два месяца, чтобы все успеть."
Religion/#Festival_Lavish_In_3,Text,,"Подготовка роскошного праздника продолжается. Через три месяца у нас пройдёт торжество, которое запомнится надолго."
Religion/#Festival_Lavish_In_4,Text,,"Ответственные за подготовку вошли в рабочую колею, и роскошный праздник точно состоится через четыре месяца."
Religion/#Festival_Lavish_In_5,Text,,"Артисты репетируют свои выступления для роскошного праздника, который состоится через пять месяцев."
Religion/#Festival_Lavish_In_6,Text,,"Ответственные за подготовку подтверждают, что роскошный праздник состоится через шесть месяцев."
Religion/#Festival_Lavish_In_7,Text,,"Организаторы обсуждают предложения жителей касательно роскошного праздника, который состоится через семь месяцев."
Religion/#Festival_Lavish_In_8,Text,,"Некоторые артисты работают над новыми выступлениями для роскошного праздника, который пройдёт через восемь месяцев."
Religion/#Festival_Lavish_In_9,Text,,"Осталось ещё подготовить так много, что роскошный праздник можно провести только через девять месяцев."
Religion/#Festival_Preparation_1,Text,,"На подготовку к празднику требуется столько времени и сил, что приказ о начале работ стоит отдать уже сейчас."
Religion/#Festival_Preparation_2,Text,,"С последнего праздника как раз прошло достаточно времени, чтобы начать подготовку следующего."
Religion/#Festival_Since_1,Text,,С последнего праздника прошло уже несколько месяцев. Самое время провести новый.
Religion/#Festival_Since_2,Text,,Праздники не проводились уже довольно долгое время. Люди начинают жаловаться.
Religion/#Festival_Since_3,Text,,С последнего праздника прошло уже больше года. Людям скучно и они измотаны бесконечной работой.
Religion/#Festival_Since_4,Text,,С последнего праздника прошло уже почти два года. Людям срочно нужно отдохнуть и развеяться.
Religion/#Festival_Since_5,Text,,В городе уже больше двух лет не проводятся праздники! Люди начинают терять надежду.
Religion/#Festival_Since_6,Text,,"Люди с ностальгией вспоминают «былые времена», когда праздники разбавляли монотонность бытия."
Religion/#Festival_Small_In_1,Text,,"Всё почти готово к обычному празднику. Люди кругом обсуждают, как отдохнут в следующем месяце."
Religion/#Festival_Small_In_10,Text,,Ещё один? Организаторам потребуется десять месяцев на подготовку обычного праздника.
Religion/#Festival_Small_In_2,Text,,Подготовка обычного праздника идёт полным ходом. Всего два месяца — и тогда все смогут отдохнуть.
Religion/#Festival_Small_In_3,Text,,"Подготовка к празднику, который пройдёт через три месяца, начнётся в следующем месяце."
Religion/#Festival_Small_In_4,Text,,"Организаторы утверждают планы на праздник, который состоится через четыре месяца."
Religion/#Festival_Small_In_5,Text,,Обычный праздник пройдёт через пять месяцев. Организаторы рассматривают поступившие предложения.
Religion/#Festival_Small_In_6,Text,,"Ответственные за проведение уверены, что через шесть месяцев будут полностью готовы к обычному празднику."
Religion/#Festival_Small_In_7,Text,,"Задёрганные организаторы обещают, что обычный праздник пройдёт через семь месяцев."
Religion/#Festival_Small_In_8,Text,,Обычный праздник можно провести только через восемь месяцев. Подготовка только-только началась.
Religion/#Festival_Small_In_9,Text,,"Организаторы праздника настолько завалены работой, что обычный праздник, который вы заказали, состоится через девять месяцев."
Religion/#Festival_Soon,Text,,"Праздник настолько поднял всем настроение, что стоит скоро провести ещё один."
Religion/#Festival_Start_Grand_Content,Text,,"Долгожданный двухдневный праздник наконец-то начинается! Все собираются на праздничной площади, чтобы выпить бесплатного пива и поглазеть на выступления. Бог, которому возносят честь на этом празднике, несомненно улыбается вам."
Religion/#Festival_Start_Grand_Title,Text,,Великий праздник
Religion/#Festival_Start_Lavish_Content,Text,,"Начинается праздник, который продлится весь день. Люди со всего города собираются на праздничной площади в хорошем настроении. Избранный вами бог ценит ваше усердие."
Religion/#Festival_Start_Lavish_Title,Text,,Роскошный праздник
Religion/#Festival_Start_Small_Content,Text,,"Всем по нраву закончить работу пораньше и немного отдохнуть на праздничной площади, и избранный вами бог заметит ваш добрый жест."
Religion/#Festival_Start_Small_Title,Text,,Обычный праздник
Religion/#Festival_Type_Choice,Text,,Выберите тип праздника:
Religion/#Festival_Wonderful,Text,,Праздник был просто великолепный! Народные гуляния такого размаха организовать непросто.
Religion/#New_Festival,Text,,Устроить праздник
Religion/#Osiris,Text,,Осирис
Religion/#Osiris_flavor,Text,,Бог земледелия и нильских разливов
Religion/#Ptah,Text,,Птах
Religion/#Ptah_flavor,Text,,Бог ремесленников
Religion/#Ra,Text,,Ра
Religion/#Ra_flavor,Text,,Бог Царства
Religion/#Seth,Text,,Сет
Religion/#Seth_flavor,Text,,Бог разрушения
Religion/#Wrath_Major_Bast_Fire,Text,,"Ужасные вести! Ваш город оказывал Баст слишком мало почестей, и богиня домашнего очага уничтожила часть лучших домов!"
Religion/#Wrath_Major_Bast_Title,Text,,Гнев Баст
Religion/#Wrath_Major_Osiris_DestroyFarm,Text,,"Повелитель Нила накажет город за недостаточное поклонение, и разлив в следующем году уничтожит все фермы на своём пути!"
Religion/#Wrath_Major_Osiris_NoFlood,Text,,"Ужасная весть! Из-за того, что город оказывал слишком мало почестей, Осирис, бог плодородия, полностью отменил разлив в этом году!"
Religion/#Wrath_Major_Osiris_Title,Text,,Гнев Осириса
Religion/#Wrath_Major_Ptah_Storage,Text,,"Оскорбленный вашим безразличием, Птах уничтожил один из складов вместе со всем содержимым."
Religion/#Wrath_Major_Ptah_StorageFail,Text,,"Ваш город избежал гнева Птаха только благодаря тому, что в нём не было складов, которые хотел сжечь бог. Но не злите бога ремесленников, ибо он не забывает обид, а ярость способна принять разные формы."
Religion/#Wrath_Major_Ptah_Title,Text,,Гнев Птаха
Religion/#Wrath_Major_Ra_Kingdom,Text,,"Ра покарал вас за наглость и значительно ухудшил репутацию в Царстве. Вы оскорбили бога, и теперь другие египтяне от вас отвернутся."
Religion/#Wrath_Major_Ra_Title,Text,,Гнев Ра
Religion/#Wrath_Major_Seth_Navy,Text,,Из-за вашего безразличия Сет уничтожил все ваши корабли!
Religion/#Wrath_Major_Seth_NavyFail,Text,,"Ваш город избежал гнева Сета только благодаря тому, что в нём не было военных подразделений, которые хотел уничтожить бог. Но не злите бога разрушений, ибо он не забывает обид, а ярость способна принять разные формы."
Religion/#Wrath_Major_Seth_Title,Text,,Гнев Сета
Religion/#Wrath_Minor_Bast_FullHouses,Text,,"Богиня Баст, уязвлённая вашим равнодушием, насылает на город чуму. Помните, что именно Баст дарует здоровье и счастье."
Religion/#Wrath_Minor_Bast_Title,Text,,Баст недовольна
Religion/#Wrath_Minor_Osiris_Title,Text,,Осирис недоволен
Religion/#Wrath_Minor_Osiris_WorstFlood,Text,,"Осирис напоминает, что требует почтения. Следующий разлив будет хуже, чем ожидалось."
Religion/#Wrath_Minor_Ptah_Industry,Text,,"Птаха оскорбила ваша горделивая уверенность в том, что город сможет процветать и без его восхваления. В назидание он уничтожил некоторые из ваших производственных зданий."
Religion/#Wrath_Minor_Ptah_IndustryFail,Text,,"Вы вызвали гнев Птаха! Сейчас в вашем городе нет производств, которые он мог бы покарать, но следите за тем, чтобы не прогневить Птаха, когда начнёте добывать ресурсы и производить товары."
Religion/#Wrath_Minor_Ptah_Title,Text,,Птах недоволен
Religion/#Wrath_Minor_Ra_Kingdom,Text,,"Разозлённый вашим неуважением, Ра понижает вашу репутацию в глазах всего Царства."
Religion/#Wrath_Minor_Ra_Title,Text,,Ра недоволен
Religion/#Wrath_Minor_Ra_Trade,Text,,"Как вы отвернулись от Ра, так и ваши торговые партнёры отвернутся от вас. Они решили сократить количество товаров для сделок с вами."
Religion/#Wrath_Minor_Ra_Trade_var,Text,,"Вы вызвали гнев Ра! Он ухудшил мнение египтян о товарах из вашего города, и теперь с вами будут торговать гораздо меньше, чем раньше."
Religion/#Wrath_Minor_Seth_Fort,Text,,"В напоминание о том, что он защищает лишь тех, кто возносит ему положенные почести, Сет уничтожает форт вместе с вашим лучшим отрядом."
Religion/#Wrath_Minor_Seth_FortFail,Text,,"Ваш город избежал гнева Сета только благодаря тому, что в нём не было военных подразделений, которые хотел уничтожить бог. Но не злите бога разрушений, ибо он не забывает обид, а ярость способна принять разные формы."
Religion/#Wrath_Minor_Seth_Title,Text,,Сет недоволен
Tutorial/AbuSelima_Step_01_Content,Text,,"По мере того, как растёт почитание богов-покровителей, египтянам понадобятся всё большие места для поклонения. В большинстве городов жители захотят возвести храмовый комплекс в честь своего бога, чтобы в полной мере ощутить его благосклонность. После постройки храмовый комплекс можно расширить, добавив к нему оракула и алтарь, посвящённые менее значимым богам. Эти боги также могут выразить свою благодарность городу.
Получив в своё распоряжение самоцветы, ювелиры вашего города смогут изготовлять искусные украшения — один из видов ценных предметов роскоши, необходимых высшим слоям общества.
Кроме изготовляемых местными ювелирами украшений, египтяне также ценят и другие предметы роскоши, доступные только через торговлю. Если город хочет стать по-настоящему цивилизованным, то ему потребуется доступ к нескольким видам предметов роскоши."
Tutorial/AbuSelima_Step_01_Title,Text,,Храмовые комплексы и предметы роскоши
Tutorial/BedhetAbejdu_Step_01_Content,Text,,"На верфи строятся военные корабли и рыбацкие лодки. У каждого судна должен быть свой причал. Когда есть свободный причал, на верфи начнут строить подходящий для него корабль. Без свободных причалов верфь не будет строить никаких кораблей. Хотя одна верфь может обеспечить ваш город всеми судами, несколько верфей  значительно ускорят процесс постройки. Для рыбацких лодок не нужны никакие материалы, но для постройки военных и транспортных кораблей понадобятся древесина и оружие.
Для доков не нужны корабли, каждый открытый вами водный путь обеспечит вам прибытие торговых кораблей. Убедитесь, что рядом с доками расположены склады, чтобы торговля проходила без задержек."
Tutorial/BedhetAbejdu_Step_01_Title,Text,,Постройка лодок и кораблей
Tutorial/Content_End_Message,Text,,"Щёлкните правой кнопкой мыши, чтобы продолжить"
Tutorial/Men-Nefer_Step_01_Content,Text,,"Начните с планирования районов для жилья и производства. Теперь вы знаете, что требуется людям помимо пищи и воды. Обеспечьте часть домов керамикой, пивом, развлечениями и доступом к религиозным услугам, а потом уже можно будет подумать о высшем образовании и торговле.
Вы уже знакомы с работой <b>вербовщиков</b>, поэтому, начиная с этой миссии, вы можете в настройках переключить систему вербовки на <b>общий фонд рабочей силы</b>. Благодаря этому каждое здание, подключённое к сети дорог, будет автоматически иметь доступ к рабочей силе. Это значительное изменение по сравнению с оригинальным «Pharaoh», но мы предоставляем право выбора для более доступной и увлекательной игры для всех игроков!"
Tutorial/Men-Nefer_Step_01_Title,Text,,Берега Нила
Tutorial/Men-Nefer_Step_02_Title,Text,,Добейтесь появления просторных апартаментов.
Tutorial/Men-Nefer_Step_03_Content,Text,,"Теперь, когда ваш город разросся, нужно обеспечить часть жителей хорошим образованием. <b>Школы писцов</b> не смогут обучать людей без папируса, на котором они будут писать. <b>Сборщики тростника</b> обеспечат <b>мастерские по изготовлению папируса</b> необходимым сырьём, а готовый папирус затем поступит в образовательные учреждения города."
Tutorial/Men-Nefer_Step_03_Title,Text,,Образование
Tutorial/Men-Nefer_Step_04_Title,Text,,Создайте действующую школу писцов.
Tutorial/Men-Nefer_Step_05_Content,Text,,"Теперь, когда у вас появились образованные люди, вам, наверное, захочется создать новый источник дохода, продавая излишки папируса в соседние города. Вам также потребуется ввозить кирпич из Пер-Уаджита, чтобы построить священную мастабу. Щёлкните по <b>значку карты мира</b> на левой панели, чтобы узнать, какие есть города в известных землях, и подготовиться к началу торговли."
Tutorial/Men-Nefer_Step_05_Title,Text,,Введение в торговлю
Tutorial/Men-Nefer_Step_06_Title,Text,,Откройте карту мира.
Tutorial/Men-Nefer_Step_07_Content,Text,,"На карте мира показано, где находятся ваш город и другие города. Здесь вы можете оплатить основание торгового пути в любой желающий торговать город.
Чтобы основать новый торговый путь, щёлкните по городу, с которым хотите вести дела, и выберите пункт «Открыть торговый путь»."
Tutorial/Men-Nefer_Step_07_Title,Text,,Торговые пути
Tutorial/Men-Nefer_Step_08_Title,Text,,Проложите торговый путь.
Tutorial/Men-Nefer_Step_09_Content,Text,,"Проложив торговый путь, укажите <b>советнику по торговле</b>, какие ресурсы и товары вы хотите импортировать или экспортировать. Невозможно одновременно импортировать и экспортировать один и тот же вид товаров.
Вам необходимо импортировать кирпичи, что может обойтись достаточно дорого. К счастью, эти затраты можно покрыть, продавая излишки папируса!"
Tutorial/Men-Nefer_Step_09_Title,Text,,Импорт и экспорт
Tutorial/Men-Nefer_Step_10_Title,Text,,Импортируйте из Пер-Уаджита по крайней мере 800 кирпичей до начала строительства священной мастабы.
Tutorial/Men-Nefer_Step_11_Content,Text,,"Артели предоставляют умелых мастеров, необходимых для возведения монументов. Мастаба целиком строится из кирпича, поэтому для её возведения потребуется только<b>артель каменщиков</b>. Вы можете построить столько <b>артелей</b>, сколько выдержит ваша экономика, но при этом следует следить за тем, что на строительную площадку своевременно доставляются кирпичи, чтобы мастера не простаивали. Когда в <b>артели каменщиков</b> наберётся достаточно людей, она начнёт отправлять каменщиков на строительную площадку, где те будут ждать доставку чернорабочими очередной партии кирпичей."
Tutorial/Men-Nefer_Step_11_Title,Text,,Строительные артели
Tutorial/Men-Nefer_Step_12_Content,Text,,"Когда на строительной площадке появятся каменщики, группы чернорабочих начнут доставлять им партии кирпича. Поскольку эти же чернорабочие должны возделывать пойменные поля, то вы заметите, что после разлива работа над монументом замедлится. Вы можете построить дополнительные <b>рабочие лагеря</b>, чтобы те чернорабочие, что не нужны на полях, могли работать над монументом круглый год."
Tutorial/Men-Nefer_Step_12_Title,Text,,Труд чернорабочих
Tutorial/Men-Nefer_Step_13_Title,Text,,Разместите на карте малую мастабу.
Tutorial/Men-Nefer_Step_14_Content,Text,,"Вы успешно закончили обучение, остаётся только закончить мастабу Мен-нефера! Не забывайте контролировать баланс импорта и экспорта и следить за потребностями ваших жителей.
В следующих миссиях, пока вы не достигнете Саккары, будет выводиться информация о новых доступных постройках, но вести вас за руку больше никто не будет.
Если вы что-то забыли или вам нужна дополнительная информация по какой-либо теме, обратитесь к внутриигровому руководству на панели слева. В него можно также попасть из любого открытого окна, например, по щелчку на гончарную мастерскую откроется окно, в котором есть иконка, ведущая к руководству и дополнительной информации об этом здании.
Также во внутриигровой энциклопедии есть информацию по истории Древнего Египта.
Желаем приятно провести время в Древнем Египте!"
Tutorial/Men-Nefer_Step_14_Title,Text,,Конец обучения
Tutorial/Men-Nefer_Step_CitySentiment_Content,Text,,"Вам, как правителю города, важно знать, что жители думают о вас. Также важно уметь что-то с этим делать. Если люди рассержены, в городе будут меньше новых поселенцев. Приток новых жителей может даже вовсе прекратиться, а в какой-то момент люди начнут покидать город. <b>Настроения в городе обновляются каждый месяц, и их состояние можно проверить у главного советника</b>.
Настроения в городе формируются из четырёх составляющих: <b>жалование</b>, <b>налоги</b>, <b>безработица</b> и <b>трущобы</b>. Высокие налоги, низкое (по сравнению с остальным Египтом) жалование, безработица свыше 10% и большое количество хижин, соседствующих с богатыми особняками, — всё это оказывает негативное влияние на настроения в городе. Конечно, высокие налоги могут быть компенсированы высоким жалованием, а если налоги достаточно низкие, то безработица не будет большой проблемой. Однако убедитесь¸ что всё правильно уравновешено, иначе люди уйдут от вас!"
Tutorial/Men-Nefer_Step_CitySentiment_Title,Text,,Настроения в городе
Tutorial/Nekhen_Step_01_Content,Text,,"Этому региону покровительствует <b>Ра</b>, но здесь также возносят почести <b>Баст</b> и <b>Осирису</b> как местным богам. Убедитесь, что в городе <b>расположено больше храмов и святилищ, посвящённых Ра</b>, но не забывайте и местных богов! Чтобы учесть интересы самых важных граждан, убедитесь, что у них есть доступ к храмами разных богов."
Tutorial/Nekhen_Step_01_Title,Text,,Несколько богов
Tutorial/Nekhen_Step_02_Title,Text,,Развивайте свой город.
Tutorial/Nekhen_Step_03_Content,Text,,"Искушённым египтянам во время своего досуга нравится слушать музыку, как и наблюдать за выступлением жонглёров. На помосте могут выступать только жонглёры, когда как на <b>эстраде</b> могут совместно выступать и жонглёры, и музыканты. Постройте <b>эстраду</b> на пересечении дорог, а рядом с ней — <b>музыкальную школу</b>, где будут обучаться музыканты. Доступ к разнообразным развлечениям значительно улучшает качество жизни любого города."
Tutorial/Nekhen_Step_03_Title,Text,,Больше развлечений
Tutorial/Nekhen_Step_04_Title,Text,,Продолжайте развитие города.
Tutorial/Nekhen_Step_05_Content,Text,,"Ваши соотечественники постигли секреты пивоварения, а сам напиток стал очень популярен по всему Египту! С помощью <b>ячменя</b>, выращиваемого на местных фермах, <b>пивовары</b> изготовят пиво и доставят его на <b>склад</b>, откуда его будут распределять работники <b>базара</b>, как это происходит с едой и керамикой."
Tutorial/Nekhen_Step_05_Title,Text,,Пиво и выращивание ячменя
Tutorial/Nekhen_Step_06_Title,Text,,Расширьте свой город.
Tutorial/Nekhen_Step_07_Content,Text,,"Помимо начального капитала, большому городу потребуется дополнительный доход. Этого можно добиться с помощью сбора налогов. Для этого необходимо иметь <b>дворец</b> и <b>сборщиков налогов</b>. Убедитесь, что построили достаточно <b>контор сборщиков налогов</b> для покрытия всего города, особенно рядом с богатыми кварталами. Помните: чем выше качество жизни конкретного дома, тем больше налогов будут платить его обитатели.
<b>Суда</b> отправляют магистратов на обход улиц, которые помогают снизить преступность, разрешая споры людей и вынося справедливые решения."
Tutorial/Nekhen_Step_07_Title,Text,,Налоги и суды
Tutorial/Nekhen_Step_08_Title,Text,,Продолжайте расширять свой город.
Tutorial/Nekhen_Step_09_Content,Text,,"Построив себе <b>особняк</b>, вы сможете получать личное жалование из городской казны. Накопления от жалования остаются у вашей династии и впоследствии могут быть потрачены в случае крайней необходимости, <b>даже в следующих миссиях того же периода</b>. Но учтите: если вы назначите себе жалование, не соответствующее вашему рангу, это может плохо сказаться на вашей репутации в Царстве."
Tutorial/Nekhen_Step_09_Title,Text,,Особняк и личное жалование
Tutorial/Nekhen_Step_10_Title,Text,,"Достигните численности населения в 1000 человек и добейтесь появления десяти скромных апартаментов, чтобы завершить эту миссию."
Tutorial/Nekhen_Step_11_Content,Text,,"Паромы способствуют бесперебойной работе города. Размещённые в нужных местах <b>водные переправы</b>, такие как <b>паромы</b> и <b>мосты</b>, помогают жителям достичь ранее недоступных областей для охоты или сбора ценных ресурсов. В некоторых случаях переправы значительно сократят маршруты разносчиков и уменьшат время доставки."
Tutorial/Nekhen_Step_11_Title,Text,,Водные переправы
Tutorial/Nekhen_Step_12_Title,Text,,"Достигните численности населения в 1000 человек и добейтесь появления десяти скромных апартаментов, чтобы завершить эту миссию."
Tutorial/Nekhen_Step_BuildingPicker_Content,Text,,"Иногда просто нужно разместить здание, которое уже видно на экране. Вместо того, чтобы опять открывать меню строительства, вы можете просто скопировать и вставить его с помощью инструмента копирования зданий.
Используйте Ctrl + щелчок мыши по зданию и вуаля! Теперь вы можете разместить его где угодно!"
Tutorial/Nekhen_Step_BuildingPicker_Title,Text,,Копирование здания
Tutorial/Nubt_Step_01_Content,Text,,"Первое, что нужно деревне, — это <b>жилые дома</b>, где можно разместить поселенцев, и сеть <b>дорог</b>, чтобы постоянные жители могли легко передвигаться. Разместите зоны для <b>жилья</b> и вскоре увидите, как в деревню потянутся люди."
Tutorial/Nubt_Step_01_Title,Text,,Скромное начало
Tutorial/Nubt_Step_02_Title,Text,,Откройте инструменты строительства на панели справа.
Tutorial/Nubt_Step_03_Title,Text,,"Зажмите левую кнопку мыши, чтобы разметить область для жилых домов."
Tutorial/Nubt_Step_04_Title,Text,,Щёлкните правой кнопкой мыши для выхода из режима строительства.
Tutorial/Nubt_Step_05_Title,Text,,Нажмите на кнопку дороги на правой панели.
Tutorial/Nubt_Step_06_Title,Text,,"Зажмите левую кнопку мыши, чтобы сразу построить длинную дорогу."
Tutorial/Nubt_Step_07_Content,Text,,"Дорога, по которой переселенцы добираются до вашего города, называется <b>Царским трактом</b>. Новоприбывшим нужен свободный проход от <b>Царского тракта</b> к жилым районам города. Если вы изолируете квартал от этой связи с внешним миром, дома в нём просто исчезнут."
Tutorial/Nubt_Step_07_Title,Text,,Царский тракт
Tutorial/Nubt_Step_08_Title,Text,,"Наблюдайте за тем, как приходят поселенцы, пока численность вашего города не достигнет 200 человек."
Tutorial/Nubt_Step_09_Content,Text,,"Для улучшения домов их обитателям нужен доступ к свежей воде, которую могут обеспечить <b>колодцы</b>, размещённые в нужных местах. <b>Колодцы</b> необходимо рыть над водоносным слоем, который можно определить по растущей на земле зелёной траве. Каждый из них обеспечивает водой дома в пределах двух клеток вокруг себя."
Tutorial/Nubt_Step_09_Title,Text,,Доступ к воде
Tutorial/Nubt_Step_10_Title,Text,,Выберите категорию «Сервисы» на правой панели.
Tutorial/Nubt_Step_11_Title,Text,,Выберите категорию «Гигиена» на правой панели.
Tutorial/Nubt_Step_12_Title,Text,,Выберите колодец.
Tutorial/Nubt_Step_13_Title,Text,,Постройте колодцы в нужных местах.
Tutorial/Nubt_Step_14_Title,Text,,Дважды щёлкните правой кнопкой мыши для выхода из меню выбора категорий и из режима строительства.
Tutorial/Nubt_Step_15_Content,Text,,"Если вы хотите, чтобы все подкатегории сразу раскрывались при выборе категории, это можно включить в настройках игры. Эта настройка не повлияет на миссию в Нубете, но изменения произойдут в последующих миссиях."
Tutorial/Nubt_Step_15_Title,Text,,Качество жизни
Tutorial/Nubt_Step_16_Title,Text,,"Наблюдайте за тем, как улучшаются дома, пока 250 поселенцев не поселятся в крепких хижинах."
Tutorial/Nubt_Step_17_Content,Text,,"Растущему поселению нужен стабильный источник <b>пищи</b> и средства её хранения и распределения. В этих землях можно охотиться на страусов. Для этого нужны <b>охотничьи хижины</b>. Мясо дичи и другую еду можно хранить в амбарах, а через базары — распространять <b>еду</b> среди жителей деревни."
Tutorial/Nubt_Step_17_Title,Text,,Охота
Tutorial/Nubt_Step_18_Title,Text,,Выберите категорию «Пища и земледелие».
Tutorial/Nubt_Step_19_Title,Text,,Выберите охотничью хижину.
Tutorial/Nubt_Step_20_Title,Text,,Постройте две охотничьи хижины.
Tutorial/Nubt_Step_21_Content,Text,,"Как и другим производственным строениям, этим постройкам необходим доступ к жилым кварталам, а в городе должно быть достаточно свободных рабочих, которые будут работать там. <b>Наблюдайте за тем, как из здания выйдет служащий в поисках рабочих. Как только он доберётся до жилых домов, в самом здании закипит работа</b>. Щёлкните по размещённой охотничьей хижине, чтобы узнать больше информации."
Tutorial/Nubt_Step_21_Title,Text,,Доступ к рабочей силе
Tutorial/Nubt_Step_23_Content,Text,,"Теперь охотники пойдут на охоту. В случае успеха они доставят добычу на разделку назад в хижину, после чего рабочий с тележкой доставит её к ближайшему <b>амбару</b>, который мы сейчас построим. Рядом с <b>амбарами</b> не очень приятно жить, но для него нужен доступ к рабочей силе, поэтому важно тщательно подбирать место для каждого амбара."
Tutorial/Nubt_Step_23_Title,Text,,Амбары
Tutorial/Nubt_Step_24_Title,Text,,Выберите категорию «Хранение и распределение».
Tutorial/Nubt_Step_25_Title,Text,,Выберите амбар.
Tutorial/Nubt_Step_26_Title,Text,,"Постройте его подальше от жилых кварталов, но достаточно близко, чтобы у него был доступ к рабочей силе."
Tutorial/Nubt_Step_27_Content,Text,,"Пока охотники доставляют мясо дичи в амбар, пора озаботится доставкой провизии в дома жителей. Для этого нужны <b>базары</b>. <b>Базар</b> отправит своего рабочего за едой из амбара, а затем пошлёт разносчицу, которая доставит её вашим жителям."
Tutorial/Nubt_Step_27_Title,Text,,Базары и распределение
Tutorial/Nubt_Step_28_Title,Text,,Выберите категорию «Хранение и распределение».
Tutorial/Nubt_Step_29_Title,Text,,"Постройте базар рядом с жилым кварталом и удостоверьтесь, что он соединён дорогой с амбаром."
Tutorial/Nubt_Step_30_Content,Text,,"При размещении здания у дороги вы увидите индикаторы со <b>стрелками</b>. <b>Зелёная стрелка</b> показывает, где появятся служащие из здания для доставки товаров. <b>Красная стрелка</b> показывает точку, в которую вернутся служащие. Иногда обе стрелки будут находиться на одной и той же клетке.
Точки могут меняться, если вы построите новые дороги рядом с уже существующим зданием. Проверить позицию точек можно в любой момент, наведя курсор на нужное строение."
Tutorial/Nubt_Step_30_Title,Text,,Места появления и возвращения служащих
Tutorial/Nubt_Step_32_Title,Text,,Хождение по кругу
Tutorial/Nubt_Step_33_Content,Text,,"<b>Заграждение</b> — один из инструментов, с помощью которого вы можете управлять маршрутом служащих. <b>Заграждения</b> не пропускают разносчиков товаров и вербовщиков, но позволяют пройти тем, у кого есть конкретное место назначения. Используйте <b>заграждения</b> с умом и сможете управлять огромными городами."
Tutorial/Nubt_Step_33_Title,Text,,Заграждения
Tutorial/Nubt_Step_34_Title,Text,,Нажмите на кнопку заграждения на правой панели.
Tutorial/Nubt_Step_35_Title,Text,,Несколько <b>заграждений</b> не позволят вашим служащим далеко уйти от вашего растущего города.
Tutorial/Nubt_Step_36_Content,Text,,"Чтобы Нубет смог выдержать проверку временем, проследите, что постройки в деревне защищены от пожара и обрушения. Не все здания подвержены рискам. Чтобы узнать, нужен ли конкретному зданию визит специалиста из <b>поста архитектора</b> или <b>пожарного поста</b>, щелчком мыши по нему откройте информационную панель. Например, жилые дома без присмотра могут загореться, но никогда не обрушатся."
Tutorial/Nubt_Step_36_Title,Text,,Риски пожара и обрушения
Tutorial/Nubt_Step_37_Title,Text,,Откройте категорию «Сервисы».
Tutorial/Nubt_Step_38_Title,Text,,Откройте подкатегорию «Безопасность».
Tutorial/Nubt_Step_39_Title,Text,,Теперь вы можете размещать здания где захочется.
Tutorial/Nubt_Step_40_Title,Text,,Постройте пожарный пост и пост архитектора для защиты ваших построек.
Tutorial/Nubt_Step_41_Title,Text,,"Используйте кнопку уничтожения на панели справа, если ошиблись с размещением строения или дороги."
Tutorial/Nubt_Step_42_Content,Text,,"Теперь, когда у жителей есть еда, им потребуется доступ к чистой воде из <b>источника</b>, которая гораздо предпочтительней колодезной. <b>Источники воды</b>, как и колодцы, должны размещаться на поверхности, покрытой травой, и к тому же иметь доступ к рабочим из близлежащих домов. Полностью работающий <b>источник воды</b> будет отправлять водоноса, доставляющего вёдра чистой воды по всем домам в окрестности."
Tutorial/Nubt_Step_42_Title,Text,,Доступ к чистой воде
Tutorial/Nubt_Step_43_Title,Text,,Откройте категорию «Сервисы».
Tutorial/Nubt_Step_44_Title,Text,,Откройте подкатегорию «Гигиена».
Tutorial/Nubt_Step_45_Title,Text,,"Чтобы победить в этой миссии, обеспечьте ваших жителей достаточным количество чистой воды."
Tutorial/Nubt_Step_46_Title,Text,,"Добейтесь появления шести скромных лачуг, чтобы завершить эту миссию."
Tutorial/Perwadjyt_Step_01_Content,Text,,"Чтобы прокормить своих людей в Пер-Уаджите, постройте <b>фермы</b> прямо в <b>пойме реки</b>, где земля является наиболее плодородной. В отличие от остальных производственных построек, <b>фермам</b> на пойменных полях не требуется прямой доступ к рабочим. Вместо этого им для возделывания полей необходима постоянная рабочая сила из чернорабочих, доступных в <b>рабочих лагерях</b>. Стройте <b>рабочие лагеря</b> достаточно близко к <b>пойменным фермам</b>, чтобы чернорабочие не тратили много времени, добираясь до них.
Каждый год Нил разливается, обогащая почву поймы плодородным илом. Крестьяне собирают урожай прямо перед разливом и доставляют его в <b>амбары</b>. Так как в году может быть только один урожай, убедитесь, что в вашем городе достаточно <b>амбаров</b>, чтобы вместить всю собранную пищу для растущего населения."
Tutorial/Perwadjyt_Step_01_Title,Text,,Пойменные поля и земледелие
Tutorial/Perwadjyt_Step_02_Title,Text,,Начните возведение города со строительства нескольких ферм и рабочих лагерей.
Tutorial/Perwadjyt_Step_03_Content,Text,,"Малярия часто встречается в районах, близких к воде или болотам. Слой малярии отображает, какие дома наиболее подвержены данной болезни. Доступ к источнику чистой воды и средство от насекомых, изготовляемое  местным <b>аптекарем</b>, значительно снижают риск появления малярии в домах. Как и большинство построек, <b>аптека</b> функционирует только в том случае, когда имеет доступ к дороге и рабочей силе."
Tutorial/Perwadjyt_Step_03_Title,Text,,Малярия
Tutorial/Perwadjyt_Step_04_Title,Text,,Защитите своих жителей с помощью аптеки.
Tutorial/Perwadjyt_Step_05_Title,Text,,Продолжайте улучшать свои дома.
Tutorial/Perwadjyt_Step_06_Content,Text,,"Вы уже обеспечили своих людей едой и водой, и теперь можно улучшить их образ жизни другими товарами, например, керамикой. Постройте <b>глиняный карьер</b> рядом с водой, а неподалёку от него — <b>гончарную мастерскую</b>. Убедитесь, что у них есть доступ к рабочей силе, и как только рабочий с тележкой доставит глину <b>гончару</b>, тот начнёт создавать керамические изделия для вашего города.
Постройте <b>склад</b> для хранения готовых изделий и излишков глины (обычно из трёх <b>карьеров</b> добывается достаточно глины для четырёх <b>гончарных мастерских</b>). Рабочие с <b>базара</b> заберут керамику со <b>склада</b> и распределят её по домам, как это они обычно делают с едой. Гончарное и другие производства также создают для ваших жителей так нужные им рабочие места."
Tutorial/Perwadjyt_Step_06_Title,Text,,Производство
Tutorial/Perwadjyt_Step_07_Title,Text,,"Создайте производство, состоящее из одного глиняного карьера и двух гончарных мастерских."
Tutorial/Perwadjyt_Step_08_Content,Text,,"Старайтесь обеспечивать численность населения чуть выше, чем доступно рабочих мест. Однако, не все в вашем городе могут работать. <b>Наведя курсор на счётчик населения в верхней панели</b>, вы можете получить примерное представление о соотношении рабочего и безработного населения. Более подробную информацию могут предоставить ваши советники. Старайтесь удерживать безработицу ниже 10%, но следите за тем, чтобы у вас всегда было достаточно рабочих.
«Pharaoh: A New Era» имитирует старение населения, где <b>только 60% людей в возрасте от 20 до 49 лет доступны для работы</b>. Если у вас возникают трудности с этой системой, в настройках можно переключить на <b>фиксированное соотношение</b>, игнорирующее их возраст. В целях ознакомления с данной механикой эта настройка в обучающих миссиях отключена."
Tutorial/Perwadjyt_Step_08_Title,Text,,Рабочая сила и безработица
Tutorial/Perwadjyt_Step_09_Title,Text,,Создайте запас керамики на складе.
Tutorial/Perwadjyt_Step_10_Content,Text,,"Отличная работа! Производство заработало, и теперь можно подумать об улучшении облика самого города. Элементы <b>благоустройства</b> могут сделать жилые кварталы более привлекательными. Облагородив район <b>садами</b>, <b>статуями</b> и <b>плитками</b>, вы поможете ему развиваться дальше.
Несколько <b>садов</b> вместе образуют парки, внешний вид которых подбирается случайным образом.
Покрывайте мощёные дороги мозаичной <b>плиткой</b>, чтобы улучшить их внешний вид и повысить привлекательность окружающей территории.
<b>Статуи</b>, как и большинство зданий, можно вращать с помощью клавиши «R». Если хотите выбирать, какой именно вид <b>сада</b> разместить (по аналогии со <b>статуями</b>), то в настройках есть возможность выбора между двумя системами генерации внешнего вида."
Tutorial/Perwadjyt_Step_10_Title,Text,,Благоустройство
Tutorial/Perwadjyt_Step_11_Title,Text,,"Достигните численности населения в 600 человек и добейтесь появления десяти скромных усадеб, чтобы завершить эту миссию."
Tutorial/Perwadjyt_Step_Coverage_Content,Text,,"Развлечения необходимы для дальнейшего развития домов. В дополнение к счёту, получаемому за посещение жонглёра (а затем — и других артистов), <b>дома также получают дополнительные баллы в зависимости от общего охвата</b>.
Вы можете проверить охват развлечениями у вашего советника по развлечениям. <b>Помост обеспечивает отличный охват для 600 человек</b>, но вы можете заметить, что жонглёр из одного помоста, проходя мимо домов, может развлечь гораздо большее количество людей. Другие помосты помогут улучшить охват и дадут дополнительные баллы для всех домов в городе. Иногда этого достаточно для их дальнейшего развития!
Охват развлечениями, образованием, религией и здравоохранением учитывается при определении вашего <b>рейтинга культуры</b>. В более поздних миссиях, когда для победы требуется высокий рейтинг культуры, важно проверять соответствующих советников, чтобы понимать, чего не хватает вашему городу."
Tutorial/Perwadjyt_Step_Coverage_Title,Text,,Охват развлечениями
Tutorial/Perwadjyt_Step_Next_Title,Text,,Разместите несколько плиток на мощёных дорогах для повышения привлекательности!
Tutorial/Saqqara_Step_01_Content,Text,,"Некоторые земли достаточно плодородны для земледелия, даже не находясь в пойме. Такие луга можно определить по растущей на них разноцветной растительности. Некоторые фермы, расположенные на лугах, могут давать больше одного урожая в год, хотя их урожайность несколько ниже, чем у пойменных ферм.
Используйте орошение, чтобы повысить плодородность возделываемых земель. Оросительные каналы на пойме могут соединены напрямую с Нилом, но для орошения сухих земель понадобятся шадуфы. Шадуфы можно построить на краю поймы или на берегу, откуда можно поднять воду прямо из реки на сушу. Соедините оросительный канал с шадуфом, чтобы направить воду для орошения внутренних ферм."
Tutorial/Saqqara_Step_01_Title,Text,,Земледелие на лугах и орошение
Tutorial/Saqqara_Step_02_Content,Text,,"Часто одного возведения монумента недостаточно. Обычно фараонам требуются вещи, которые попадут вместе с ними в загробную жизнь.
В Саккаре, как и в будущих миссиях, для победы вам понадобится доставить <b>погребальные принадлежности</b>. Просто откройте окно <b>советника по монументам</b> и щёлкните по требуемым товарам, как только их будет достаточно для отправки.
Иногда эти товары будут доступны только через торговлю, так что обеспечьте городу надёжную экономику, чтобы позволить себе их покупку!"
Tutorial/Saqqara_Step_02_Title,Text,,Погребальные принадлежности
Tutorial/Thinis_Step_01_Content,Text,,"Начните строить дома и обеспечьте людей свежей водой и пищей так же, <b>как вы это делали в Нубете</b>. Постарайтесь держаться поближе к богатыми рудой скалам на северо-западе, позднее вам придётся строить там рудники!
Деревья можно расчищать кнопкой удаления, однако после этого они не вырастут снова. В будущих миссиях, прежде чем уничтожать их, проверяйте, что они вам действительно не нужны."
Tutorial/Thinis_Step_01_Title,Text,,Новые начинания
Tutorial/Thinis_Step_02_Title,Text,,Постройте жилье и добейтесь появления десяти скромных лачуг.
Tutorial/Thinis_Step_03_Content,Text,,"Иногда необходимо немного ускорить ход событий, или, наоборот, остановить время, если слишком многое происходит одновременно. Все необходимые кнопки находятся на панели вверху слева. У них также есть горячие клавиши, которые можно поменять в настройках.
Настройте свои комбинации клавиш удобным для вас образом!"
Tutorial/Thinis_Step_03_Title,Text,,Управление скоростью и горячие клавиши
Tutorial/Thinis_Step_04_Title,Text,,Постройте жилье и добейтесь появления десяти скромных лачуг.
Tutorial/Thinis_Step_05_Content,Text,,"Каждая размещаемая постройка стоит определённое количество дебенов, не говоря уже о выплачиваемом жаловании рабочим. Одним из способов восполнить затраты является <b>добыча золота</b>.
Разместите по крайней мере <b>два золотых рудника</b> рядом золотыми жилами, чтобы начать добычу этого драгоценного металла. Убедитесь, что у рудники имеют доступ к рабочим и защищены от риска обрушения!"
Tutorial/Thinis_Step_05_Title,Text,,Управление вашей казной
Tutorial/Thinis_Step_06_Title,Text,,Обеспечьте два золотых рудника рабочей силой.
Tutorial/Thinis_Step_07_Content,Text,,"Золото — это особый ресурс, который хранится во <b>дворце</b>, уникальном здании, в котором также располагается городская казна. <b>Можно построить только один дворец</b> и только на земле, покрытой зелёной травой. Каждый доставщик золота, добравшийся до дворца, <b>вносит в городской бюджет 100 дебенов</b>. С таким регулярным источником доходов вам не придётся беспокоиться о долгах."
Tutorial/Thinis_Step_07_Title,Text,,Дворец
Tutorial/Thinis_Step_08_Title,Text,,"Добейтесь того, чтобы рудники доставили золото во дворец."
Tutorial/Thinis_Step_10_Title,Text,,Постройте пост городской стражи для обхода жилых кварталов и дворца.
Tutorial/Thinis_Step_11_Content,Text,,"Щёлкнув по дому, вы можете проверить, подвержен ли он риску преступности, но иногда может потребоваться просмотреть общее состояние по проблемам всего города. В этом вам помогут <b>слои</b> на <b>панели слева</b>. Попробуйте сначала <b>слой преступности</b>, а потом взгляните на другие."
Tutorial/Thinis_Step_11_Title,Text,,Слои
Tutorial/Thinis_Step_12_Title,Text,,Отройте меню слоёв на панели слева.
Tutorial/Thinis_Step_13_Title,Text,,Выберите слой преступности.
Tutorial/Thinis_Step_14_Content,Text,,"Преступность — лишь одна из проблем, с которой вам предстоит столкнуться. Плохое здравоохранение может серьёзно проредить население вашего города. <b>Лекари</b>, обходящие квартал, защитят его жителей от болезней. Обеспечение населения едой и свежей водой также снижает риск заболеваний.
Существуют и другие постройки, обеспечивающие хорошее здоровье ваших подданных. Например, <b>аптеки</b> защитят жителей городов, находящихся рядом с болотами."
Tutorial/Thinis_Step_14_Title,Text,,Здоровье и болезни
Tutorial/Thinis_Step_15_Title,Text,,"Разместите здание лекаря, чтобы защитить ваших жителей от болезней."
Tutorial/Thinis_Step_16_Content,Text,,"Египетский город не сможет процветать, пока в нем не будет мест для поклонения: <b>храмов</b> и <b>святилищ</b>, где почитают одного из пяти богов.
<b>Покровительницей Тиниса является богиня Баст</b>. Чтобы умилостивить богов, постройте достаточно <b>храмов</b> и <b>святилищ</b> в честь каждого из них. Работающий <b>храм</b> посылает жреца для обхода кварталов, давая возможность жителям воздать хвалу его богу.
Кроме религиозного действия <b>храмы</b> и <b>святилища</b> также значительно улучшают привлекательность вокруг себя. <b>Святилища</b> можно строить на расстоянии одной клетки от дороги без потери доступности."
Tutorial/Thinis_Step_16_Title,Text,,Религия
Tutorial/Thinis_Step_17_Title,Text,,Постройте храм в честь Баст.
Tutorial/Thinis_Step_18_Content,Text,,"Боги-покровители и местные божества могут в равной степени разгневаться, если не оказывать им должного уважения. Убедитесь, что построили достаточно храмов и святилищ для своего населения. Богам-покровителям может понадобиться двойное количество.
Праздники являются ещё одним способом умилостивить богов. Постройте в городе <b>праздничную площадь</b>, чтобы открыть возможность устраивать торжества."
Tutorial/Thinis_Step_18_Title,Text,,Праздники
Tutorial/Thinis_Step_19_Title,Text,,Постройте праздничную площадь на пересечении двух дорог.
Tutorial/Thinis_Step_20_Content,Text,,"Справьтесь у <b>советника по религии</b> о настроении каждого из богов. Значки молний показывают, что бог недоволен вашим городом, а синие значки анха указывают на его благосклонность. Чем больше тех или иных значков, тем сильнее влияние бога на город (как хорошее, так и плохое!).
На панели слева доступны и другие <b>советники</b>, которые помогут вам управлять городом. Обращайтесь к ним время от времени, они смогут ответить на все ваши вопросы!"
Tutorial/Thinis_Step_20_Title,Text,,Советники
Tutorial/Thinis_Step_21_Title,Text,,Откройте меню советников на панели слева.
Tutorial/Thinis_Step_22_Title,Text,,Откройте окно советника по религии и устройте праздник в честь Баст.
Tutorial/Thinis_Step_23_Title,Text,,"Вы можете ускорить ход времени, пока проводятся приготовления к празднику."
Tutorial/Thinis_Step_24_Content,Text,,"С развитием вашего города у его жителей появится возможность отдыхать и развлекаться. Хороший выбор развлечений является одним из признаков по-настоящему культурного города, но на данный момент вам пока что доступны только жонглёры.
Жонглёры выступают на специальных площадках, самой маленькой из которых является <b>помост</b>. Постройте <b>помост</b> на повороте дороги для проведения выступлений и <b>школу жонглёров</b> неподалёку для обучения артистов. Обеим постройкам для функционирования необходим доступ к жилым кварталам и рабочей силе. Обученные в <b>школе</b> жонглёры пойдут к ближайшему <b>помосту</b> для проведения выступления, которое немного развлечёт жителей ближайших районов."
Tutorial/Thinis_Step_24_Title,Text,,Развлечения
Tutorial/Thinis_Step_25_Title,Text,,"Добейтесь появления обычных домов, чтобы завершить эту миссию!"
Tutorial/Thinis_Step_26_Title,Text,,"Используйте храмы и святилища, чтобы повысить привлекательность района для домов, которые не могут улучшиться даже при наличии развлечений."
Tutorial/Thinis_Step_9_Content,Text,,"С появлением денег в казне может появиться и риск их кражи. <b>Городская стража</b>, патрулируя улицы города и задерживая преступников, поможет сократить потери от краж. Но лучший способ профилактики преступности — это поддержание высокого уровня жизни с помощью провизии, здравоохранения и наличия рабочих мест."
Tutorial/Thinis_Step_9_Title,Text,,Преступность
Tutorial/Thinis_Step_FlatMode_Content,Text,,"Храмы — это высокие здания, и они, как правило, скрывают то, что находится прямо за ними. По ходу игры вы получите доступ к другим зданиям, которые могут иметь такой эффект, от зданий суда до, конечно же, огромных пирамид.
Здесь мы познакомимся с одним из ваших самых важных инструментов: <b>плоский режим</b>.
Плоский режим можно активировать с помощью кнопки, расположенной рядом с мини-картой, или просто нажав клавишу «F» (по умолчанию). Это сравняет все построенные здания, и вы сможете строить дальше."
Tutorial/Thinis_Step_FlatMode_Title,Text,,Плоский режим
Tutorial/Thinis_Step_Next_Title,Text,,Постройте два святилища в честь Баст.
Tutorial/Timna_Step_01_Content,Text,,"Чтобы собрать войско, постройте форт и вербовочный пост. Вербовщик начнёт отсылать по одному новобранцев в форт, пока тот не будет полностью укомплектован. Существует три типа фортов: для пехоты, для лучников и для колесничих; в каждом форте может разместиться до шестнадцати солдат, называемых «отрядом». Если солдаты погибнут в бою, вербовщик пришлёт им на замену новобранцев.
Лучники сами делают себе луки и стрелы, но пехотинцев необходимо снабдить копьями с медными наконечниками. Оружейная мастерская из добытой меди может выковать необходимое оружие. Колесничим потребуются колесницы, создаваемые из древесины и меди. Готовое оружие будет доставлено вербовщику, и новые солдаты будут полностью экипированы всем необходимым."
Tutorial/Timna_Step_01_Title,Text,,Наем войск и вооружение солдат
Tutorial/Timna_Step_02_Content,Text,,"Чтобы собрать войско, постройте форт и вербовочный пост. Вербовщик начнёт отсылать по одному новобранцев в форт, пока тот не будет полностью укомплектован. Существует три типа фортов: для пехоты, для лучников и для колесничих; в каждом форте может разместиться до шестнадцати солдат, называемых «отрядом». Если солдаты погибнут в бою, вербовщик пришлёт им на замену новобранцев. Лучники сами делают себе луки и стрелы, но пехотинцев необходимо снабдить копьями с медными наконечниками. Оружейная мастерская из добытой меди может выковать необходимое оружие."
Tutorial/Timna_Step_02_Title,Text,,Наем войск и вооружение солдат
Tutorial/Timna_Step_03_Content,Text,,"При вражеском нападении каждая постройка в городе имеет определённый шанс быть уничтоженной. Чтобы защитить их, нужны стены, башни и ворота. Каждое оборонительное сооружение защищает гражданские постройки в пределах своего радиуса действия. Проверить это вы можете с помощью слоя обороны.
Все постройки, находящиеся внутри полностью окружённой оборонительными сооружениями территории, будут защищены. Для укрепления фортификации вы также можете использовать скалы и даже воду. Используйте ворота для предоставления доступа к Царскому тракту, ведь вашим жителям необходим свободный проход!"
Tutorial/Timna_Step_03_Title,Text,,Оборонительные сооружения
Tutorial/Timna_Step_04_Title,Text,,Битвы и последствия
Walkers/#Barge_Heading,Text,,Направляюсь к городской пристани
Walkers/#Barge_Returning,Text,,Возвращаюсь в свой город
Walkers/#Barge_Waiting,Text,,Ожидаю свободную пристань
Walkers/#Carrier_Empty,Text,,Тележка пуста
Walkers/#Labor_e01,Text,,Я самый популярный в городе человек. Много людей ищет работу.
Walkers/#Labor_e02,Text,,"У меня обширный список мест, где не хватает рук, а я не могу найти им работников."
Walkers/#Labor_g01,Text,,Кругом столько больных. Так и до чумы недалеко!
Walkers/#Labor_g02,Text,,"Помираю от голода. Лучше еду бы искать, а не рабочих."
Walkers/#Labor_g03,Text,,"Городские укрепления такие слабые. Скоро, может, придётся давать работу чужеземцам, а не египтянам."
Walkers/#Labor_g04,Text,,Без свободных рабочих рук моя работа не имеет смысла.
Walkers/#Labor_g05,Text,,"Надеюсь, боги не обрушат на нас свой гнев. Надо больше им поклоняться."
Walkers/#Labor_g06,Text,,"Враги могут напасть в любой момент. Наша репутация пала так низко, что никто нас не уважает."
Walkers/#Labor_g07,Text,,"Столько здоровых людей ищут работу, мне не составит труда заполнить все вакансии."
Walkers/#Labor_g08,Text,,Здесь так скучно. Вот бы нанять побольше артистов.
Walkers/#Labor_g09,Text,,Мне неплохо живётся здесь. Могло быть и хуже.
Walkers/#Labor_g10,Text,,Этот город самый лучший!
Walkers/#Merchant_Heading,Text,,Направляюсь к городскому складу
Walkers/#Merchant_Returning,Text,,Возвращаюсь домой
Walkers/#REED_E01,Text,,Шагаю на болота за нужным тростником.
Walkers/#REED_E02,Text,,Из этого тростника выйдет хороший папирус.
Walkers/#Walker_From,Text,,из
Walkers/#Walker_GoTo,Text,,Иду
Walkers/#antelop_flavor,Text,,Поймайте их раньше львов.
Walkers/#apothecary_e02,Text,,"Похоже, тут нет проблем с малярией."
Walkers/#apothecary_e03,Text,,"Если ничего не предпринять, нас может ждать вспышка малярии."
Walkers/#archer,Text,,Лучник
Walkers/#architect,Text,,Архитектор
Walkers/#artisan_e01,Text,,Без моих художественных талантов строительство монумента не завершить!
Walkers/#artisan_e02,Text,,Я изображаю сцены из истории Египта на стенах царских усыпальниц.
Walkers/#asp_flavor,Text,,"Пока ещё никто не смог подобраться достаточно близко, чтобы подтвердить, что это гадюка."
Walkers/#barge_e01,Text,,"Может, в городе есть на что посмотреть, пока разгружают мой корабль?"
Walkers/#barge_e02,Text,,"Мы ждём груз, который должны доставить на наш корабль."
Walkers/#barge_e03,Text,,"Не знаю, зачем мы приплыли. В этом городе никто не торгует и на берегу смотреть нечего."
Walkers/#barge_e04,Text,,Обожаю торговое дело! Скорее бы уже начать торговаться.
Walkers/#bazaarboy,Text,,Мальчик с базара
Walkers/#bazaarboy_flavor,Text,,"Носит еду и товары для людей, следуя за той госпожой."
Walkers/#bazaarbuyer,Text,,Закупщица с базара
Walkers/#bazaartrader,Text,,Торговка с базара
Walkers/#birds_flavor,Text,,Только лучшие охотники способны поймать этих птиц.
Walkers/#brick_e01,Text,,Для памятника пора класть кирпичи!
Walkers/#brick_e02,Text,,С моими кирпичами этот памятник будет стоять веками.
Walkers/#bricklayer,Text,,Каменщик
Walkers/#caravan,Text,,Караван торговцев из города
Walkers/#caravan_e01,Text,,Наш долгий и опасный путь сюда закончился ничем! В этом городе не ведут торговлю.
Walkers/#caravan_e02,Text,,"Покупай дешёво, продавай дорого — вот мой девиз!"
Walkers/#caravan_e03,Text,,Жизнь торговца — это по мне!
Walkers/#caravan_e04,Text,,"Я стану героем, когда привезу на родину эти товары."
Walkers/#caravan_e05,Text,,"А ты умеешь торговаться, мой друг. Почти в убыток себе продаю."
Walkers/#carpenter,Text,,Плотник
Walkers/#carpenter_e01,Text,,Я нужен на строительстве монумента!
Walkers/#carpenter_e02,Text,,Без моих пандусов и лесов монумент был бы очень низеньким.
Walkers/#cartpusher,Text,,Разносчик
Walkers/#cartpusher_e01,Text,,"Я с места не сдвину эту тележку, пока кто-нибудь не разгрузит её."
Walkers/#cartpusher_e02,Text,,"Никто не принимает эти товары! Ну ничего, отдохну пока."
Walkers/#cartpusher_e03,Text,,Я тащусь с этими товарами через весь город. Это занимает целый день!
Walkers/#charioteer,Text,,Колесничий
Walkers/#citizen,Text,,Житель
Walkers/#constable,Text,,Стражник
Walkers/#criminal,Text,,Преступник
Walkers/#crocodile_flavor,Text,,"Не видно слёз, катящихся по толстой коже."
Walkers/#dancer,Text,,Танцовщица
Walkers/#dancer_e01,Text,,"Публика на празднике такая благодарная, что хочется прыгать ещё выше."
Walkers/#dancer_g01,Text,,"В городе столько заболевших. Надеюсь, я ничего не подцеплю."
Walkers/#dancer_g02,Text,,Ну не могу я прыгать и скакать на пустой живот!
Walkers/#dancer_g03,Text,,Захватчики взяли бы наш город в два счёта. Его вообще ничего не защищает.
Walkers/#dancer_g04,Text,,Опять нет напарницы из-за нехватки рабочих! Ненавижу танцевать в одиночку.
Walkers/#dancer_g05,Text,,"Нам надо умилостивить богов, и поскорее!"
Walkers/#dancer_g06,Text,,"У города репутация хуже, чем у жонглёров! Только бы на нас не напали."
Walkers/#dancer_g07,Text,,"Не будь я такая гибкая, я бы постоянно спотыкалась о безработных!"
Walkers/#dancer_g08,Text,,(Зевает.) Мне нужно развлечься!
Walkers/#dancer_g09,Text,,"Ну, этот город не хуже других, наверное."
Walkers/#dancer_g10,Text,,Просто невероятный город!
Walkers/#deliveryboy,Text,,Мальчик-посыльный
Walkers/#dentist,Text,,Дантист
Walkers/#dentist_g01,Text,,"Люди так боятся чумы, что забывают следить за зубами."
Walkers/#dentist_g02,Text,,"В последнее время мало ем... Как жаль, такие прекрасные зубы остаются без дела."
Walkers/#dentist_g03,Text,,В укреплениях города сплошные дыры. Враги могут захватить нас в два счёта.
Walkers/#dentist_g04,Text,,С работой тут как во рту старика. Полно дырок!
Walkers/#dentist_g05,Text,,Я весьма обеспокоен городской моралью! Нам следует уделять больше внимания богам.
Walkers/#dentist_g06,Text,,От нашей репутации несёт гнилью. На нас могут напасть.
Walkers/#dentist_g07,Text,,Никогда не доводилось видеть столько людей без работы!
Walkers/#dentist_g08,Text,,"Мне скучно! Пойду, что ли, зубы ещё раз почищу..."
Walkers/#dentist_g09,Text,,"Город в неплохом состоянии. Так, всего пара дырочек."
Walkers/#dentist_g10,Text,,У нашего города лучшая улыбка во всем Египте.
Walkers/#disease_e01,Text,,"О-ох, живот! Ох, голова!"
Walkers/#dockpusher_e01,Text,,Мы и так все работаем за двоих. Нам нужно больше помощников.
Walkers/#dockpusher_e02,Text,,"Подожду здесь, пока не освободится место для этого груза."
Walkers/#dockpusher_e03,Text,,Много там ещё? Я уже устал разгружать!
Walkers/#doctor_e01,Text,,Чума может выкосить нас всех в любой момент!
Walkers/#doctor_g01,Text,,"Состояние здоровья жителей настолько плачевное, что я едва что-либо успеваю. И всё равно нам грозит чума."
Walkers/#doctor_g02,Text,,Постоянное голодание вредит здоровью.
Walkers/#doctor_g03,Text,,"Городу бы надо укрепить оборону, чтобы к нам не проникли враги."
Walkers/#doctor_g04,Text,,Я видел много уставших рабочих. Городу нужно больше рабочей силы.
Walkers/#doctor_g05,Text,,"Мне кажется, что мы воздаём богам слишком мало почестей. А это очень опасно."
Walkers/#doctor_g06,Text,,Наша никудышная репутация приглашает врагов напасть на город.
Walkers/#doctor_g07,Text,,Для здоровья вредно сидеть без дела в ожидании работы!
Walkers/#doctor_g08,Text,,"Ко мне люди приходят на приём только потому, что им больше нечем заняться!"
Walkers/#doctor_g09,Text,,"Неплохой у нас город, пожалуй."
Walkers/#doctor_g10,Text,,"Даже не представляю места, где тщательнее следят за здоровьем."
Walkers/#embalmer,Text,,Бальзамировщик
Walkers/#embalmer_e01,Text,,"Похоже, здоровье ухудшается по всему городу."
Walkers/#embalmer_g01,Text,,"Судя по количеству больных, скоро у меня прибавится работы!"
Walkers/#embalmer_g02,Text,,Я голоден! Скоро я стану тоще мумии!
Walkers/#embalmer_g03,Text,,Город плохо укреплён. Враги смогут с лёгкостью нас покорить.
Walkers/#embalmer_g04,Text,,"Если бы я хотел сменить профессию, то с лёгкостью бы это сделал. Сколько открытых вакансий!"
Walkers/#embalmer_g05,Text,,"Боги могут скоро принести смерть в наш город, если не будем воздавать им больше почестей."
Walkers/#embalmer_g06,Text,,Из-за плохой репутации мы можем навлечь на себя верную погибель. Враги могут напасть в любой момент.
Walkers/#embalmer_g07,Text,,"Когда вижу, сколько людей не могут найти работу, то тихо радуюсь, что у меня есть моя."
Walkers/#embalmer_g08,Text,,"Город мертвее, чем тела у меня на столе. Хоть бы какими-то развлечениями оживили нам обстановку."
Walkers/#embalmer_g09,Text,,"Ну, сойдёт. Что тут жить, что в другом городе — невелика разница."
Walkers/#embalmer_g10,Text,,Мне так жаль своих клиентов. Им теперь не суждено наслаждаться жизнью в этом невероятном городе!
Walkers/#emigrant,Text,,Уезжающий
Walkers/#emigrant_e01,Text,,Не могу найти здесь работы. Придётся искать в другом месте.
Walkers/#emigrant_e02,Text,,"Здесь нечего есть. Всё, ноги моей больше не будет в этой пустыне!"
Walkers/#emigrant_e03,Text,,"Здесь просто грабительские налоги. Удивительно, что с меня не взяли налог за выход."
Walkers/#emigrant_e04,Text,,"Я не могу жить на те гроши, что здесь платят."
Walkers/#emigrant_e05,Text,,"В домах слишком много людей. Я не могу жить там, где нет даже своего угла."
Walkers/#engineer_e01,Text,,"В городе так много мест в плачевном состоянии, что я едва справляюсь."
Walkers/#engineer_e02,Text,,"Надеюсь, меня наградят за отличное состояние городских построек."
Walkers/#engineer_g01,Text,,"Здоровье в городе рушится. Надеюсь, до полной катастрофы всё же не дойдёт."
Walkers/#engineer_g02,Text,,"Голод не влияет на состояние построек, но вот на меня очень сильно влияет!"
Walkers/#engineer_g03,Text,,"Как нам защититься, когда в городе смех один, а не укрепления."
Walkers/#engineer_g04,Text,,"Какая разница, рухнут эти здания или нет? Всё равно в них нет рабочих."
Walkers/#engineer_g05,Text,,"Когда боги разгневаются, даже лучший архитектор не сможет ничего починить."
Walkers/#engineer_g06,Text,,"У нашего города настолько низкая репутация, что, боюсь, на нас нападут враги."
Walkers/#engineer_g07,Text,,"По моим расчётам, у многих людей сейчас нет работы."
Walkers/#engineer_g08,Text,,Скукота. Даже архитекторам время от времени хочется повеселиться.
Walkers/#engineer_g09,Text,,Жизнь здесь могла быть куда хуже.
Walkers/#engineer_g10,Text,,"В этом городе есть все, чего пожелает душа архитектора!"
Walkers/#ferryboat,Text,,Паром
Walkers/#festivalpriest,Text,,Жрец на праздниках
Walkers/#fireman_e01,Text,,"Сейчас некогда, надо тушить пожар."
Walkers/#fireman_e02,Text,,"Если не я, то огонь сожжёт весь город!"
Walkers/#fireman_e03,Text,,"Ох, горячо!"
Walkers/#fireman_g01,Text,,"Надеюсь, нам не грозит чума. Она может полыхнуть как дикий пожар."
Walkers/#fireman_g02,Text,,"Даже когда горит пожар, я всё думаю о том, как я голоден."
Walkers/#fireman_g03,Text,,"Если на нас нападут враги, весь город может вспыхнуть, как лучина."
Walkers/#fireman_g04,Text,,Как бы эти полупустые здания не загорелись. Нам нужно больше работников.
Walkers/#fireman_g05,Text,,"Ярость богов может низвергнуться на нас, если мы не будем воздавать им больше почестей."
Walkers/#fireman_g06,Text,,"Как можно допустить, чтобы о тебе пошла такая дурная слава? На неё тут же сбегутся любители лёгкой наживы."
Walkers/#fireman_g07,Text,,У нас появилось столько добровольцев в пожарной охране. Всем этим людям нужна работа.
Walkers/#fireman_g08,Text,,"Пожары тушить — работёнка не из лёгких. Я бы не прочь спустить пар на хорошем представлении, но в городе их не так много."
Walkers/#fireman_g09,Text,,Меня этот город устраивает.
Walkers/#fireman_g10,Text,,Этот город весьма горяч.
Walkers/#firemarshal,Text,,Пожарный
Walkers/#fish,Text,,Рыба
Walkers/#fish_flavor,Text,,"Научите человека ловить рыбу, и он опустошит Нил быстрее, чем вы можете себе представить."
Walkers/#fishing_e01,Text,,"Ещё один отличный денёк для рыбалки. Надеюсь, рыба будет клевать как всегда."
Walkers/#fishing_e02,Text,,"Наши сети полны, но вы бы знали, какая рыбина от нас ушла!"
Walkers/#fishing_e03,Text,,"Быстрее! Пока не разгрузите, мы не сможем вернуться к делу."
Walkers/#fishingboat,Text,,Рыбацкая лодка
Walkers/#frog,Text,,Жаба
Walkers/#frog_flavor,Text,,Земля их произвела множество жаб даже в спальне царей их.
Walkers/#guard_e01,Text,,"Врагов не замечено, но мы все равно на страже."
Walkers/#guard_e02,Text,,Мы готовы уколоть врага словно притаившийся аспид.
Walkers/#guard_e03,Text,,И это войско?! Да мы с этой кучкой оборванцев в два счёта разберёмся.
Walkers/#guard_e04,Text,,"Враги сильны! Я делаю всё возможное, чтобы разбить их."
Walkers/#herbalist,Text,,Аптекарь
Walkers/#hippopotamus_flavor,Text,,"Самые большие, грозные и злобные млекопитающие на земле."
Walkers/#homeless,Text,,Бездомный
Walkers/#hunt_ant_e01,Text,,Антилопам от нас не скрыться!
Walkers/#hunt_ant_e02,Text,,Сегодня у всех на столах будет мясо.
Walkers/#hunt_bird_e01,Text,,Птицы такие коварные. Чуть что — сразу улетают.
Walkers/#hunt_bird_e02,Text,,"Какие красивые птички, так и просятся на вертел!"
Walkers/#hunt_ostrich_e01,Text,,"Когда страус прячет голову в песок, он становится практически незаметным."
Walkers/#hunt_ostrich_e02,Text,,Вот это я понимаю ножки!
Walkers/#hunter,Text,,Охотник
Walkers/#hyena_flavor,Text,,Гиены обычно не отходят далеко от своего логова без особых причин. Зазевавшийся прохожий — одна из них.
Walkers/#immigrant,Text,,Приезжий
Walkers/#immigrant_e01,Text,,"Я здесь недавно. Интересно, что город может предложить для таких, как я?"
Walkers/#immigrant_e02,Text,,"Слышал, здесь есть работа для любого, кому она нужна."
Walkers/#immigrant_e03,Text,,"Говорят, что в этом городе еды хватает всем."
Walkers/#infantry,Text,,Пехотинец
Walkers/#juggler,Text,,Жонглёр
Walkers/#juggler_e01,Text,,Обожаю выступать на праздниках. Все такие счастливые!
Walkers/#juggler_g01,Text,,"Первый раз вижу столько больных людей. Надеюсь, нас не настигнет чума."
Walkers/#juggler_g02,Text,,"Сложно ловить кегли, когда корчишься в три погибели от голода."
Walkers/#juggler_g03,Text,,"Может, я смогу отбиться от врагов своими кеглями? Больше-то город защитить некому."
Walkers/#juggler_g04,Text,,"Вижу повсюду свободные места! Может, и мне найти подработку?"
Walkers/#juggler_g05,Text,,"Я жду худшего. Боги, наверное, считают, что мы совсем о них позабыли."
Walkers/#juggler_g06,Text,,"Даже у меня не такая плохая репутация, как у города. Надеюсь, на нас никто не нападёт."
Walkers/#juggler_g07,Text,,"Жалко, что у нас в городе так плохо с работой. Мне никто из зрителей даже заплатить не может."
Walkers/#juggler_g08,Text,,Я умею только жонглировать. Городу нужно больше других артистов.
Walkers/#juggler_g09,Text,,Наш город не так уж плох.
Walkers/#juggler_g10,Text,,Всю жизнь бы здесь жонглировать.
Walkers/#laborer,Text,,Чернорабочий
Walkers/#librarian,Text,,Библиотекарь
Walkers/#library_g01,Text,,"Люди хворают. В моих лекарских папирусах написано, что болезни так могут скоро перерасти в чуму!"
Walkers/#library_g02,Text,,Меня снедает голод. На пустой желудок трудно таскать свитки.
Walkers/#library_g03,Text,,"Даже самый недалёкий враг догадается, как преодолеть нашу оборону!"
Walkers/#library_g04,Text,,"Если в скором времени не появится больше рабочих, город может сильно пострадать."
Walkers/#library_g05,Text,,"Литература приводит немало примеров, какими мстительными могут быть оскорбленные боги."
Walkers/#library_g06,Text,,"История показывает, что такие города, как наш, платят высокую цену за опороченную репутацию."
Walkers/#library_g07,Text,,"В городе слишком много безработных людей. По крайней мере, у них есть время на чтение."
Walkers/#library_g08,Text,,Иногда моим глазам нужен отдых от иероглифов. Я хочу увидеть выступление!
Walkers/#library_g09,Text,,"Город сравним с другими, о которых я читал."
Walkers/#library_g10,Text,,"Это лучший город из всех, что знала история!"
Walkers/#lion_flavor,Text,,Просто большой кот. И по совместительству — царь зверей.
Walkers/#locust,Text,,Саранча
Walkers/#locust_flavor,Text,,"Сказал, и пришла саранча и гусеницы без числа."
Walkers/#lumberjack,Text,,Дровосек
Walkers/#magistrate,Text,,Магистрат
Walkers/#magistrate_e02,Text,,"Надеюсь, когда наступит мой час, то меня проводят с почестями."
Walkers/#magistrate_e03,Text,,В суде все тихо. У нас нет преступности.
Walkers/#magistrate_e04,Text,,Мне достаются только мелкие дела. Ничего серьёзного!
Walkers/#magistrate_e05,Text,,"Я едва справляюсь с делами, а на улицах города всё равно опасно."
Walkers/#magistrate_g01,Text,,Город совсем не заботится о здоровье жителей. Такое преступление карается чумой.
Walkers/#magistrate_g02,Text,,"Я настолько голоден, что за миску похлёбки выдам любое решение."
Walkers/#magistrate_g03,Text,,Какие жалкие укрепления! Просто подходи и бери нас.
Walkers/#magistrate_g04,Text,,Никогда прежде не видел столько открытых вакансий!
Walkers/#magistrate_g05,Text,,"Боги обвинят нас в непочтительности, если не начнём усерднее им поклоняться."
Walkers/#magistrate_g06,Text,,"Нашему городу присуждено звание одного из худших в Царстве. Боюсь даже думать о том, какое нас ждёт наказание."
Walkers/#magistrate_g07,Text,,"У безработных слишком много свободного времени, а это чревато."
Walkers/#magistrate_g08,Text,,Город виновен в плохой организации развлечений!
Walkers/#magistrate_g09,Text,,"В городе поддерживается баланс: ничего слишком хорошего, но и ничего слишком плохого."
Walkers/#magistrate_g10,Text,,Провозглашаю этот город лучшим.
Walkers/#marketboy_e01,Text,,Эти корзины слишком тяжелы для такого ребёнка как я!
Walkers/#marketboy_e02,Text,,Эта крикливая тётка заставляет весь день таскать тяжести!
Walkers/#marketboy_e03,Text,,"Может, сегодня я просто таскаю корзины, но будет день, когда я буду управлять целым базаром."
Walkers/#mkt_buyer_e01,Text,,"Базару нужны товары, и я их достану."
Walkers/#mkt_buyer_e02,Text,,Эти товары будут отличным дополнением на базаре.
Walkers/#mkt_buyer_g01,Text,,"Столько заболевших. Надеюсь, скоро они выздоровеют, иначе не миновать нам чумы."
Walkers/#mkt_buyer_g02,Text,,"Я умираю от голода. Все покупатели приходят ко мне за едой, а я и себя-то прокормить не могу."
Walkers/#mkt_buyer_g03,Text,,Наши укрепления развалятся от любого чиха. Нас сейчас может захватить кто угодно.
Walkers/#mkt_buyer_g04,Text,,"Буду предельно милой к своим помощникам. В городе так много вакансий, как бы они все не разбежались."
Walkers/#mkt_buyer_g05,Text,,"Если не воздадим скорее почести богам, они нас точно покарают."
Walkers/#mkt_buyer_g06,Text,,"Как можно допустить, чтобы репутация так скатилась? Скоро мы за это заплатим большую цену."
Walkers/#mkt_buyer_g07,Text,,"Мне повезло, что у меня есть работа. Я знаю столько людей, у которых её нет."
Walkers/#mkt_buyer_g08,Text,,Здесь не происходит абсолютно ничего. Хоть бы выступления какие провели.
Walkers/#mkt_buyer_g09,Text,,Я не буду жаловаться на город... Хотя мне есть что сказать.
Walkers/#mkt_buyer_g10,Text,,Лучше города не бывает!
Walkers/#mkt_seller_e01,Text,,Товары разлетаются как горячие пирожки! Я возвращаюсь назад на базар за добавкой.
Walkers/#mkt_seller_e02,Text,,Я стараюсь обеспечить людей всем необходимым.
Walkers/#mule,Text,,Мул
Walkers/#mule_flavor,Text,,"Они тащили гранитные блоки по пустыне, а ваш город отказался торговать. И вы даже не услышите их возмущений."
Walkers/#mummy,Text,,Мумия
Walkers/#mummy_flavor,Text,,Забальзамированные тела дарят лучшие ночные кошмары.
Walkers/#musician,Text,,Музыкант
Walkers/#musician_e01,Text,,Обожаю праздники! Мне все подпевают.
Walkers/#musician_g01,Text,,"Если здоровье жителей не улучшится, мне придётся играть только на похоронах."
Walkers/#musician_g02,Text,,"Спою вам, если покормите, но в городе вообще нет еды."
Walkers/#musician_g03,Text,,"Может, мне бить врагов систрой? Город так слабо защищён."
Walkers/#musician_g04,Text,,"В городе слишком мало работников, даже мне приходится петь соло."
Walkers/#musician_g05,Text,,"Надеюсь, моя музыка успокоит богов. Иначе скоро на нас обрушится их гнев."
Walkers/#musician_g06,Text,,На нас могут напасть из-за нашей ужасной репутации!
Walkers/#musician_g07,Text,,Ещё раз повторяю: мне не нужны помощники! Люди готовы взяться за любую работу.
Walkers/#musician_g08,Text,,Даже артисту иногда нужны развлечения! В городе так скучно.
Walkers/#musician_g09,Text,,"Ну, в этом городе могло быть и хуже, полагаю."
Walkers/#musician_g10,Text,,"Надеюсь, мы ещё долго сможем сочинять тут красивую музыку."
Walkers/#ostrich_flavor,Text,,"Едва спрятав голову в песок, становится невидим человеческому глазу."
Walkers/#physician,Text,,Лекарь
Walkers/#plaguedcitizen,Text,,Чумной житель
Walkers/#police_e01,Text,,Здесь все очень дружелюбные. Никто не сообщает о преступлениях.
Walkers/#police_e02,Text,,"То тут, то там что-то случается, но ничего серьёзного."
Walkers/#police_e03,Text,,Даже мне не нравится ходить по этой части города!
Walkers/#police_e04,Text,,У меня сейчас нет времени на разговоры. Попробуйте позже.
Walkers/#police_e05,Text,,"Стараюсь как могу, чтобы сделать наш город безопаснее!"
Walkers/#police_e06,Text,,За сражения с захватчиками мне не платят!
Walkers/#police_e07,Text,,"Пока я на посту, этим шакалам не захватить наш город!"
Walkers/#police_e08,Text,,"Враг скоро победит, если мне не придёт подмога!"
Walkers/#police_g01,Text,,"Столько людей ослабло и болеет, что я боюсь за наше будущее."
Walkers/#police_g02,Text,,"Я так давно не ел, что даже начинаю подумывать о краже еды!"
Walkers/#police_g03,Text,,"Если захватчики придут, видимо, защищать город придётся мне."
Walkers/#police_g04,Text,,"Если бы мне пришлось бросить свою любимую работу, то другую найти не составило бы труда."
Walkers/#police_g05,Text,,На месте правителей я бы больше возносил почестей богам.
Walkers/#police_g06,Text,,"Говорят, что наш город — лакомый кусок для захватчиков, потому что о нас ходит дурная слава."
Walkers/#police_g07,Text,,"Не нравится мне видеть столько безработных на улицах. И шагу пройти не можешь, постоянно об них спотыкаешься!"
Walkers/#police_g08,Text,,"Скучный у нас город, не на что поглазеть. Не могу найти хорошего выступления."
Walkers/#police_g09,Text,,"Да, наш город не самый лучший, но какой тогда лучший?"
Walkers/#police_g10,Text,,"Ещё бы пончики на базаре продавались, и тогда бы всё было идеально."
Walkers/#priest,Text,,Жрец
Walkers/#priest_bast_e01,Text,,Баст любит хорошие праздники.
Walkers/#priest_bast_e02,Text,,Люди в городе крайне несчастны. Скоро они могут ступить на кривую дорожку.
Walkers/#priest_bast_e03,Text,,"Что же делать жрице, когда даже развлечься нечем?"
Walkers/#priest_bast_e04,Text,,"Баст дарует мне силу излечить больных, пока они не передали свой недуг другим."
Walkers/#priest_bast_g01,Text,,"Баст рыдает от вида стольких больных людей. Надеюсь, хоть чума обойдёт нас стороной."
Walkers/#priest_bast_g02,Text,,В городе сложно найти еду. Все страдают от голода.
Walkers/#priest_bast_g03,Text,,Плачевное состояние городских укреплений так и зазывает врагов напасть на нас.
Walkers/#priest_bast_g04,Text,,Наш город долго не протянет без достаточного числа работников.
Walkers/#priest_bast_g05,Text,,Боги отворачиваются от нашего города. Следует более истово почитать их.
Walkers/#priest_bast_g06,Text,,Репутация города пала так низко. В любой момент у наших ворот могут появиться захватчики.
Walkers/#priest_bast_g07,Text,,Даже Баст не в силах облегчить терзания стольких безработных.
Walkers/#priest_bast_g08,Text,,Баст в ужасе от отсутствия развлечений в городе.
Walkers/#priest_bast_g09,Text,,Наш город не так уж плох.
Walkers/#priest_bast_g10,Text,,Этот город самый великий!
Walkers/#priest_osiris_e01,Text,,Праздники греют сердце Осириса.
Walkers/#priest_osiris_e02,Text,,Осирис может покарать плохим разливом за непочтительное поведение.
Walkers/#priest_osiris_g01,Text,,"В городе шагу нельзя ступить, чтобы не наткнуться на больного. Надеюсь, нас не ждёт чума."
Walkers/#priest_osiris_g02,Text,,Жрецам Осириса не подобает страдать от голода!
Walkers/#priest_osiris_g03,Text,,"Наш город практически беззащитен. Надеюсь, на нас никто не нападёт."
Walkers/#priest_osiris_g04,Text,,Без работников мы не сможем воздать должные почести Осирису.
Walkers/#priest_osiris_g05,Text,,Не только Осириса может разозлить неучтивое отношение.
Walkers/#priest_osiris_g06,Text,,Над нашим городом потешается весь Египет. Нас сейчас практически любой захватит.
Walkers/#priest_osiris_g07,Text,,"Безработица — это серьёзная проблема. Надеюсь, скоро появится больше рабочих мест."
Walkers/#priest_osiris_g08,Text,,Даже жрецу одних молитв для развлечения недостаточно.
Walkers/#priest_osiris_g09,Text,,Этот город вполне приемлемый.
Walkers/#priest_osiris_g10,Text,,"Осирис гордится тем, что его почитают в таком прекрасном городе."
Walkers/#priest_ptah_e01,Text,,"Птах знает, что праздники делают рабочих счастливее."
Walkers/#priest_ptah_e02,Text,,Направляющая длань Птаха не будет всё делать за нас. Мастерским нужны рабочие!
Walkers/#priest_ptah_g01,Text,,"Плохое здоровье людей может привести к чуме, если условия в городе не улучшатся."
Walkers/#priest_ptah_g02,Text,,Бурчание пустого живота мешает воздавать почести Птаху.
Walkers/#priest_ptah_g03,Text,,"Наша дырявая оборона долго не продержится, если на город нападут."
Walkers/#priest_ptah_g04,Text,,"Птах опечален тем, что многие мастерские простаивают из-за нехватки рабочих рук."
Walkers/#priest_ptah_g05,Text,,"Боги могут покарать нас, если город продолжит их игнорировать."
Walkers/#priest_ptah_g06,Text,,Дурная слава нашего города может привлечь захватчиков.
Walkers/#priest_ptah_g07,Text,,"Птах желает, чтобы все безработные города нашли достойное занятие."
Walkers/#priest_ptah_g08,Text,,"Мне, как и простым людям, тоже хочется временами отдохнуть. Жаль, что городе так мало артистов."
Walkers/#priest_ptah_g09,Text,,"Здесь, конечно, есть проблемы, но это все равно хороший город."
Walkers/#priest_ptah_g10,Text,,Это самый правильно построенный город во всем Египте!
Walkers/#priest_ra_e01,Text,,"Ра любит смотреть, как его последователи веселятся."
Walkers/#priest_ra_e02,Text,,Всему Царству стыдно за наш город.
Walkers/#priest_ra_g01,Text,,"Прихожане храма выглядят хворыми. Надеюсь, болезни не разойдутся по всему городу."
Walkers/#priest_ra_g02,Text,,"У меня нет еды, не могу прокормить ни Ра, ни себя!"
Walkers/#priest_ra_g03,Text,,"Лучше бы наш город защищал Ра. Мне кажется, что город с этим не справляется."
Walkers/#priest_ra_g04,Text,,"Надеюсь, город сможет восполнить недостаток рабочей силы. Иначе службы могут пострадать."
Walkers/#priest_ra_g05,Text,,Городу следует больше почитать богов.
Walkers/#priest_ra_g06,Text,,Репутация — дело важное. Без неё город могут захватить враги.
Walkers/#priest_ra_g07,Text,,"Мне ещё никогда раньше не приходилось слышать, чтобы так много людей молили Ра найти им работу."
Walkers/#priest_ra_g08,Text,,"Мне нужно больше развлечений. Целыми днями ублажать Ра — задача не из лёгких, и мне нужен отдых."
Walkers/#priest_ra_g09,Text,,Каких-то серьёзных жалоб на город у меня нет.
Walkers/#priest_ra_g10,Text,,Лучше нашего города только на полях Иалу.
Walkers/#priest_seth_e01,Text,,Даже воинам Сета время от времени нужен праздник.
Walkers/#priest_seth_e02,Text,,На горизонте слава! К городу приближаются враги.
Walkers/#priest_seth_g01,Text,,"Если здоровье людей не улучшится, нас всех может выкосить чума."
Walkers/#priest_seth_g02,Text,,Весь день сражаюсь с собственным голодом. Мне нужно больше еды.
Walkers/#priest_seth_g03,Text,,"В бою придётся полагаться на защиту Сета, потому что город сам себя не защитит."
Walkers/#priest_seth_g04,Text,,Службы страдают от нехватки рабочих!
Walkers/#priest_seth_g05,Text,,Городу пора перестать своим бездействием навлекать на себя гнев богов.
Walkers/#priest_seth_g06,Text,,"Скоро мы узнаем, как низко ценят нас в других городов, когда их войска ворвутся к нам и сровняют тут всё с землёй."
Walkers/#priest_seth_g07,Text,,Армии безработных наводнили улицы.
Walkers/#priest_seth_g08,Text,,"Даже не верится, что в городе может быть настолько скучно!"
Walkers/#priest_seth_g09,Text,,Этот город меня вполне устраивает.
Walkers/#priest_seth_g10,Text,,Нашему городу нет равных во всем Египте!
Walkers/#reedgatherer,Text,,Сборщик тростника
Walkers/#robber_e01,Text,,"Золото должно принадлежать живым, а не мертвецам!"
Walkers/#robber_e02,Text,,"Как же я разбогатею, когда продам эти сокровища!"
Walkers/#scorpion_flavor,Text,,"Говорят, размер не имеет значения."
Walkers/#scribe,Text,,Писец
Walkers/#scribe_e01,Text,,"Праздники стали бы куда приятней, если бы на них пускали только по приглашениям."
Walkers/#scribe_g01,Text,,"Чума может начаться в любой момент! Надеюсь, дальше бедных кварталов она не уйдёт!"
Walkers/#scribe_g02,Text,,"Это возмутительно, почему человек моего ранга должен страдать от голода!"
Walkers/#scribe_g03,Text,,"Не думаю, что город выстоит под нападением, а ведь я рискую столько всего потерять."
Walkers/#scribe_g04,Text,,"Разве эта жалкая горстка рабочих может как следует исполнять всё, что мне требуется?"
Walkers/#scribe_g05,Text,,"Со мной обращаются лучше, чем с богами! Надеюсь, они не покарают нас за это."
Walkers/#scribe_g06,Text,,"Мне стыдно здесь жить. Надеюсь, враги не воспользуются нашей ужасной репутацией!"
Walkers/#scribe_g07,Text,,Сколько бездельников! Почему они не хотят работать?
Walkers/#scribe_g08,Text,,"Как мне жить роскошной жизнью, когда тут и развлечений-то нет?"
Walkers/#scribe_g09,Text,,"Ну, полагаю, город проходит проверку."
Walkers/#scribe_g10,Text,,Это самый лучший город!
Walkers/#senet_e01,Text,,"А вот кому пива! Тёплого, освежающего, без пены, без осадка!"
Walkers/#senet_g01,Text,,Здоровье людей под угрозой. Риск чумы очень велик.
Walkers/#senet_g02,Text,,"Я голодный как гиппопотам, но в городе вообще нет еды."
Walkers/#senet_g03,Text,,Надо обучиться искусству войны. С такими хлипкими укреплениями на нас вполне могут напасть.
Walkers/#senet_g04,Text,,Нехватка рабочих может обернуться серьёзными проблемами для города.
Walkers/#senet_g05,Text,,"Сказать по правде, я бы ни за что не стал так плохо относиться к богам."
Walkers/#senet_g06,Text,,Репутация города в лучшем случае сомнительная. На нас могут напасть.
Walkers/#senet_g07,Text,,Для большинства людей найти работу в городе — это напрасная трата времени.
Walkers/#senet_g08,Text,,"Властям давно пора уяснить, как городу не хватает развлечений!"
Walkers/#senet_g09,Text,,Мне не стыдно здесь жить.
Walkers/#senet_g10,Text,,Этот город навеки в моем сердце. Жить здесь — настоящее счастье!
Walkers/#senetplayer,Text,,Игрок в сенет
Walkers/#sentry,Text,,Дозорный
Walkers/#stone_e01,Text,,Я иду к монументу обтёсывать камни.
Walkers/#stone_e02,Text,,Моя работа прослужит века.
Walkers/#taxcollector,Text,,Сборщик налогов
Walkers/#taxman_e01,Text,,"Город мог бы приносить доходы куда значительней, будь в нём больше сборщиков налогов."
Walkers/#taxman_e02,Text,,"Похоже, что чем богаче дом, тем больше люди жалуются на налоги."
Walkers/#taxman_e03,Text,,Терпеть не могу собирать налоги с этих лачуг. Только время на них тратишь.
Walkers/#taxman_g01,Text,,"Похоже, болезнь обложило данью здоровье людей. Молюсь богам, чтобы не пришла чума."
Walkers/#taxman_g02,Text,,Вот бы налоги платили едой. Я так голоден!
Walkers/#taxman_g03,Text,,"Не похоже, что наш город сможет защититься!"
Walkers/#taxman_g04,Text,,Никакие налоги не смогут наладить городскую жизнь. Нужно больше рабочих!
Walkers/#taxman_g05,Text,,"Мы в большом долгу перед богами, и скоро они придут забрать свою дань."
Walkers/#taxman_g06,Text,,"Говорят, что вот-вот случится вторжение, учитывая, что о нас думает весь Египет."
Walkers/#taxman_g07,Text,,Во многих домах сидят безработные! Из чего им тогда платить налоги?
Walkers/#taxman_g08,Text,,"Как бы мне ни нравилось собирать налоги, иногда душа просит развлечений от профессиональных артистов."
Walkers/#taxman_g09,Text,,Жизнь тут неплохая.
Walkers/#taxman_g10,Text,,Я хочу жить здесь и нигде больше!
Walkers/#teacher,Text,,Учитель
Walkers/#teacher_e01,Text,,На празднике можно многое узнать о человеческой природе.
Walkers/#teacher_g01,Text,,"Вскоре город поймёт, что плохое здоровье может привести к ужасной чуме."
Walkers/#teacher_g02,Text,,"Мой разум насыщен знаниями, но тело жаждет пищи."
Walkers/#teacher_g03,Text,,Захватчикам не составит труда снести наши хлипкие укрепления!
Walkers/#teacher_g04,Text,,Недостаток рабочих сказывается на всех сторонах городской жизни.
Walkers/#teacher_g05,Text,,Святотатство городских властей может прогневить богов!
Walkers/#teacher_g06,Text,,"Ах, репутация... Наша настолько скандальна, что может спровоцировать нападение."
Walkers/#teacher_g07,Text,,Даже образованием не решить проблему городской безработицы.
Walkers/#teacher_g08,Text,,"Скучный, безрадостный, монотонный, дремотный, серый. Всё это можно сказать о нашем городе."
Walkers/#teacher_g09,Text,,Этот город средний во всём.
Walkers/#teacher_g10,Text,,Я даю нашему городу высшую оценку!
Walkers/#thief_e01,Text,,"Если украсть из его казны, может тогда он зачешет свою фальшивую бороду!"
Walkers/#thief_e02,Text,,Я беру что хочу! И не пытайтесь меня остановить!
Walkers/#thief_e03,Text,,"Воровство куда прибыльнее, чем любая другая работа в этом городе!"
Walkers/#thief_e04,Text,,"Моё, моё, моё. Тут всё моё!"
Walkers/#tombartisan,Text,,Художник
Walkers/#tradeship,Text,,Торговый корабль из города
Walkers/#transport_e01,Text,,Гребите сильнее! Наш корабль нужно защитить любой ценой!
Walkers/#transport_e02,Text,,Враги здесь! Всем приготовиться к развороту.
Walkers/#transport_e03,Text,,Только попробуйте напасть! Мы готовы.
Walkers/#transport_e04,Text,,"Мы готовы служить, если будет нужда."
Walkers/#transportship,Text,,Транспортный корабль
Walkers/#vagrant_e01,Text,,"Меня выгнали из собственного дома, причём ни за что."
Walkers/#vagrant_e02,Text,,Не могу найти места для жилья!
Walkers/#warship,Text,,Военный корабль
Walkers/#warship_e01,Text,,Мы будем защищать наш город до конца!
Walkers/#warship_e02,Text,,"Враг слишком силён! Если сейчас отступим, в другой раз сможем им отомстить."
Walkers/#warship_e03,Text,,Враги идут сюда!
Walkers/#warship_e04,Text,,"Мы опасны, как крокодилы, и готовы сразить любого захватчика, пусть только осмелится появиться."
Walkers/#warship_e05,Text,,"Когда враги придут, если вообще придут, мы будем готовы."
Walkers/#water_g01,Text,,"Боюсь даже ступать в некоторые кварталы. Там столько больных, а мне не хочется ничем заразиться."
Walkers/#water_g02,Text,,Меня так ослабил голод. Скоро упаду под весом своих вёдер.
Walkers/#water_g03,Text,,"Похоже, что если на город нападут, защищать его придётся мирным жителям."
Walkers/#water_g04,Text,,Кругом столько работы и так мало рабочих рук.
Walkers/#water_g05,Text,,"Будь я богом, я бы ни за что не стерпел подобной непочтительности к себе."
Walkers/#water_g06,Text,,"Ходят слухи, что в других городах потешаются над нами и хотят нас захватить."
Walkers/#water_g07,Text,,Во время доставки мне попадается так много безработных.
Walkers/#water_g08,Text,,Носить воду — занятие не слишком весёлое. Вот бы у нас были какие-то развлечения.
Walkers/#water_g09,Text,,"Мне нравится здесь жить, но будь моя воля, я бы кое-что поменял."
Walkers/#water_g10,Text,,На всей земле нет города лучше нашего.
Walkers/#watercarrier,Text,,Водонос
Walkers/#woodcutter_e01,Text,,Иду рубить бревна от рассвета до заката.
Walkers/#woodcutter_e02,Text,,Этому дереву найдётся хорошее применение.
Walkers/#worker,Text,,Рабочий
Walkers/#worker_e02,Text,,Готов к труду!
Walkers/#worker_e03,Text,,"Разлив закрыл поля, и теперь я работаю ради вечной славы."
Walkers/#worker_g01,Text,,"Столько людей болеет. Надеюсь, хотя бы не станет хуже."
Walkers/#worker_g02,Text,,Очень хочется есть. Трудно работать с пустым брюхом.
Walkers/#worker_g03,Text,,"Надеюсь, враги не подозревают, как легко нас разбить."
Walkers/#worker_g04,Text,,"Работы кругом полно! Может, получится устроиться в пожарную команду!"
Walkers/#worker_g05,Text,,"Надеюсь, боги не прогневаются на нас."
Walkers/#worker_g06,Text,,"Говорят, у нашего города плохая репутация. На нас ведь тогда могут напасть!"
Walkers/#worker_g07,Text,,Я буду держаться за эту работу руками и ногами. Слишком много сейчас людей не могут найти вообще ничего.
Walkers/#worker_g08,Text,,Я только работаю и работаю. А больше в этом городе и делать нечего.
Walkers/#worker_g09,Text,,"Мне здесь нравится, но всегда найдётся что улучшить."
Walkers/#worker_g10,Text,,"Надеюсь, я проживу тут всю жизнь!"
Walkers/#zookeeper,Text,,Смотритель зоопарка
Walkers/#zookeeper_e01,Text,,"Риск заболевания такой высокий, что даже гогочущие гиены погрустнели."
Walkers/#zookeeper_e02,Text,,"Как нам кормить животных, когда мы себя-то прокормить не можем?"
Walkers/#zookeeper_e03,Text,,"Наши защитники — это одно название. Может, мне выдрессировать боевого гиппопотама?"
Walkers/#zookeeper_e04,Text,,"Даже слон не помнит времён, когда настолько не хватало рабочих."
Walkers/#zookeeper_e05,Text,,"Когда боги гневаются, не стоит вытягивать шею как жираф!"
Walkers/#zookeeper_e06,Text,,"Фараон так недоволен. Надеюсь, мои животные не пойдут на диковинный подарок."
Walkers/#zookeeper_e07,Text,,"Проще поймать дикого льва, чем найти работу в этом городе."
Walkers/#zookeeper_e08,Text,,"В городе так уныло, что даже от вонючих обезьяньих клеток больше развлечения."
Walkers/#zookeeper_e09,Text,,"Ну, тут, конечно, жизнь получше, чем в клетке у льва."
Walkers/#zookeeper_e10,Text,,"Я доволен как слон, что живу в таком прекрасном городе."
Walkers/Antelope,Text,,Антилопа
Walkers/Birds,Text,,Птицы
Walkers/Ostrich,Text,,Страус
Walkers/Predator/Asp,Text,,Аспид
Walkers/Predator/Crocodile,Text,,Крокодил
Walkers/Predator/Hippopotamus,Text,,Гиппопотам
Walkers/Predator/Hyena,Text,,Гиена
Walkers/Predator/Lion,Text,,Лев
Walkers/Predator/Scorpion,Text,,Скорпион
